<?xml version='1.0' encoding='utf-8'?>
<!DOCTYPE metadata>
<metadata>
  <statement method='com.ibm.daimler.dsea.entityObject.XAddressGroupExtInquiryData#getPartyAddressesActive(Object[])'>
    <parameters>
      <parameter>
        <parameterMode>parameterModeIn</parameterMode>
        <jdbcType>BIGINT</jdbcType>
        <precision>19</precision>
      </parameter>
      <parameter>
        <parameterMode>parameterModeIn</parameterMode>
        <jdbcType>TIMESTAMP</jdbcType>
      </parameter>
    </parameters>
    <columns>
      <column>
        <label>LOCATION_GROUP_ID</label>
        <tableName>ADDRESSGROUP</tableName>
        <jdbcType>BIGINT</jdbcType>
        <precision>19</precision>
      </column>
      <column>
        <label>ADDRESS_ID</label>
        <tableName>ADDRESSGROUP</tableName>
        <jdbcType>BIGINT</jdbcType>
        <precision>19</precision>
      </column>
      <column>
        <label>CARE_OF_DESC</label>
        <tableName>ADDRESSGROUP</tableName>
        <jdbcType>VARCHAR</jdbcType>
        <precision>50</precision>
      </column>
      <column>
        <label>ADDR_USAGE_TP_CD</label>
        <tableName>ADDRESSGROUP</tableName>
        <jdbcType>BIGINT</jdbcType>
        <precision>19</precision>
      </column>
      <column>
        <label>LAST_UPDATE_DT</label>
        <tableName>ADDRESSGROUP</tableName>
        <jdbcType>TIMESTAMP</jdbcType>
      </column>
      <column>
        <label>LAST_UPDATE_USER</label>
        <tableName>ADDRESSGROUP</tableName>
        <jdbcType>VARCHAR</jdbcType>
        <precision>20</precision>
      </column>
      <column>
        <label>LAST_UPDATE_TX_ID</label>
        <tableName>ADDRESSGROUP</tableName>
        <jdbcType>BIGINT</jdbcType>
        <precision>19</precision>
      </column>
      <column>
        <label>LOCATION_GROUP_ID</label>
        <tableName>LOCATIONGROUP</tableName>
        <jdbcType>BIGINT</jdbcType>
        <precision>19</precision>
      </column>
      <column>
        <label>UNDEL_REASON_TP_CD</label>
        <tableName>LOCATIONGROUP</tableName>
        <jdbcType>BIGINT</jdbcType>
        <precision>19</precision>
      </column>
      <column>
        <label>CONT_ID</label>
        <tableName>LOCATIONGROUP</tableName>
        <jdbcType>BIGINT</jdbcType>
        <precision>19</precision>
      </column>
      <column>
        <label>MEMBER_IND</label>
        <tableName>LOCATIONGROUP</tableName>
        <jdbcType>VARCHAR</jdbcType>
      </column>
      <column>
        <label>PREFERRED_IND</label>
        <tableName>LOCATIONGROUP</tableName>
        <jdbcType>VARCHAR</jdbcType>
      </column>
      <column>
        <label>SOLICIT_IND</label>
        <tableName>LOCATIONGROUP</tableName>
        <jdbcType>VARCHAR</jdbcType>
      </column>
      <column>
        <label>LOC_GROUP_TP_CODE</label>
        <tableName>LOCATIONGROUP</tableName>
        <jdbcType>VARCHAR</jdbcType>
      </column>
      <column>
        <label>EFFECT_START_MMDD</label>
        <tableName>LOCATIONGROUP</tableName>
        <jdbcType>INTEGER</jdbcType>
        <precision>10</precision>
      </column>
      <column>
        <label>EFFECT_END_MMDD</label>
        <tableName>LOCATIONGROUP</tableName>
        <jdbcType>INTEGER</jdbcType>
        <precision>10</precision>
      </column>
      <column>
        <label>EFFECT_START_TM</label>
        <tableName>LOCATIONGROUP</tableName>
        <jdbcType>INTEGER</jdbcType>
        <precision>10</precision>
      </column>
      <column>
        <label>EFFECT_END_TM</label>
        <tableName>LOCATIONGROUP</tableName>
        <jdbcType>INTEGER</jdbcType>
        <precision>10</precision>
      </column>
      <column>
        <label>START_DT</label>
        <tableName>LOCATIONGROUP</tableName>
        <jdbcType>TIMESTAMP</jdbcType>
      </column>
      <column>
        <label>END_DT</label>
        <tableName>LOCATIONGROUP</tableName>
        <jdbcType>TIMESTAMP</jdbcType>
      </column>
      <column>
        <label>LAST_UPDATE_DT</label>
        <tableName>LOCATIONGROUP</tableName>
        <jdbcType>TIMESTAMP</jdbcType>
      </column>
      <column>
        <label>LAST_UPDATE_USER</label>
        <tableName>LOCATIONGROUP</tableName>
        <jdbcType>VARCHAR</jdbcType>
        <precision>20</precision>
      </column>
      <column>
        <label>LAST_UPDATE_TX_ID</label>
        <tableName>LOCATIONGROUP</tableName>
        <jdbcType>BIGINT</jdbcType>
        <precision>19</precision>
      </column>
      <column>
        <label>LAST_USED_DT</label>
        <tableName>LOCATIONGROUP</tableName>
        <jdbcType>TIMESTAMP</jdbcType>
      </column>
      <column>
        <label>LAST_VERIFIED_DT</label>
        <tableName>LOCATIONGROUP</tableName>
        <jdbcType>TIMESTAMP</jdbcType>
      </column>
      <column>
        <label>SOURCE_IDENT_TP_CD</label>
        <tableName>LOCATIONGROUP</tableName>
        <jdbcType>BIGINT</jdbcType>
        <precision>19</precision>
      </column>
      <column>
        <label>XVERIFIED_TP_CD</label>
        <tableName>ADDRESSGROUP</tableName>
        <jdbcType>BIGINT</jdbcType>
        <precision>19</precision>
      </column>
      <column>
        <label>XRETAILER_ID</label>
        <tableName>ADDRESSGROUP</tableName>
        <jdbcType>BIGINT</jdbcType>
        <precision>19</precision>
      </column>
      <column>
        <label>XMODIFY_SYS_DT</label>
        <tableName>ADDRESSGROUP</tableName>
        <jdbcType>TIMESTAMP</jdbcType>
      </column>
      <column>
        <label>XADDR_RETAILER_FLAG</label>
        <tableName>ADDRESSGROUP</tableName>
        <jdbcType>VARCHAR</jdbcType>
        <precision>5</precision>
      </column>
      <column>
        <label>TITLE_OF_HONOR</label>
        <tableName>ADDRESSGROUP</tableName>
        <jdbcType>VARCHAR</jdbcType>
        <precision>255</precision>
      </column>
      <column>
        <label>COMPANY_NAME</label>
        <tableName>ADDRESSGROUP</tableName>
        <jdbcType>VARCHAR</jdbcType>
        <precision>255</precision>
      </column>
      <column>
        <label>SFAddress_Id</label>
        <tableName>ADDRESSGROUP</tableName>
        <jdbcType>VARCHAR</jdbcType>
        <precision>250</precision>
      </column>
      <column>
        <label>X_BPID</label>
        <tableName>ADDRESSGROUP</tableName>
        <jdbcType>VARCHAR</jdbcType>
        <precision>50</precision>
      </column>
    </columns>
  </statement>
  <statement method='com.ibm.daimler.dsea.entityObject.XAddressGroupExtInquiryData#getPartyAddressesInactive(Object[])'>
    <parameters>
      <parameter>
        <parameterMode>parameterModeIn</parameterMode>
        <jdbcType>BIGINT</jdbcType>
        <precision>19</precision>
      </parameter>
      <parameter>
        <parameterMode>parameterModeIn</parameterMode>
        <jdbcType>TIMESTAMP</jdbcType>
      </parameter>
    </parameters>
    <columns>
      <column>
        <label>LOCATION_GROUP_ID</label>
        <tableName>ADDRESSGROUP</tableName>
        <jdbcType>BIGINT</jdbcType>
        <precision>19</precision>
      </column>
      <column>
        <label>ADDRESS_ID</label>
        <tableName>ADDRESSGROUP</tableName>
        <jdbcType>BIGINT</jdbcType>
        <precision>19</precision>
      </column>
      <column>
        <label>CARE_OF_DESC</label>
        <tableName>ADDRESSGROUP</tableName>
        <jdbcType>VARCHAR</jdbcType>
        <precision>50</precision>
      </column>
      <column>
        <label>ADDR_USAGE_TP_CD</label>
        <tableName>ADDRESSGROUP</tableName>
        <jdbcType>BIGINT</jdbcType>
        <precision>19</precision>
      </column>
      <column>
        <label>LAST_UPDATE_DT</label>
        <tableName>ADDRESSGROUP</tableName>
        <jdbcType>TIMESTAMP</jdbcType>
      </column>
      <column>
        <label>LAST_UPDATE_USER</label>
        <tableName>ADDRESSGROUP</tableName>
        <jdbcType>VARCHAR</jdbcType>
        <precision>20</precision>
      </column>
      <column>
        <label>LAST_UPDATE_TX_ID</label>
        <tableName>ADDRESSGROUP</tableName>
        <jdbcType>BIGINT</jdbcType>
        <precision>19</precision>
      </column>
      <column>
        <label>LOCATION_GROUP_ID</label>
        <tableName>LOCATIONGROUP</tableName>
        <jdbcType>BIGINT</jdbcType>
        <precision>19</precision>
      </column>
      <column>
        <label>UNDEL_REASON_TP_CD</label>
        <tableName>LOCATIONGROUP</tableName>
        <jdbcType>BIGINT</jdbcType>
        <precision>19</precision>
      </column>
      <column>
        <label>CONT_ID</label>
        <tableName>LOCATIONGROUP</tableName>
        <jdbcType>BIGINT</jdbcType>
        <precision>19</precision>
      </column>
      <column>
        <label>MEMBER_IND</label>
        <tableName>LOCATIONGROUP</tableName>
        <jdbcType>VARCHAR</jdbcType>
      </column>
      <column>
        <label>PREFERRED_IND</label>
        <tableName>LOCATIONGROUP</tableName>
        <jdbcType>VARCHAR</jdbcType>
      </column>
      <column>
        <label>SOLICIT_IND</label>
        <tableName>LOCATIONGROUP</tableName>
        <jdbcType>VARCHAR</jdbcType>
      </column>
      <column>
        <label>LOC_GROUP_TP_CODE</label>
        <tableName>LOCATIONGROUP</tableName>
        <jdbcType>VARCHAR</jdbcType>
      </column>
      <column>
        <label>EFFECT_START_MMDD</label>
        <tableName>LOCATIONGROUP</tableName>
        <jdbcType>INTEGER</jdbcType>
        <precision>10</precision>
      </column>
      <column>
        <label>EFFECT_END_MMDD</label>
        <tableName>LOCATIONGROUP</tableName>
        <jdbcType>INTEGER</jdbcType>
        <precision>10</precision>
      </column>
      <column>
        <label>EFFECT_START_TM</label>
        <tableName>LOCATIONGROUP</tableName>
        <jdbcType>INTEGER</jdbcType>
        <precision>10</precision>
      </column>
      <column>
        <label>EFFECT_END_TM</label>
        <tableName>LOCATIONGROUP</tableName>
        <jdbcType>INTEGER</jdbcType>
        <precision>10</precision>
      </column>
      <column>
        <label>START_DT</label>
        <tableName>LOCATIONGROUP</tableName>
        <jdbcType>TIMESTAMP</jdbcType>
      </column>
      <column>
        <label>END_DT</label>
        <tableName>LOCATIONGROUP</tableName>
        <jdbcType>TIMESTAMP</jdbcType>
      </column>
      <column>
        <label>LAST_UPDATE_DT</label>
        <tableName>LOCATIONGROUP</tableName>
        <jdbcType>TIMESTAMP</jdbcType>
      </column>
      <column>
        <label>LAST_UPDATE_USER</label>
        <tableName>LOCATIONGROUP</tableName>
        <jdbcType>VARCHAR</jdbcType>
        <precision>20</precision>
      </column>
      <column>
        <label>LAST_UPDATE_TX_ID</label>
        <tableName>LOCATIONGROUP</tableName>
        <jdbcType>BIGINT</jdbcType>
        <precision>19</precision>
      </column>
      <column>
        <label>LAST_USED_DT</label>
        <tableName>LOCATIONGROUP</tableName>
        <jdbcType>TIMESTAMP</jdbcType>
      </column>
      <column>
        <label>LAST_VERIFIED_DT</label>
        <tableName>LOCATIONGROUP</tableName>
        <jdbcType>TIMESTAMP</jdbcType>
      </column>
      <column>
        <label>SOURCE_IDENT_TP_CD</label>
        <tableName>LOCATIONGROUP</tableName>
        <jdbcType>BIGINT</jdbcType>
        <precision>19</precision>
      </column>
      <column>
        <label>XVERIFIED_TP_CD</label>
        <tableName>ADDRESSGROUP</tableName>
        <jdbcType>BIGINT</jdbcType>
        <precision>19</precision>
      </column>
      <column>
        <label>XRETAILER_ID</label>
        <tableName>ADDRESSGROUP</tableName>
        <jdbcType>BIGINT</jdbcType>
        <precision>19</precision>
      </column>
      <column>
        <label>XMODIFY_SYS_DT</label>
        <tableName>ADDRESSGROUP</tableName>
        <jdbcType>TIMESTAMP</jdbcType>
      </column>
      <column>
        <label>XADDR_RETAILER_FLAG</label>
        <tableName>ADDRESSGROUP</tableName>
        <jdbcType>VARCHAR</jdbcType>
        <precision>5</precision>
      </column>
      <column>
        <label>TITLE_OF_HONOR</label>
        <tableName>ADDRESSGROUP</tableName>
        <jdbcType>VARCHAR</jdbcType>
        <precision>255</precision>
      </column>
      <column>
        <label>COMPANY_NAME</label>
        <tableName>ADDRESSGROUP</tableName>
        <jdbcType>VARCHAR</jdbcType>
        <precision>255</precision>
      </column>
      <column>
        <label>SFAddress_Id</label>
        <tableName>ADDRESSGROUP</tableName>
        <jdbcType>VARCHAR</jdbcType>
        <precision>250</precision>
      </column>
      <column>
        <label>X_BPID</label>
        <tableName>ADDRESSGROUP</tableName>
        <jdbcType>VARCHAR</jdbcType>
        <precision>50</precision>
      </column>
    </columns>
  </statement>
  <statement method='com.ibm.daimler.dsea.entityObject.XAddressGroupExtInquiryData#getPartyAddressesByAddressId(Object[])'>
    <parameters>
      <parameter>
        <parameterMode>parameterModeIn</parameterMode>
        <jdbcType>BIGINT</jdbcType>
        <precision>19</precision>
      </parameter>
      <parameter>
        <parameterMode>parameterModeIn</parameterMode>
        <jdbcType>TIMESTAMP</jdbcType>
      </parameter>
      <parameter>
        <parameterMode>parameterModeIn</parameterMode>
        <jdbcType>TIMESTAMP</jdbcType>
      </parameter>
    </parameters>
    <columns>
      <column>
        <label>LOCATION_GROUP_ID</label>
        <tableName>ADDRESSGROUP</tableName>
        <jdbcType>BIGINT</jdbcType>
        <precision>19</precision>
      </column>
      <column>
        <label>ADDRESS_ID</label>
        <tableName>ADDRESSGROUP</tableName>
        <jdbcType>BIGINT</jdbcType>
        <precision>19</precision>
      </column>
      <column>
        <label>CARE_OF_DESC</label>
        <tableName>ADDRESSGROUP</tableName>
        <jdbcType>VARCHAR</jdbcType>
        <precision>50</precision>
      </column>
      <column>
        <label>ADDR_USAGE_TP_CD</label>
        <tableName>ADDRESSGROUP</tableName>
        <jdbcType>BIGINT</jdbcType>
        <precision>19</precision>
      </column>
      <column>
        <label>LAST_UPDATE_DT</label>
        <tableName>ADDRESSGROUP</tableName>
        <jdbcType>TIMESTAMP</jdbcType>
      </column>
      <column>
        <label>LAST_UPDATE_USER</label>
        <tableName>ADDRESSGROUP</tableName>
        <jdbcType>VARCHAR</jdbcType>
        <precision>20</precision>
      </column>
      <column>
        <label>LAST_UPDATE_TX_ID</label>
        <tableName>ADDRESSGROUP</tableName>
        <jdbcType>BIGINT</jdbcType>
        <precision>19</precision>
      </column>
      <column>
        <label>LOCATION_GROUP_ID</label>
        <tableName>LOCATIONGROUP</tableName>
        <jdbcType>BIGINT</jdbcType>
        <precision>19</precision>
      </column>
      <column>
        <label>UNDEL_REASON_TP_CD</label>
        <tableName>LOCATIONGROUP</tableName>
        <jdbcType>BIGINT</jdbcType>
        <precision>19</precision>
      </column>
      <column>
        <label>CONT_ID</label>
        <tableName>LOCATIONGROUP</tableName>
        <jdbcType>BIGINT</jdbcType>
        <precision>19</precision>
      </column>
      <column>
        <label>MEMBER_IND</label>
        <tableName>LOCATIONGROUP</tableName>
        <jdbcType>VARCHAR</jdbcType>
      </column>
      <column>
        <label>PREFERRED_IND</label>
        <tableName>LOCATIONGROUP</tableName>
        <jdbcType>VARCHAR</jdbcType>
      </column>
      <column>
        <label>SOLICIT_IND</label>
        <tableName>LOCATIONGROUP</tableName>
        <jdbcType>VARCHAR</jdbcType>
      </column>
      <column>
        <label>LOC_GROUP_TP_CODE</label>
        <tableName>LOCATIONGROUP</tableName>
        <jdbcType>VARCHAR</jdbcType>
      </column>
      <column>
        <label>EFFECT_START_MMDD</label>
        <tableName>LOCATIONGROUP</tableName>
        <jdbcType>INTEGER</jdbcType>
        <precision>10</precision>
      </column>
      <column>
        <label>EFFECT_END_MMDD</label>
        <tableName>LOCATIONGROUP</tableName>
        <jdbcType>INTEGER</jdbcType>
        <precision>10</precision>
      </column>
      <column>
        <label>EFFECT_START_TM</label>
        <tableName>LOCATIONGROUP</tableName>
        <jdbcType>INTEGER</jdbcType>
        <precision>10</precision>
      </column>
      <column>
        <label>EFFECT_END_TM</label>
        <tableName>LOCATIONGROUP</tableName>
        <jdbcType>INTEGER</jdbcType>
        <precision>10</precision>
      </column>
      <column>
        <label>START_DT</label>
        <tableName>LOCATIONGROUP</tableName>
        <jdbcType>TIMESTAMP</jdbcType>
      </column>
      <column>
        <label>END_DT</label>
        <tableName>LOCATIONGROUP</tableName>
        <jdbcType>TIMESTAMP</jdbcType>
      </column>
      <column>
        <label>LAST_UPDATE_DT</label>
        <tableName>LOCATIONGROUP</tableName>
        <jdbcType>TIMESTAMP</jdbcType>
      </column>
      <column>
        <label>LAST_UPDATE_USER</label>
        <tableName>LOCATIONGROUP</tableName>
        <jdbcType>VARCHAR</jdbcType>
        <precision>20</precision>
      </column>
      <column>
        <label>LAST_UPDATE_TX_ID</label>
        <tableName>LOCATIONGROUP</tableName>
        <jdbcType>BIGINT</jdbcType>
        <precision>19</precision>
      </column>
      <column>
        <label>LAST_USED_DT</label>
        <tableName>LOCATIONGROUP</tableName>
        <jdbcType>TIMESTAMP</jdbcType>
      </column>
      <column>
        <label>LAST_VERIFIED_DT</label>
        <tableName>LOCATIONGROUP</tableName>
        <jdbcType>TIMESTAMP</jdbcType>
      </column>
      <column>
        <label>SOURCE_IDENT_TP_CD</label>
        <tableName>LOCATIONGROUP</tableName>
        <jdbcType>BIGINT</jdbcType>
        <precision>19</precision>
      </column>
      <column>
        <label>XVERIFIED_TP_CD</label>
        <tableName>ADDRESSGROUP</tableName>
        <jdbcType>BIGINT</jdbcType>
        <precision>19</precision>
      </column>
      <column>
        <label>XRETAILER_ID</label>
        <tableName>ADDRESSGROUP</tableName>
        <jdbcType>BIGINT</jdbcType>
        <precision>19</precision>
      </column>
      <column>
        <label>XMODIFY_SYS_DT</label>
        <tableName>ADDRESSGROUP</tableName>
        <jdbcType>TIMESTAMP</jdbcType>
      </column>
      <column>
        <label>XADDR_RETAILER_FLAG</label>
        <tableName>ADDRESSGROUP</tableName>
        <jdbcType>VARCHAR</jdbcType>
        <precision>5</precision>
      </column>
      <column>
        <label>TITLE_OF_HONOR</label>
        <tableName>ADDRESSGROUP</tableName>
        <jdbcType>VARCHAR</jdbcType>
        <precision>255</precision>
      </column>
      <column>
        <label>COMPANY_NAME</label>
        <tableName>ADDRESSGROUP</tableName>
        <jdbcType>VARCHAR</jdbcType>
        <precision>255</precision>
      </column>
      <column>
        <label>SFAddress_Id</label>
        <tableName>ADDRESSGROUP</tableName>
        <jdbcType>VARCHAR</jdbcType>
        <precision>250</precision>
      </column>
      <column>
        <label>X_BPID</label>
        <tableName>ADDRESSGROUP</tableName>
        <jdbcType>VARCHAR</jdbcType>
        <precision>50</precision>
      </column>
    </columns>
  </statement>
  <statement method='com.ibm.daimler.dsea.entityObject.XAddressGroupExtInquiryData#getPartyAddressById(Object[])'>
    <parameters>
      <parameter>
        <parameterMode>parameterModeIn</parameterMode>
        <jdbcType>BIGINT</jdbcType>
        <precision>19</precision>
      </parameter>
    </parameters>
    <columns>
      <column>
        <label>LOCATION_GROUP_ID</label>
        <tableName>ADDRESSGROUP</tableName>
        <jdbcType>BIGINT</jdbcType>
        <precision>19</precision>
      </column>
      <column>
        <label>ADDRESS_ID</label>
        <tableName>ADDRESSGROUP</tableName>
        <jdbcType>BIGINT</jdbcType>
        <precision>19</precision>
      </column>
      <column>
        <label>CARE_OF_DESC</label>
        <tableName>ADDRESSGROUP</tableName>
        <jdbcType>VARCHAR</jdbcType>
        <precision>50</precision>
      </column>
      <column>
        <label>ADDR_USAGE_TP_CD</label>
        <tableName>ADDRESSGROUP</tableName>
        <jdbcType>BIGINT</jdbcType>
        <precision>19</precision>
      </column>
      <column>
        <label>LAST_UPDATE_DT</label>
        <tableName>ADDRESSGROUP</tableName>
        <jdbcType>TIMESTAMP</jdbcType>
      </column>
      <column>
        <label>LAST_UPDATE_USER</label>
        <tableName>ADDRESSGROUP</tableName>
        <jdbcType>VARCHAR</jdbcType>
        <precision>20</precision>
      </column>
      <column>
        <label>LAST_UPDATE_TX_ID</label>
        <tableName>ADDRESSGROUP</tableName>
        <jdbcType>BIGINT</jdbcType>
        <precision>19</precision>
      </column>
      <column>
        <label>LOCATION_GROUP_ID</label>
        <tableName>LOCATIONGROUP</tableName>
        <jdbcType>BIGINT</jdbcType>
        <precision>19</precision>
      </column>
      <column>
        <label>UNDEL_REASON_TP_CD</label>
        <tableName>LOCATIONGROUP</tableName>
        <jdbcType>BIGINT</jdbcType>
        <precision>19</precision>
      </column>
      <column>
        <label>CONT_ID</label>
        <tableName>LOCATIONGROUP</tableName>
        <jdbcType>BIGINT</jdbcType>
        <precision>19</precision>
      </column>
      <column>
        <label>MEMBER_IND</label>
        <tableName>LOCATIONGROUP</tableName>
        <jdbcType>VARCHAR</jdbcType>
      </column>
      <column>
        <label>PREFERRED_IND</label>
        <tableName>LOCATIONGROUP</tableName>
        <jdbcType>VARCHAR</jdbcType>
      </column>
      <column>
        <label>SOLICIT_IND</label>
        <tableName>LOCATIONGROUP</tableName>
        <jdbcType>VARCHAR</jdbcType>
      </column>
      <column>
        <label>LOC_GROUP_TP_CODE</label>
        <tableName>LOCATIONGROUP</tableName>
        <jdbcType>VARCHAR</jdbcType>
      </column>
      <column>
        <label>EFFECT_START_MMDD</label>
        <tableName>LOCATIONGROUP</tableName>
        <jdbcType>INTEGER</jdbcType>
        <precision>10</precision>
      </column>
      <column>
        <label>EFFECT_END_MMDD</label>
        <tableName>LOCATIONGROUP</tableName>
        <jdbcType>INTEGER</jdbcType>
        <precision>10</precision>
      </column>
      <column>
        <label>EFFECT_START_TM</label>
        <tableName>LOCATIONGROUP</tableName>
        <jdbcType>INTEGER</jdbcType>
        <precision>10</precision>
      </column>
      <column>
        <label>EFFECT_END_TM</label>
        <tableName>LOCATIONGROUP</tableName>
        <jdbcType>INTEGER</jdbcType>
        <precision>10</precision>
      </column>
      <column>
        <label>START_DT</label>
        <tableName>LOCATIONGROUP</tableName>
        <jdbcType>TIMESTAMP</jdbcType>
      </column>
      <column>
        <label>END_DT</label>
        <tableName>LOCATIONGROUP</tableName>
        <jdbcType>TIMESTAMP</jdbcType>
      </column>
      <column>
        <label>LAST_UPDATE_DT</label>
        <tableName>LOCATIONGROUP</tableName>
        <jdbcType>TIMESTAMP</jdbcType>
      </column>
      <column>
        <label>LAST_UPDATE_USER</label>
        <tableName>LOCATIONGROUP</tableName>
        <jdbcType>VARCHAR</jdbcType>
        <precision>20</precision>
      </column>
      <column>
        <label>LAST_UPDATE_TX_ID</label>
        <tableName>LOCATIONGROUP</tableName>
        <jdbcType>BIGINT</jdbcType>
        <precision>19</precision>
      </column>
      <column>
        <label>LAST_USED_DT</label>
        <tableName>LOCATIONGROUP</tableName>
        <jdbcType>TIMESTAMP</jdbcType>
      </column>
      <column>
        <label>LAST_VERIFIED_DT</label>
        <tableName>LOCATIONGROUP</tableName>
        <jdbcType>TIMESTAMP</jdbcType>
      </column>
      <column>
        <label>SOURCE_IDENT_TP_CD</label>
        <tableName>LOCATIONGROUP</tableName>
        <jdbcType>BIGINT</jdbcType>
        <precision>19</precision>
      </column>
      <column>
        <label>XVERIFIED_TP_CD</label>
        <tableName>ADDRESSGROUP</tableName>
        <jdbcType>BIGINT</jdbcType>
        <precision>19</precision>
      </column>
      <column>
        <label>XRETAILER_ID</label>
        <tableName>ADDRESSGROUP</tableName>
        <jdbcType>BIGINT</jdbcType>
        <precision>19</precision>
      </column>
      <column>
        <label>XMODIFY_SYS_DT</label>
        <tableName>ADDRESSGROUP</tableName>
        <jdbcType>TIMESTAMP</jdbcType>
      </column>
      <column>
        <label>XADDR_RETAILER_FLAG</label>
        <tableName>ADDRESSGROUP</tableName>
        <jdbcType>VARCHAR</jdbcType>
        <precision>5</precision>
      </column>
      <column>
        <label>TITLE_OF_HONOR</label>
        <tableName>ADDRESSGROUP</tableName>
        <jdbcType>VARCHAR</jdbcType>
        <precision>255</precision>
      </column>
      <column>
        <label>COMPANY_NAME</label>
        <tableName>ADDRESSGROUP</tableName>
        <jdbcType>VARCHAR</jdbcType>
        <precision>255</precision>
      </column>
      <column>
        <label>SFAddress_Id</label>
        <tableName>ADDRESSGROUP</tableName>
        <jdbcType>VARCHAR</jdbcType>
        <precision>250</precision>
      </column>
      <column>
        <label>X_BPID</label>
        <tableName>ADDRESSGROUP</tableName>
        <jdbcType>VARCHAR</jdbcType>
        <precision>50</precision>
      </column>
    </columns>
  </statement>
  <statement method='com.ibm.daimler.dsea.entityObject.XAddressGroupExtInquiryData#getPartyAddressesHistory(Object[])'>
    <parameters>
      <parameter>
        <parameterMode>parameterModeIn</parameterMode>
        <jdbcType>BIGINT</jdbcType>
        <precision>19</precision>
      </parameter>
      <parameter>
        <parameterMode>parameterModeIn</parameterMode>
        <jdbcType>TIMESTAMP</jdbcType>
      </parameter>
      <parameter>
        <parameterMode>parameterModeIn</parameterMode>
        <jdbcType>TIMESTAMP</jdbcType>
      </parameter>
      <parameter>
        <parameterMode>parameterModeIn</parameterMode>
        <jdbcType>TIMESTAMP</jdbcType>
      </parameter>
      <parameter>
        <parameterMode>parameterModeIn</parameterMode>
        <jdbcType>TIMESTAMP</jdbcType>
      </parameter>
    </parameters>
    <columns>
      <column>
        <label>H_ADDRESS_GROUP_I</label>
        <tableName>ADDRESSGROUP</tableName>
        <jdbcType>BIGINT</jdbcType>
        <precision>19</precision>
      </column>
      <column>
        <label>H_ACTION_CODE</label>
        <tableName>ADDRESSGROUP</tableName>
        <jdbcType>CHAR</jdbcType>
        <precision>1</precision>
      </column>
      <column>
        <label>H_CREATED_BY</label>
        <tableName>ADDRESSGROUP</tableName>
        <jdbcType>VARCHAR</jdbcType>
        <precision>20</precision>
      </column>
      <column>
        <label>H_CREATE_DT</label>
        <tableName>ADDRESSGROUP</tableName>
        <jdbcType>TIMESTAMP</jdbcType>
      </column>
      <column>
        <label>H_END_DT</label>
        <tableName>ADDRESSGROUP</tableName>
        <jdbcType>TIMESTAMP</jdbcType>
      </column>
      <column>
        <label>LOCATION_GROUP_ID</label>
        <tableName>ADDRESSGROUP</tableName>
        <jdbcType>BIGINT</jdbcType>
        <precision>19</precision>
      </column>
      <column>
        <label>ADDRESS_ID</label>
        <tableName>ADDRESSGROUP</tableName>
        <jdbcType>BIGINT</jdbcType>
        <precision>19</precision>
      </column>
      <column>
        <label>CARE_OF_DESC</label>
        <tableName>ADDRESSGROUP</tableName>
        <jdbcType>VARCHAR</jdbcType>
        <precision>50</precision>
      </column>
      <column>
        <label>ADDR_USAGE_TP_CD</label>
        <tableName>ADDRESSGROUP</tableName>
        <jdbcType>BIGINT</jdbcType>
        <precision>19</precision>
      </column>
      <column>
        <label>LAST_UPDATE_DT</label>
        <tableName>ADDRESSGROUP</tableName>
        <jdbcType>TIMESTAMP</jdbcType>
      </column>
      <column>
        <label>LAST_UPDATE_USER</label>
        <tableName>ADDRESSGROUP</tableName>
        <jdbcType>VARCHAR</jdbcType>
        <precision>20</precision>
      </column>
      <column>
        <label>LAST_UPDATE_TX_ID</label>
        <tableName>ADDRESSGROUP</tableName>
        <jdbcType>BIGINT</jdbcType>
        <precision>19</precision>
      </column>
      <column>
        <label>H_LOCATION_GROUP_I</label>
        <tableName>LOCATIONGROUP</tableName>
        <jdbcType>BIGINT</jdbcType>
        <precision>19</precision>
      </column>
      <column>
        <label>H_ACTION_CODE</label>
        <tableName>LOCATIONGROUP</tableName>
        <jdbcType>CHAR</jdbcType>
        <precision>1</precision>
      </column>
      <column>
        <label>H_CREATED_BY</label>
        <tableName>LOCATIONGROUP</tableName>
        <jdbcType>VARCHAR</jdbcType>
        <precision>20</precision>
      </column>
      <column>
        <label>H_CREATE_DT</label>
        <tableName>LOCATIONGROUP</tableName>
        <jdbcType>TIMESTAMP</jdbcType>
      </column>
      <column>
        <label>H_END_DT</label>
        <tableName>LOCATIONGROUP</tableName>
        <jdbcType>TIMESTAMP</jdbcType>
      </column>
      <column>
        <label>LOCATION_GROUP_ID</label>
        <tableName>LOCATIONGROUP</tableName>
        <jdbcType>BIGINT</jdbcType>
        <precision>19</precision>
      </column>
      <column>
        <label>UNDEL_REASON_TP_CD</label>
        <tableName>LOCATIONGROUP</tableName>
        <jdbcType>BIGINT</jdbcType>
        <precision>19</precision>
      </column>
      <column>
        <label>CONT_ID</label>
        <tableName>LOCATIONGROUP</tableName>
        <jdbcType>BIGINT</jdbcType>
        <precision>19</precision>
      </column>
      <column>
        <label>MEMBER_IND</label>
        <tableName>LOCATIONGROUP</tableName>
        <jdbcType>VARCHAR</jdbcType>
      </column>
      <column>
        <label>PREFERRED_IND</label>
        <tableName>LOCATIONGROUP</tableName>
        <jdbcType>VARCHAR</jdbcType>
      </column>
      <column>
        <label>SOLICIT_IND</label>
        <tableName>LOCATIONGROUP</tableName>
        <jdbcType>VARCHAR</jdbcType>
      </column>
      <column>
        <label>LOC_GROUP_TP_CODE</label>
        <tableName>LOCATIONGROUP</tableName>
        <jdbcType>VARCHAR</jdbcType>
      </column>
      <column>
        <label>EFFECT_START_MMDD</label>
        <tableName>LOCATIONGROUP</tableName>
        <jdbcType>INTEGER</jdbcType>
        <precision>10</precision>
      </column>
      <column>
        <label>EFFECT_END_MMDD</label>
        <tableName>LOCATIONGROUP</tableName>
        <jdbcType>INTEGER</jdbcType>
        <precision>10</precision>
      </column>
      <column>
        <label>EFFECT_START_TM</label>
        <tableName>LOCATIONGROUP</tableName>
        <jdbcType>INTEGER</jdbcType>
        <precision>10</precision>
      </column>
      <column>
        <label>EFFECT_END_TM</label>
        <tableName>LOCATIONGROUP</tableName>
        <jdbcType>INTEGER</jdbcType>
        <precision>10</precision>
      </column>
      <column>
        <label>START_DT</label>
        <tableName>LOCATIONGROUP</tableName>
        <jdbcType>TIMESTAMP</jdbcType>
      </column>
      <column>
        <label>END_DT</label>
        <tableName>LOCATIONGROUP</tableName>
        <jdbcType>TIMESTAMP</jdbcType>
      </column>
      <column>
        <label>LAST_UPDATE_DT</label>
        <tableName>LOCATIONGROUP</tableName>
        <jdbcType>TIMESTAMP</jdbcType>
      </column>
      <column>
        <label>LAST_UPDATE_USER</label>
        <tableName>LOCATIONGROUP</tableName>
        <jdbcType>VARCHAR</jdbcType>
        <precision>20</precision>
      </column>
      <column>
        <label>LAST_UPDATE_TX_ID</label>
        <tableName>LOCATIONGROUP</tableName>
        <jdbcType>BIGINT</jdbcType>
        <precision>19</precision>
      </column>
      <column>
        <label>LAST_USED_DT</label>
        <tableName>LOCATIONGROUP</tableName>
        <jdbcType>TIMESTAMP</jdbcType>
      </column>
      <column>
        <label>LAST_VERIFIED_DT</label>
        <tableName>LOCATIONGROUP</tableName>
        <jdbcType>TIMESTAMP</jdbcType>
      </column>
      <column>
        <label>SOURCE_IDENT_TP_CD</label>
        <tableName>LOCATIONGROUP</tableName>
        <jdbcType>BIGINT</jdbcType>
        <precision>19</precision>
      </column>
      <column>
        <label>XVERIFIED_TP_CD</label>
        <tableName>ADDRESSGROUP</tableName>
        <jdbcType>BIGINT</jdbcType>
        <precision>19</precision>
      </column>
      <column>
        <label>XRETAILER_ID</label>
        <tableName>ADDRESSGROUP</tableName>
        <jdbcType>BIGINT</jdbcType>
        <precision>19</precision>
      </column>
      <column>
        <label>XMODIFY_SYS_DT</label>
        <tableName>ADDRESSGROUP</tableName>
        <jdbcType>TIMESTAMP</jdbcType>
      </column>
      <column>
        <label>XADDR_RETAILER_FLAG</label>
        <tableName>ADDRESSGROUP</tableName>
        <jdbcType>VARCHAR</jdbcType>
        <precision>5</precision>
      </column>
      <column>
        <label>TITLE_OF_HONOR</label>
        <tableName>ADDRESSGROUP</tableName>
        <jdbcType>VARCHAR</jdbcType>
        <precision>255</precision>
      </column>
      <column>
        <label>COMPANY_NAME</label>
        <tableName>ADDRESSGROUP</tableName>
        <jdbcType>VARCHAR</jdbcType>
        <precision>255</precision>
      </column>
      <column>
        <label>SFAddress_Id</label>
        <tableName>ADDRESSGROUP</tableName>
        <jdbcType>VARCHAR</jdbcType>
        <precision>250</precision>
      </column>
      <column>
        <label>X_BPID</label>
        <tableName>ADDRESSGROUP</tableName>
        <jdbcType>VARCHAR</jdbcType>
        <precision>50</precision>
      </column>
    </columns>
  </statement>
  <statement method='com.ibm.daimler.dsea.entityObject.XAddressGroupExtInquiryData#getPartyAddresses(Object[])'>
    <parameters>
      <parameter>
        <parameterMode>parameterModeIn</parameterMode>
        <jdbcType>BIGINT</jdbcType>
        <precision>19</precision>
      </parameter>
    </parameters>
    <columns>
      <column>
        <label>LOCATION_GROUP_ID</label>
        <tableName>ADDRESSGROUP</tableName>
        <jdbcType>BIGINT</jdbcType>
        <precision>19</precision>
      </column>
      <column>
        <label>ADDRESS_ID</label>
        <tableName>ADDRESSGROUP</tableName>
        <jdbcType>BIGINT</jdbcType>
        <precision>19</precision>
      </column>
      <column>
        <label>CARE_OF_DESC</label>
        <tableName>ADDRESSGROUP</tableName>
        <jdbcType>VARCHAR</jdbcType>
        <precision>50</precision>
      </column>
      <column>
        <label>ADDR_USAGE_TP_CD</label>
        <tableName>ADDRESSGROUP</tableName>
        <jdbcType>BIGINT</jdbcType>
        <precision>19</precision>
      </column>
      <column>
        <label>LAST_UPDATE_DT</label>
        <tableName>ADDRESSGROUP</tableName>
        <jdbcType>TIMESTAMP</jdbcType>
      </column>
      <column>
        <label>LAST_UPDATE_USER</label>
        <tableName>ADDRESSGROUP</tableName>
        <jdbcType>VARCHAR</jdbcType>
        <precision>20</precision>
      </column>
      <column>
        <label>LAST_UPDATE_TX_ID</label>
        <tableName>ADDRESSGROUP</tableName>
        <jdbcType>BIGINT</jdbcType>
        <precision>19</precision>
      </column>
      <column>
        <label>LOCATION_GROUP_ID</label>
        <tableName>LOCATIONGROUP</tableName>
        <jdbcType>BIGINT</jdbcType>
        <precision>19</precision>
      </column>
      <column>
        <label>UNDEL_REASON_TP_CD</label>
        <tableName>LOCATIONGROUP</tableName>
        <jdbcType>BIGINT</jdbcType>
        <precision>19</precision>
      </column>
      <column>
        <label>CONT_ID</label>
        <tableName>LOCATIONGROUP</tableName>
        <jdbcType>BIGINT</jdbcType>
        <precision>19</precision>
      </column>
      <column>
        <label>MEMBER_IND</label>
        <tableName>LOCATIONGROUP</tableName>
        <jdbcType>VARCHAR</jdbcType>
      </column>
      <column>
        <label>PREFERRED_IND</label>
        <tableName>LOCATIONGROUP</tableName>
        <jdbcType>VARCHAR</jdbcType>
      </column>
      <column>
        <label>SOLICIT_IND</label>
        <tableName>LOCATIONGROUP</tableName>
        <jdbcType>VARCHAR</jdbcType>
      </column>
      <column>
        <label>LOC_GROUP_TP_CODE</label>
        <tableName>LOCATIONGROUP</tableName>
        <jdbcType>VARCHAR</jdbcType>
      </column>
      <column>
        <label>EFFECT_START_MMDD</label>
        <tableName>LOCATIONGROUP</tableName>
        <jdbcType>INTEGER</jdbcType>
        <precision>10</precision>
      </column>
      <column>
        <label>EFFECT_END_MMDD</label>
        <tableName>LOCATIONGROUP</tableName>
        <jdbcType>INTEGER</jdbcType>
        <precision>10</precision>
      </column>
      <column>
        <label>EFFECT_START_TM</label>
        <tableName>LOCATIONGROUP</tableName>
        <jdbcType>INTEGER</jdbcType>
        <precision>10</precision>
      </column>
      <column>
        <label>EFFECT_END_TM</label>
        <tableName>LOCATIONGROUP</tableName>
        <jdbcType>INTEGER</jdbcType>
        <precision>10</precision>
      </column>
      <column>
        <label>START_DT</label>
        <tableName>LOCATIONGROUP</tableName>
        <jdbcType>TIMESTAMP</jdbcType>
      </column>
      <column>
        <label>END_DT</label>
        <tableName>LOCATIONGROUP</tableName>
        <jdbcType>TIMESTAMP</jdbcType>
      </column>
      <column>
        <label>LAST_UPDATE_DT</label>
        <tableName>LOCATIONGROUP</tableName>
        <jdbcType>TIMESTAMP</jdbcType>
      </column>
      <column>
        <label>LAST_UPDATE_USER</label>
        <tableName>LOCATIONGROUP</tableName>
        <jdbcType>VARCHAR</jdbcType>
        <precision>20</precision>
      </column>
      <column>
        <label>LAST_UPDATE_TX_ID</label>
        <tableName>LOCATIONGROUP</tableName>
        <jdbcType>BIGINT</jdbcType>
        <precision>19</precision>
      </column>
      <column>
        <label>LAST_USED_DT</label>
        <tableName>LOCATIONGROUP</tableName>
        <jdbcType>TIMESTAMP</jdbcType>
      </column>
      <column>
        <label>LAST_VERIFIED_DT</label>
        <tableName>LOCATIONGROUP</tableName>
        <jdbcType>TIMESTAMP</jdbcType>
      </column>
      <column>
        <label>SOURCE_IDENT_TP_CD</label>
        <tableName>LOCATIONGROUP</tableName>
        <jdbcType>BIGINT</jdbcType>
        <precision>19</precision>
      </column>
      <column>
        <label>XVERIFIED_TP_CD</label>
        <tableName>ADDRESSGROUP</tableName>
        <jdbcType>BIGINT</jdbcType>
        <precision>19</precision>
      </column>
      <column>
        <label>XRETAILER_ID</label>
        <tableName>ADDRESSGROUP</tableName>
        <jdbcType>BIGINT</jdbcType>
        <precision>19</precision>
      </column>
      <column>
        <label>XMODIFY_SYS_DT</label>
        <tableName>ADDRESSGROUP</tableName>
        <jdbcType>TIMESTAMP</jdbcType>
      </column>
      <column>
        <label>XADDR_RETAILER_FLAG</label>
        <tableName>ADDRESSGROUP</tableName>
        <jdbcType>VARCHAR</jdbcType>
        <precision>5</precision>
      </column>
      <column>
        <label>TITLE_OF_HONOR</label>
        <tableName>ADDRESSGROUP</tableName>
        <jdbcType>VARCHAR</jdbcType>
        <precision>255</precision>
      </column>
      <column>
        <label>COMPANY_NAME</label>
        <tableName>ADDRESSGROUP</tableName>
        <jdbcType>VARCHAR</jdbcType>
        <precision>255</precision>
      </column>
      <column>
        <label>SFAddress_Id</label>
        <tableName>ADDRESSGROUP</tableName>
        <jdbcType>VARCHAR</jdbcType>
        <precision>250</precision>
      </column>
      <column>
        <label>X_BPID</label>
        <tableName>ADDRESSGROUP</tableName>
        <jdbcType>VARCHAR</jdbcType>
        <precision>50</precision>
      </column>
    </columns>
  </statement>
  <statement method='com.ibm.daimler.dsea.entityObject.XAddressGroupExtInquiryData#getPartyAddressHistory(Object[])'>
    <parameters>
      <parameter>
        <parameterMode>parameterModeIn</parameterMode>
        <jdbcType>BIGINT</jdbcType>
        <precision>19</precision>
      </parameter>
      <parameter>
        <parameterMode>parameterModeIn</parameterMode>
        <jdbcType>TIMESTAMP</jdbcType>
      </parameter>
      <parameter>
        <parameterMode>parameterModeIn</parameterMode>
        <jdbcType>TIMESTAMP</jdbcType>
      </parameter>
      <parameter>
        <parameterMode>parameterModeIn</parameterMode>
        <jdbcType>BIGINT</jdbcType>
        <precision>19</precision>
      </parameter>
      <parameter>
        <parameterMode>parameterModeIn</parameterMode>
        <jdbcType>TIMESTAMP</jdbcType>
      </parameter>
      <parameter>
        <parameterMode>parameterModeIn</parameterMode>
        <jdbcType>TIMESTAMP</jdbcType>
      </parameter>
    </parameters>
    <columns>
      <column>
        <label>H_ADDRESS_GROUP_I</label>
        <tableName>ADDRESSGROUP</tableName>
        <jdbcType>BIGINT</jdbcType>
        <precision>19</precision>
      </column>
      <column>
        <label>H_ACTION_CODE</label>
        <tableName>ADDRESSGROUP</tableName>
        <jdbcType>CHAR</jdbcType>
        <precision>1</precision>
      </column>
      <column>
        <label>H_CREATED_BY</label>
        <tableName>ADDRESSGROUP</tableName>
        <jdbcType>VARCHAR</jdbcType>
        <precision>20</precision>
      </column>
      <column>
        <label>H_CREATE_DT</label>
        <tableName>ADDRESSGROUP</tableName>
        <jdbcType>TIMESTAMP</jdbcType>
      </column>
      <column>
        <label>H_END_DT</label>
        <tableName>ADDRESSGROUP</tableName>
        <jdbcType>TIMESTAMP</jdbcType>
      </column>
      <column>
        <label>LOCATION_GROUP_ID</label>
        <tableName>ADDRESSGROUP</tableName>
        <jdbcType>BIGINT</jdbcType>
        <precision>19</precision>
      </column>
      <column>
        <label>ADDRESS_ID</label>
        <tableName>ADDRESSGROUP</tableName>
        <jdbcType>BIGINT</jdbcType>
        <precision>19</precision>
      </column>
      <column>
        <label>CARE_OF_DESC</label>
        <tableName>ADDRESSGROUP</tableName>
        <jdbcType>VARCHAR</jdbcType>
        <precision>50</precision>
      </column>
      <column>
        <label>ADDR_USAGE_TP_CD</label>
        <tableName>ADDRESSGROUP</tableName>
        <jdbcType>BIGINT</jdbcType>
        <precision>19</precision>
      </column>
      <column>
        <label>LAST_UPDATE_DT</label>
        <tableName>ADDRESSGROUP</tableName>
        <jdbcType>TIMESTAMP</jdbcType>
      </column>
      <column>
        <label>LAST_UPDATE_USER</label>
        <tableName>ADDRESSGROUP</tableName>
        <jdbcType>VARCHAR</jdbcType>
        <precision>20</precision>
      </column>
      <column>
        <label>LAST_UPDATE_TX_ID</label>
        <tableName>ADDRESSGROUP</tableName>
        <jdbcType>BIGINT</jdbcType>
        <precision>19</precision>
      </column>
      <column>
        <label>LOCATION_GROUP_ID</label>
        <tableName>LOCATIONGROUP</tableName>
        <jdbcType>BIGINT</jdbcType>
        <precision>19</precision>
      </column>
      <column>
        <label>H_LOCATION_GROUP_I</label>
        <tableName>LOCATIONGROUP</tableName>
        <jdbcType>BIGINT</jdbcType>
        <precision>19</precision>
      </column>
      <column>
        <label>H_ACTION_CODE</label>
        <tableName>LOCATIONGROUP</tableName>
        <jdbcType>CHAR</jdbcType>
        <precision>1</precision>
      </column>
      <column>
        <label>H_CREATED_BY</label>
        <tableName>LOCATIONGROUP</tableName>
        <jdbcType>VARCHAR</jdbcType>
        <precision>20</precision>
      </column>
      <column>
        <label>H_CREATE_DT</label>
        <tableName>LOCATIONGROUP</tableName>
        <jdbcType>TIMESTAMP</jdbcType>
      </column>
      <column>
        <label>H_END_DT</label>
        <tableName>LOCATIONGROUP</tableName>
        <jdbcType>TIMESTAMP</jdbcType>
      </column>
      <column>
        <label>UNDEL_REASON_TP_CD</label>
        <tableName>LOCATIONGROUP</tableName>
        <jdbcType>BIGINT</jdbcType>
        <precision>19</precision>
      </column>
      <column>
        <label>CONT_ID</label>
        <tableName>LOCATIONGROUP</tableName>
        <jdbcType>BIGINT</jdbcType>
        <precision>19</precision>
      </column>
      <column>
        <label>MEMBER_IND</label>
        <tableName>LOCATIONGROUP</tableName>
        <jdbcType>VARCHAR</jdbcType>
      </column>
      <column>
        <label>PREFERRED_IND</label>
        <tableName>LOCATIONGROUP</tableName>
        <jdbcType>VARCHAR</jdbcType>
      </column>
      <column>
        <label>SOLICIT_IND</label>
        <tableName>LOCATIONGROUP</tableName>
        <jdbcType>VARCHAR</jdbcType>
      </column>
      <column>
        <label>LOC_GROUP_TP_CODE</label>
        <tableName>LOCATIONGROUP</tableName>
        <jdbcType>VARCHAR</jdbcType>
      </column>
      <column>
        <label>EFFECT_START_MMDD</label>
        <tableName>LOCATIONGROUP</tableName>
        <jdbcType>INTEGER</jdbcType>
        <precision>10</precision>
      </column>
      <column>
        <label>EFFECT_END_MMDD</label>
        <tableName>LOCATIONGROUP</tableName>
        <jdbcType>INTEGER</jdbcType>
        <precision>10</precision>
      </column>
      <column>
        <label>EFFECT_START_TM</label>
        <tableName>LOCATIONGROUP</tableName>
        <jdbcType>INTEGER</jdbcType>
        <precision>10</precision>
      </column>
      <column>
        <label>EFFECT_END_TM</label>
        <tableName>LOCATIONGROUP</tableName>
        <jdbcType>INTEGER</jdbcType>
        <precision>10</precision>
      </column>
      <column>
        <label>START_DT</label>
        <tableName>LOCATIONGROUP</tableName>
        <jdbcType>TIMESTAMP</jdbcType>
      </column>
      <column>
        <label>END_DT</label>
        <tableName>LOCATIONGROUP</tableName>
        <jdbcType>TIMESTAMP</jdbcType>
      </column>
      <column>
        <label>LAST_UPDATE_DT</label>
        <tableName>LOCATIONGROUP</tableName>
        <jdbcType>TIMESTAMP</jdbcType>
      </column>
      <column>
        <label>LAST_UPDATE_USER</label>
        <tableName>LOCATIONGROUP</tableName>
        <jdbcType>VARCHAR</jdbcType>
        <precision>20</precision>
      </column>
      <column>
        <label>LAST_UPDATE_TX_ID</label>
        <tableName>LOCATIONGROUP</tableName>
        <jdbcType>BIGINT</jdbcType>
        <precision>19</precision>
      </column>
      <column>
        <label>LAST_USED_DT</label>
        <tableName>LOCATIONGROUP</tableName>
        <jdbcType>TIMESTAMP</jdbcType>
      </column>
      <column>
        <label>LAST_VERIFIED_DT</label>
        <tableName>LOCATIONGROUP</tableName>
        <jdbcType>TIMESTAMP</jdbcType>
      </column>
      <column>
        <label>SOURCE_IDENT_TP_CD</label>
        <tableName>LOCATIONGROUP</tableName>
        <jdbcType>BIGINT</jdbcType>
        <precision>19</precision>
      </column>
      <column>
        <label>XVERIFIED_TP_CD</label>
        <tableName>ADDRESSGROUP</tableName>
        <jdbcType>BIGINT</jdbcType>
        <precision>19</precision>
      </column>
      <column>
        <label>XRETAILER_ID</label>
        <tableName>ADDRESSGROUP</tableName>
        <jdbcType>BIGINT</jdbcType>
        <precision>19</precision>
      </column>
      <column>
        <label>XMODIFY_SYS_DT</label>
        <tableName>ADDRESSGROUP</tableName>
        <jdbcType>TIMESTAMP</jdbcType>
      </column>
      <column>
        <label>XADDR_RETAILER_FLAG</label>
        <tableName>ADDRESSGROUP</tableName>
        <jdbcType>VARCHAR</jdbcType>
        <precision>5</precision>
      </column>
      <column>
        <label>TITLE_OF_HONOR</label>
        <tableName>ADDRESSGROUP</tableName>
        <jdbcType>VARCHAR</jdbcType>
        <precision>255</precision>
      </column>
      <column>
        <label>COMPANY_NAME</label>
        <tableName>ADDRESSGROUP</tableName>
        <jdbcType>VARCHAR</jdbcType>
        <precision>255</precision>
      </column>
      <column>
        <label>SFAddress_Id</label>
        <tableName>ADDRESSGROUP</tableName>
        <jdbcType>VARCHAR</jdbcType>
        <precision>250</precision>
      </column>
      <column>
        <label>X_BPID</label>
        <tableName>ADDRESSGROUP</tableName>
        <jdbcType>VARCHAR</jdbcType>
        <precision>50</precision>
      </column>
    </columns>
  </statement>
  <statement method='com.ibm.daimler.dsea.entityObject.XAddressGroupExtInquiryData#getPartyAddress(Object[])'>
    <parameters>
      <parameter>
        <parameterMode>parameterModeIn</parameterMode>
        <jdbcType>BIGINT</jdbcType>
        <precision>19</precision>
      </parameter>
      <parameter>
        <parameterMode>parameterModeIn</parameterMode>
        <jdbcType>BIGINT</jdbcType>
        <precision>19</precision>
      </parameter>
      <parameter>
        <parameterMode>parameterModeIn</parameterMode>
        <jdbcType>TIMESTAMP</jdbcType>
      </parameter>
    </parameters>
    <columns>
      <column>
        <label>LOCATION_GROUP_ID</label>
        <tableName>ADDRESSGROUP</tableName>
        <jdbcType>BIGINT</jdbcType>
        <precision>19</precision>
      </column>
      <column>
        <label>ADDRESS_ID</label>
        <tableName>ADDRESSGROUP</tableName>
        <jdbcType>BIGINT</jdbcType>
        <precision>19</precision>
      </column>
      <column>
        <label>CARE_OF_DESC</label>
        <tableName>ADDRESSGROUP</tableName>
        <jdbcType>VARCHAR</jdbcType>
        <precision>50</precision>
      </column>
      <column>
        <label>ADDR_USAGE_TP_CD</label>
        <tableName>ADDRESSGROUP</tableName>
        <jdbcType>BIGINT</jdbcType>
        <precision>19</precision>
      </column>
      <column>
        <label>LAST_UPDATE_DT</label>
        <tableName>ADDRESSGROUP</tableName>
        <jdbcType>TIMESTAMP</jdbcType>
      </column>
      <column>
        <label>LAST_UPDATE_USER</label>
        <tableName>ADDRESSGROUP</tableName>
        <jdbcType>VARCHAR</jdbcType>
        <precision>20</precision>
      </column>
      <column>
        <label>LAST_UPDATE_TX_ID</label>
        <tableName>ADDRESSGROUP</tableName>
        <jdbcType>BIGINT</jdbcType>
        <precision>19</precision>
      </column>
      <column>
        <label>LOCATION_GROUP_ID</label>
        <tableName>LOCATIONGROUP</tableName>
        <jdbcType>BIGINT</jdbcType>
        <precision>19</precision>
      </column>
      <column>
        <label>UNDEL_REASON_TP_CD</label>
        <tableName>LOCATIONGROUP</tableName>
        <jdbcType>BIGINT</jdbcType>
        <precision>19</precision>
      </column>
      <column>
        <label>CONT_ID</label>
        <tableName>LOCATIONGROUP</tableName>
        <jdbcType>BIGINT</jdbcType>
        <precision>19</precision>
      </column>
      <column>
        <label>MEMBER_IND</label>
        <tableName>LOCATIONGROUP</tableName>
        <jdbcType>VARCHAR</jdbcType>
      </column>
      <column>
        <label>PREFERRED_IND</label>
        <tableName>LOCATIONGROUP</tableName>
        <jdbcType>VARCHAR</jdbcType>
      </column>
      <column>
        <label>SOLICIT_IND</label>
        <tableName>LOCATIONGROUP</tableName>
        <jdbcType>VARCHAR</jdbcType>
      </column>
      <column>
        <label>LOC_GROUP_TP_CODE</label>
        <tableName>LOCATIONGROUP</tableName>
        <jdbcType>VARCHAR</jdbcType>
      </column>
      <column>
        <label>EFFECT_START_MMDD</label>
        <tableName>LOCATIONGROUP</tableName>
        <jdbcType>INTEGER</jdbcType>
        <precision>10</precision>
      </column>
      <column>
        <label>EFFECT_END_MMDD</label>
        <tableName>LOCATIONGROUP</tableName>
        <jdbcType>INTEGER</jdbcType>
        <precision>10</precision>
      </column>
      <column>
        <label>EFFECT_START_TM</label>
        <tableName>LOCATIONGROUP</tableName>
        <jdbcType>INTEGER</jdbcType>
        <precision>10</precision>
      </column>
      <column>
        <label>EFFECT_END_TM</label>
        <tableName>LOCATIONGROUP</tableName>
        <jdbcType>INTEGER</jdbcType>
        <precision>10</precision>
      </column>
      <column>
        <label>START_DT</label>
        <tableName>LOCATIONGROUP</tableName>
        <jdbcType>TIMESTAMP</jdbcType>
      </column>
      <column>
        <label>END_DT</label>
        <tableName>LOCATIONGROUP</tableName>
        <jdbcType>TIMESTAMP</jdbcType>
      </column>
      <column>
        <label>LAST_UPDATE_DT</label>
        <tableName>LOCATIONGROUP</tableName>
        <jdbcType>TIMESTAMP</jdbcType>
      </column>
      <column>
        <label>LAST_UPDATE_USER</label>
        <tableName>LOCATIONGROUP</tableName>
        <jdbcType>VARCHAR</jdbcType>
        <precision>20</precision>
      </column>
      <column>
        <label>LAST_UPDATE_TX_ID</label>
        <tableName>LOCATIONGROUP</tableName>
        <jdbcType>BIGINT</jdbcType>
        <precision>19</precision>
      </column>
      <column>
        <label>LAST_USED_DT</label>
        <tableName>LOCATIONGROUP</tableName>
        <jdbcType>TIMESTAMP</jdbcType>
      </column>
      <column>
        <label>LAST_VERIFIED_DT</label>
        <tableName>LOCATIONGROUP</tableName>
        <jdbcType>TIMESTAMP</jdbcType>
      </column>
      <column>
        <label>SOURCE_IDENT_TP_CD</label>
        <tableName>LOCATIONGROUP</tableName>
        <jdbcType>BIGINT</jdbcType>
        <precision>19</precision>
      </column>
      <column>
        <label>XVERIFIED_TP_CD</label>
        <tableName>ADDRESSGROUP</tableName>
        <jdbcType>BIGINT</jdbcType>
        <precision>19</precision>
      </column>
      <column>
        <label>XRETAILER_ID</label>
        <tableName>ADDRESSGROUP</tableName>
        <jdbcType>BIGINT</jdbcType>
        <precision>19</precision>
      </column>
      <column>
        <label>XMODIFY_SYS_DT</label>
        <tableName>ADDRESSGROUP</tableName>
        <jdbcType>TIMESTAMP</jdbcType>
      </column>
      <column>
        <label>XADDR_RETAILER_FLAG</label>
        <tableName>ADDRESSGROUP</tableName>
        <jdbcType>VARCHAR</jdbcType>
        <precision>5</precision>
      </column>
      <column>
        <label>TITLE_OF_HONOR</label>
        <tableName>ADDRESSGROUP</tableName>
        <jdbcType>VARCHAR</jdbcType>
        <precision>255</precision>
      </column>
      <column>
        <label>COMPANY_NAME</label>
        <tableName>ADDRESSGROUP</tableName>
        <jdbcType>VARCHAR</jdbcType>
        <precision>255</precision>
      </column>
      <column>
        <label>SFAddress_Id</label>
        <tableName>ADDRESSGROUP</tableName>
        <jdbcType>VARCHAR</jdbcType>
        <precision>250</precision>
      </column>
      <column>
        <label>X_BPID</label>
        <tableName>ADDRESSGROUP</tableName>
        <jdbcType>VARCHAR</jdbcType>
        <precision>50</precision>
      </column>
    </columns>
  </statement>
  <statement method='com.ibm.daimler.dsea.entityObject.XAddressGroupExtInquiryData#getPartyAddressImage(Object[])'>
    <parameters>
      <parameter>
        <parameterMode>parameterModeIn</parameterMode>
        <jdbcType>BIGINT</jdbcType>
        <precision>19</precision>
      </parameter>
      <parameter>
        <parameterMode>parameterModeIn</parameterMode>
        <jdbcType>TIMESTAMP</jdbcType>
      </parameter>
      <parameter>
        <parameterMode>parameterModeIn</parameterMode>
        <jdbcType>TIMESTAMP</jdbcType>
      </parameter>
      <parameter>
        <parameterMode>parameterModeIn</parameterMode>
        <jdbcType>BIGINT</jdbcType>
        <precision>19</precision>
      </parameter>
      <parameter>
        <parameterMode>parameterModeIn</parameterMode>
        <jdbcType>TIMESTAMP</jdbcType>
      </parameter>
      <parameter>
        <parameterMode>parameterModeIn</parameterMode>
        <jdbcType>TIMESTAMP</jdbcType>
      </parameter>
    </parameters>
    <columns>
      <column>
        <label>H_ADDRESS_GROUP_I</label>
        <tableName>ADDRESSGROUP</tableName>
        <jdbcType>BIGINT</jdbcType>
        <precision>19</precision>
      </column>
      <column>
        <label>H_ACTION_CODE</label>
        <tableName>ADDRESSGROUP</tableName>
        <jdbcType>CHAR</jdbcType>
        <precision>1</precision>
      </column>
      <column>
        <label>H_CREATED_BY</label>
        <tableName>ADDRESSGROUP</tableName>
        <jdbcType>VARCHAR</jdbcType>
        <precision>20</precision>
      </column>
      <column>
        <label>H_CREATE_DT</label>
        <tableName>ADDRESSGROUP</tableName>
        <jdbcType>TIMESTAMP</jdbcType>
      </column>
      <column>
        <label>H_END_DT</label>
        <tableName>ADDRESSGROUP</tableName>
        <jdbcType>TIMESTAMP</jdbcType>
      </column>
      <column>
        <label>LOCATION_GROUP_ID</label>
        <tableName>ADDRESSGROUP</tableName>
        <jdbcType>BIGINT</jdbcType>
        <precision>19</precision>
      </column>
      <column>
        <label>ADDRESS_ID</label>
        <tableName>ADDRESSGROUP</tableName>
        <jdbcType>BIGINT</jdbcType>
        <precision>19</precision>
      </column>
      <column>
        <label>CARE_OF_DESC</label>
        <tableName>ADDRESSGROUP</tableName>
        <jdbcType>VARCHAR</jdbcType>
        <precision>50</precision>
      </column>
      <column>
        <label>ADDR_USAGE_TP_CD</label>
        <tableName>ADDRESSGROUP</tableName>
        <jdbcType>BIGINT</jdbcType>
        <precision>19</precision>
      </column>
      <column>
        <label>LAST_UPDATE_DT</label>
        <tableName>ADDRESSGROUP</tableName>
        <jdbcType>TIMESTAMP</jdbcType>
      </column>
      <column>
        <label>LAST_UPDATE_USER</label>
        <tableName>ADDRESSGROUP</tableName>
        <jdbcType>VARCHAR</jdbcType>
        <precision>20</precision>
      </column>
      <column>
        <label>LAST_UPDATE_TX_ID</label>
        <tableName>ADDRESSGROUP</tableName>
        <jdbcType>BIGINT</jdbcType>
        <precision>19</precision>
      </column>
      <column>
        <label>H_LOCATION_GROUP_I</label>
        <tableName>LOCATIONGROUP</tableName>
        <jdbcType>BIGINT</jdbcType>
        <precision>19</precision>
      </column>
      <column>
        <label>H_ACTION_CODE</label>
        <tableName>LOCATIONGROUP</tableName>
        <jdbcType>CHAR</jdbcType>
        <precision>1</precision>
      </column>
      <column>
        <label>H_CREATED_BY</label>
        <tableName>LOCATIONGROUP</tableName>
        <jdbcType>VARCHAR</jdbcType>
        <precision>20</precision>
      </column>
      <column>
        <label>H_CREATE_DT</label>
        <tableName>LOCATIONGROUP</tableName>
        <jdbcType>TIMESTAMP</jdbcType>
      </column>
      <column>
        <label>H_END_DT</label>
        <tableName>LOCATIONGROUP</tableName>
        <jdbcType>TIMESTAMP</jdbcType>
      </column>
      <column>
        <label>LOCATION_GROUP_ID</label>
        <tableName>LOCATIONGROUP</tableName>
        <jdbcType>BIGINT</jdbcType>
        <precision>19</precision>
      </column>
      <column>
        <label>UNDEL_REASON_TP_CD</label>
        <tableName>LOCATIONGROUP</tableName>
        <jdbcType>BIGINT</jdbcType>
        <precision>19</precision>
      </column>
      <column>
        <label>CONT_ID</label>
        <tableName>LOCATIONGROUP</tableName>
        <jdbcType>BIGINT</jdbcType>
        <precision>19</precision>
      </column>
      <column>
        <label>MEMBER_IND</label>
        <tableName>LOCATIONGROUP</tableName>
        <jdbcType>VARCHAR</jdbcType>
      </column>
      <column>
        <label>PREFERRED_IND</label>
        <tableName>LOCATIONGROUP</tableName>
        <jdbcType>VARCHAR</jdbcType>
      </column>
      <column>
        <label>SOLICIT_IND</label>
        <tableName>LOCATIONGROUP</tableName>
        <jdbcType>VARCHAR</jdbcType>
      </column>
      <column>
        <label>LOC_GROUP_TP_CODE</label>
        <tableName>LOCATIONGROUP</tableName>
        <jdbcType>VARCHAR</jdbcType>
      </column>
      <column>
        <label>EFFECT_START_MMDD</label>
        <tableName>LOCATIONGROUP</tableName>
        <jdbcType>INTEGER</jdbcType>
        <precision>10</precision>
      </column>
      <column>
        <label>EFFECT_END_MMDD</label>
        <tableName>LOCATIONGROUP</tableName>
        <jdbcType>INTEGER</jdbcType>
        <precision>10</precision>
      </column>
      <column>
        <label>EFFECT_START_TM</label>
        <tableName>LOCATIONGROUP</tableName>
        <jdbcType>INTEGER</jdbcType>
        <precision>10</precision>
      </column>
      <column>
        <label>EFFECT_END_TM</label>
        <tableName>LOCATIONGROUP</tableName>
        <jdbcType>INTEGER</jdbcType>
        <precision>10</precision>
      </column>
      <column>
        <label>START_DT</label>
        <tableName>LOCATIONGROUP</tableName>
        <jdbcType>TIMESTAMP</jdbcType>
      </column>
      <column>
        <label>END_DT</label>
        <tableName>LOCATIONGROUP</tableName>
        <jdbcType>TIMESTAMP</jdbcType>
      </column>
      <column>
        <label>LAST_UPDATE_DT</label>
        <tableName>LOCATIONGROUP</tableName>
        <jdbcType>TIMESTAMP</jdbcType>
      </column>
      <column>
        <label>LAST_UPDATE_USER</label>
        <tableName>LOCATIONGROUP</tableName>
        <jdbcType>VARCHAR</jdbcType>
        <precision>20</precision>
      </column>
      <column>
        <label>LAST_UPDATE_TX_ID</label>
        <tableName>LOCATIONGROUP</tableName>
        <jdbcType>BIGINT</jdbcType>
        <precision>19</precision>
      </column>
      <column>
        <label>LAST_USED_DT</label>
        <tableName>LOCATIONGROUP</tableName>
        <jdbcType>TIMESTAMP</jdbcType>
      </column>
      <column>
        <label>LAST_VERIFIED_DT</label>
        <tableName>LOCATIONGROUP</tableName>
        <jdbcType>TIMESTAMP</jdbcType>
      </column>
      <column>
        <label>SOURCE_IDENT_TP_CD</label>
        <tableName>LOCATIONGROUP</tableName>
        <jdbcType>BIGINT</jdbcType>
        <precision>19</precision>
      </column>
      <column>
        <label>XVERIFIED_TP_CD</label>
        <tableName>ADDRESSGROUP</tableName>
        <jdbcType>BIGINT</jdbcType>
        <precision>19</precision>
      </column>
      <column>
        <label>XRETAILER_ID</label>
        <tableName>ADDRESSGROUP</tableName>
        <jdbcType>BIGINT</jdbcType>
        <precision>19</precision>
      </column>
      <column>
        <label>XMODIFY_SYS_DT</label>
        <tableName>ADDRESSGROUP</tableName>
        <jdbcType>TIMESTAMP</jdbcType>
      </column>
      <column>
        <label>XADDR_RETAILER_FLAG</label>
        <tableName>ADDRESSGROUP</tableName>
        <jdbcType>VARCHAR</jdbcType>
        <precision>5</precision>
      </column>
      <column>
        <label>TITLE_OF_HONOR</label>
        <tableName>ADDRESSGROUP</tableName>
        <jdbcType>VARCHAR</jdbcType>
        <precision>255</precision>
      </column>
      <column>
        <label>COMPANY_NAME</label>
        <tableName>ADDRESSGROUP</tableName>
        <jdbcType>VARCHAR</jdbcType>
        <precision>255</precision>
      </column>
      <column>
        <label>SFAddress_Id</label>
        <tableName>ADDRESSGROUP</tableName>
        <jdbcType>VARCHAR</jdbcType>
        <precision>250</precision>
      </column>
      <column>
        <label>X_BPID</label>
        <tableName>ADDRESSGROUP</tableName>
        <jdbcType>VARCHAR</jdbcType>
        <precision>50</precision>
      </column>
    </columns>
  </statement>
  <statement method='com.ibm.daimler.dsea.entityObject.XAddressGroupExtInquiryData#getPartyAddressLightImages(Object[])'>
    <parameters>
      <parameter>
        <parameterMode>parameterModeIn</parameterMode>
        <jdbcType>BIGINT</jdbcType>
        <precision>19</precision>
      </parameter>
      <parameter>
        <parameterMode>parameterModeIn</parameterMode>
        <jdbcType>TIMESTAMP</jdbcType>
      </parameter>
      <parameter>
        <parameterMode>parameterModeIn</parameterMode>
        <jdbcType>TIMESTAMP</jdbcType>
      </parameter>
      <parameter>
        <parameterMode>parameterModeIn</parameterMode>
        <jdbcType>TIMESTAMP</jdbcType>
      </parameter>
      <parameter>
        <parameterMode>parameterModeIn</parameterMode>
        <jdbcType>TIMESTAMP</jdbcType>
      </parameter>
    </parameters>
    <columns>
      <column>
        <label>LOCATION_GROUP_ID</label>
        <tableName>ADDRESSGROUP</tableName>
        <jdbcType>BIGINT</jdbcType>
        <precision>19</precision>
      </column>
      <column>
        <label>ADDRESS_ID</label>
        <tableName>ADDRESSGROUP</tableName>
        <jdbcType>BIGINT</jdbcType>
        <precision>19</precision>
      </column>
      <column>
        <label>LAST_UPDATE_DT</label>
        <tableName>ADDRESSGROUP</tableName>
        <jdbcType>TIMESTAMP</jdbcType>
      </column>
      <column>
        <label>LOCATION_GROUP_ID</label>
        <tableName>LOCATIONGROUP</tableName>
        <jdbcType>BIGINT</jdbcType>
        <precision>19</precision>
      </column>
      <column>
        <label>LAST_UPDATE_DT</label>
        <tableName>LOCATIONGROUP</tableName>
        <jdbcType>TIMESTAMP</jdbcType>
      </column>
      <column>
        <label>XVERIFIED_TP_CD</label>
        <tableName>ADDRESSGROUP</tableName>
        <jdbcType>BIGINT</jdbcType>
        <precision>19</precision>
      </column>
      <column>
        <label>XRETAILER_ID</label>
        <tableName>ADDRESSGROUP</tableName>
        <jdbcType>BIGINT</jdbcType>
        <precision>19</precision>
      </column>
      <column>
        <label>XMODIFY_SYS_DT</label>
        <tableName>ADDRESSGROUP</tableName>
        <jdbcType>TIMESTAMP</jdbcType>
      </column>
      <column>
        <label>XADDR_RETAILER_FLAG</label>
        <tableName>ADDRESSGROUP</tableName>
        <jdbcType>VARCHAR</jdbcType>
        <precision>5</precision>
      </column>
      <column>
        <label>TITLE_OF_HONOR</label>
        <tableName>ADDRESSGROUP</tableName>
        <jdbcType>VARCHAR</jdbcType>
        <precision>255</precision>
      </column>
      <column>
        <label>COMPANY_NAME</label>
        <tableName>ADDRESSGROUP</tableName>
        <jdbcType>VARCHAR</jdbcType>
        <precision>255</precision>
      </column>
      <column>
        <label>SFAddress_Id</label>
        <tableName>ADDRESSGROUP</tableName>
        <jdbcType>VARCHAR</jdbcType>
        <precision>250</precision>
      </column>
      <column>
        <label>X_BPID</label>
        <tableName>ADDRESSGROUP</tableName>
        <jdbcType>VARCHAR</jdbcType>
        <precision>50</precision>
      </column>
    </columns>
  </statement>
  <statement method='com.ibm.daimler.dsea.entityObject.XAddressGroupExtInquiryData#getPartyAddressHistoryById(Object[])'>
    <parameters>
      <parameter>
        <parameterMode>parameterModeIn</parameterMode>
        <jdbcType>BIGINT</jdbcType>
        <precision>19</precision>
      </parameter>
      <parameter>
        <parameterMode>parameterModeIn</parameterMode>
        <jdbcType>TIMESTAMP</jdbcType>
      </parameter>
      <parameter>
        <parameterMode>parameterModeIn</parameterMode>
        <jdbcType>TIMESTAMP</jdbcType>
      </parameter>
      <parameter>
        <parameterMode>parameterModeIn</parameterMode>
        <jdbcType>TIMESTAMP</jdbcType>
      </parameter>
      <parameter>
        <parameterMode>parameterModeIn</parameterMode>
        <jdbcType>TIMESTAMP</jdbcType>
      </parameter>
    </parameters>
    <columns>
      <column>
        <label>H_ADDRESS_GROUP_I</label>
        <tableName>ADDRESSGROUP</tableName>
        <jdbcType>BIGINT</jdbcType>
        <precision>19</precision>
      </column>
      <column>
        <label>H_ACTION_CODE</label>
        <tableName>ADDRESSGROUP</tableName>
        <jdbcType>CHAR</jdbcType>
        <precision>1</precision>
      </column>
      <column>
        <label>H_CREATED_BY</label>
        <tableName>ADDRESSGROUP</tableName>
        <jdbcType>VARCHAR</jdbcType>
        <precision>20</precision>
      </column>
      <column>
        <label>H_CREATE_DT</label>
        <tableName>ADDRESSGROUP</tableName>
        <jdbcType>TIMESTAMP</jdbcType>
      </column>
      <column>
        <label>H_END_DT</label>
        <tableName>ADDRESSGROUP</tableName>
        <jdbcType>TIMESTAMP</jdbcType>
      </column>
      <column>
        <label>LOCATION_GROUP_ID</label>
        <tableName>ADDRESSGROUP</tableName>
        <jdbcType>BIGINT</jdbcType>
        <precision>19</precision>
      </column>
      <column>
        <label>ADDRESS_ID</label>
        <tableName>ADDRESSGROUP</tableName>
        <jdbcType>BIGINT</jdbcType>
        <precision>19</precision>
      </column>
      <column>
        <label>CARE_OF_DESC</label>
        <tableName>ADDRESSGROUP</tableName>
        <jdbcType>VARCHAR</jdbcType>
        <precision>50</precision>
      </column>
      <column>
        <label>ADDR_USAGE_TP_CD</label>
        <tableName>ADDRESSGROUP</tableName>
        <jdbcType>BIGINT</jdbcType>
        <precision>19</precision>
      </column>
      <column>
        <label>LAST_UPDATE_DT</label>
        <tableName>ADDRESSGROUP</tableName>
        <jdbcType>TIMESTAMP</jdbcType>
      </column>
      <column>
        <label>LAST_UPDATE_USER</label>
        <tableName>ADDRESSGROUP</tableName>
        <jdbcType>VARCHAR</jdbcType>
        <precision>20</precision>
      </column>
      <column>
        <label>LAST_UPDATE_TX_ID</label>
        <tableName>ADDRESSGROUP</tableName>
        <jdbcType>BIGINT</jdbcType>
        <precision>19</precision>
      </column>
      <column>
        <label>H_LOCATION_GROUP_I</label>
        <tableName>LOCATIONGROUP</tableName>
        <jdbcType>BIGINT</jdbcType>
        <precision>19</precision>
      </column>
      <column>
        <label>H_ACTION_CODE</label>
        <tableName>LOCATIONGROUP</tableName>
        <jdbcType>CHAR</jdbcType>
        <precision>1</precision>
      </column>
      <column>
        <label>H_CREATED_BY</label>
        <tableName>LOCATIONGROUP</tableName>
        <jdbcType>VARCHAR</jdbcType>
        <precision>20</precision>
      </column>
      <column>
        <label>H_CREATE_DT</label>
        <tableName>LOCATIONGROUP</tableName>
        <jdbcType>TIMESTAMP</jdbcType>
      </column>
      <column>
        <label>H_END_DT</label>
        <tableName>LOCATIONGROUP</tableName>
        <jdbcType>TIMESTAMP</jdbcType>
      </column>
      <column>
        <label>LOCATION_GROUP_ID</label>
        <tableName>LOCATIONGROUP</tableName>
        <jdbcType>BIGINT</jdbcType>
        <precision>19</precision>
      </column>
      <column>
        <label>UNDEL_REASON_TP_CD</label>
        <tableName>LOCATIONGROUP</tableName>
        <jdbcType>BIGINT</jdbcType>
        <precision>19</precision>
      </column>
      <column>
        <label>CONT_ID</label>
        <tableName>LOCATIONGROUP</tableName>
        <jdbcType>BIGINT</jdbcType>
        <precision>19</precision>
      </column>
      <column>
        <label>MEMBER_IND</label>
        <tableName>LOCATIONGROUP</tableName>
        <jdbcType>VARCHAR</jdbcType>
      </column>
      <column>
        <label>PREFERRED_IND</label>
        <tableName>LOCATIONGROUP</tableName>
        <jdbcType>VARCHAR</jdbcType>
      </column>
      <column>
        <label>SOLICIT_IND</label>
        <tableName>LOCATIONGROUP</tableName>
        <jdbcType>VARCHAR</jdbcType>
      </column>
      <column>
        <label>LOC_GROUP_TP_CODE</label>
        <tableName>LOCATIONGROUP</tableName>
        <jdbcType>VARCHAR</jdbcType>
      </column>
      <column>
        <label>EFFECT_START_MMDD</label>
        <tableName>LOCATIONGROUP</tableName>
        <jdbcType>INTEGER</jdbcType>
        <precision>10</precision>
      </column>
      <column>
        <label>EFFECT_END_MMDD</label>
        <tableName>LOCATIONGROUP</tableName>
        <jdbcType>INTEGER</jdbcType>
        <precision>10</precision>
      </column>
      <column>
        <label>EFFECT_START_TM</label>
        <tableName>LOCATIONGROUP</tableName>
        <jdbcType>INTEGER</jdbcType>
        <precision>10</precision>
      </column>
      <column>
        <label>EFFECT_END_TM</label>
        <tableName>LOCATIONGROUP</tableName>
        <jdbcType>INTEGER</jdbcType>
        <precision>10</precision>
      </column>
      <column>
        <label>START_DT</label>
        <tableName>LOCATIONGROUP</tableName>
        <jdbcType>TIMESTAMP</jdbcType>
      </column>
      <column>
        <label>END_DT</label>
        <tableName>LOCATIONGROUP</tableName>
        <jdbcType>TIMESTAMP</jdbcType>
      </column>
      <column>
        <label>LAST_UPDATE_DT</label>
        <tableName>LOCATIONGROUP</tableName>
        <jdbcType>TIMESTAMP</jdbcType>
      </column>
      <column>
        <label>LAST_UPDATE_USER</label>
        <tableName>LOCATIONGROUP</tableName>
        <jdbcType>VARCHAR</jdbcType>
        <precision>20</precision>
      </column>
      <column>
        <label>LAST_UPDATE_TX_ID</label>
        <tableName>LOCATIONGROUP</tableName>
        <jdbcType>BIGINT</jdbcType>
        <precision>19</precision>
      </column>
      <column>
        <label>LAST_USED_DT</label>
        <tableName>LOCATIONGROUP</tableName>
        <jdbcType>TIMESTAMP</jdbcType>
      </column>
      <column>
        <label>LAST_VERIFIED_DT</label>
        <tableName>LOCATIONGROUP</tableName>
        <jdbcType>TIMESTAMP</jdbcType>
      </column>
      <column>
        <label>SOURCE_IDENT_TP_CD</label>
        <tableName>LOCATIONGROUP</tableName>
        <jdbcType>BIGINT</jdbcType>
        <precision>19</precision>
      </column>
      <column>
        <label>XVERIFIED_TP_CD</label>
        <tableName>ADDRESSGROUP</tableName>
        <jdbcType>BIGINT</jdbcType>
        <precision>19</precision>
      </column>
      <column>
        <label>XRETAILER_ID</label>
        <tableName>ADDRESSGROUP</tableName>
        <jdbcType>BIGINT</jdbcType>
        <precision>19</precision>
      </column>
      <column>
        <label>XMODIFY_SYS_DT</label>
        <tableName>ADDRESSGROUP</tableName>
        <jdbcType>TIMESTAMP</jdbcType>
      </column>
      <column>
        <label>XADDR_RETAILER_FLAG</label>
        <tableName>ADDRESSGROUP</tableName>
        <jdbcType>VARCHAR</jdbcType>
        <precision>5</precision>
      </column>
      <column>
        <label>TITLE_OF_HONOR</label>
        <tableName>ADDRESSGROUP</tableName>
        <jdbcType>VARCHAR</jdbcType>
        <precision>255</precision>
      </column>
      <column>
        <label>COMPANY_NAME</label>
        <tableName>ADDRESSGROUP</tableName>
        <jdbcType>VARCHAR</jdbcType>
        <precision>255</precision>
      </column>
      <column>
        <label>SFAddress_Id</label>
        <tableName>ADDRESSGROUP</tableName>
        <jdbcType>VARCHAR</jdbcType>
        <precision>250</precision>
      </column>
      <column>
        <label>X_BPID</label>
        <tableName>ADDRESSGROUP</tableName>
        <jdbcType>VARCHAR</jdbcType>
        <precision>50</precision>
      </column>
    </columns>
  </statement>
  <statement method='com.ibm.daimler.dsea.entityObject.XAddressGroupExtInquiryData#getPartyAddressesByAddressIdAll(Object[])'>
    <parameters>
      <parameter>
        <parameterMode>parameterModeIn</parameterMode>
        <jdbcType>BIGINT</jdbcType>
        <precision>19</precision>
      </parameter>
    </parameters>
    <columns>
      <column>
        <label>LOCATION_GROUP_ID</label>
        <tableName>ADDRESSGROUP</tableName>
        <jdbcType>BIGINT</jdbcType>
        <precision>19</precision>
      </column>
      <column>
        <label>ADDRESS_ID</label>
        <tableName>ADDRESSGROUP</tableName>
        <jdbcType>BIGINT</jdbcType>
        <precision>19</precision>
      </column>
      <column>
        <label>CARE_OF_DESC</label>
        <tableName>ADDRESSGROUP</tableName>
        <jdbcType>VARCHAR</jdbcType>
        <precision>50</precision>
      </column>
      <column>
        <label>ADDR_USAGE_TP_CD</label>
        <tableName>ADDRESSGROUP</tableName>
        <jdbcType>BIGINT</jdbcType>
        <precision>19</precision>
      </column>
      <column>
        <label>LAST_UPDATE_DT</label>
        <tableName>ADDRESSGROUP</tableName>
        <jdbcType>TIMESTAMP</jdbcType>
      </column>
      <column>
        <label>LAST_UPDATE_USER</label>
        <tableName>ADDRESSGROUP</tableName>
        <jdbcType>VARCHAR</jdbcType>
        <precision>20</precision>
      </column>
      <column>
        <label>LAST_UPDATE_TX_ID</label>
        <tableName>ADDRESSGROUP</tableName>
        <jdbcType>BIGINT</jdbcType>
        <precision>19</precision>
      </column>
      <column>
        <label>LOCATION_GROUP_ID</label>
        <tableName>LOCATIONGROUP</tableName>
        <jdbcType>BIGINT</jdbcType>
        <precision>19</precision>
      </column>
      <column>
        <label>UNDEL_REASON_TP_CD</label>
        <tableName>LOCATIONGROUP</tableName>
        <jdbcType>BIGINT</jdbcType>
        <precision>19</precision>
      </column>
      <column>
        <label>CONT_ID</label>
        <tableName>LOCATIONGROUP</tableName>
        <jdbcType>BIGINT</jdbcType>
        <precision>19</precision>
      </column>
      <column>
        <label>MEMBER_IND</label>
        <tableName>LOCATIONGROUP</tableName>
        <jdbcType>VARCHAR</jdbcType>
      </column>
      <column>
        <label>PREFERRED_IND</label>
        <tableName>LOCATIONGROUP</tableName>
        <jdbcType>VARCHAR</jdbcType>
      </column>
      <column>
        <label>SOLICIT_IND</label>
        <tableName>LOCATIONGROUP</tableName>
        <jdbcType>VARCHAR</jdbcType>
      </column>
      <column>
        <label>LOC_GROUP_TP_CODE</label>
        <tableName>LOCATIONGROUP</tableName>
        <jdbcType>VARCHAR</jdbcType>
      </column>
      <column>
        <label>EFFECT_START_MMDD</label>
        <tableName>LOCATIONGROUP</tableName>
        <jdbcType>INTEGER</jdbcType>
        <precision>10</precision>
      </column>
      <column>
        <label>EFFECT_END_MMDD</label>
        <tableName>LOCATIONGROUP</tableName>
        <jdbcType>INTEGER</jdbcType>
        <precision>10</precision>
      </column>
      <column>
        <label>EFFECT_START_TM</label>
        <tableName>LOCATIONGROUP</tableName>
        <jdbcType>INTEGER</jdbcType>
        <precision>10</precision>
      </column>
      <column>
        <label>EFFECT_END_TM</label>
        <tableName>LOCATIONGROUP</tableName>
        <jdbcType>INTEGER</jdbcType>
        <precision>10</precision>
      </column>
      <column>
        <label>START_DT</label>
        <tableName>LOCATIONGROUP</tableName>
        <jdbcType>TIMESTAMP</jdbcType>
      </column>
      <column>
        <label>END_DT</label>
        <tableName>LOCATIONGROUP</tableName>
        <jdbcType>TIMESTAMP</jdbcType>
      </column>
      <column>
        <label>LAST_UPDATE_DT</label>
        <tableName>LOCATIONGROUP</tableName>
        <jdbcType>TIMESTAMP</jdbcType>
      </column>
      <column>
        <label>LAST_UPDATE_USER</label>
        <tableName>LOCATIONGROUP</tableName>
        <jdbcType>VARCHAR</jdbcType>
        <precision>20</precision>
      </column>
      <column>
        <label>LAST_UPDATE_TX_ID</label>
        <tableName>LOCATIONGROUP</tableName>
        <jdbcType>BIGINT</jdbcType>
        <precision>19</precision>
      </column>
      <column>
        <label>LAST_USED_DT</label>
        <tableName>LOCATIONGROUP</tableName>
        <jdbcType>TIMESTAMP</jdbcType>
      </column>
      <column>
        <label>LAST_VERIFIED_DT</label>
        <tableName>LOCATIONGROUP</tableName>
        <jdbcType>TIMESTAMP</jdbcType>
      </column>
      <column>
        <label>SOURCE_IDENT_TP_CD</label>
        <tableName>LOCATIONGROUP</tableName>
        <jdbcType>BIGINT</jdbcType>
        <precision>19</precision>
      </column>
      <column>
        <label>XVERIFIED_TP_CD</label>
        <tableName>ADDRESSGROUP</tableName>
        <jdbcType>BIGINT</jdbcType>
        <precision>19</precision>
      </column>
      <column>
        <label>XRETAILER_ID</label>
        <tableName>ADDRESSGROUP</tableName>
        <jdbcType>BIGINT</jdbcType>
        <precision>19</precision>
      </column>
      <column>
        <label>XMODIFY_SYS_DT</label>
        <tableName>ADDRESSGROUP</tableName>
        <jdbcType>TIMESTAMP</jdbcType>
      </column>
      <column>
        <label>XADDR_RETAILER_FLAG</label>
        <tableName>ADDRESSGROUP</tableName>
        <jdbcType>VARCHAR</jdbcType>
        <precision>5</precision>
      </column>
      <column>
        <label>TITLE_OF_HONOR</label>
        <tableName>ADDRESSGROUP</tableName>
        <jdbcType>VARCHAR</jdbcType>
        <precision>255</precision>
      </column>
      <column>
        <label>COMPANY_NAME</label>
        <tableName>ADDRESSGROUP</tableName>
        <jdbcType>VARCHAR</jdbcType>
        <precision>255</precision>
      </column>
      <column>
        <label>SFAddress_Id</label>
        <tableName>ADDRESSGROUP</tableName>
        <jdbcType>VARCHAR</jdbcType>
        <precision>250</precision>
      </column>
      <column>
        <label>X_BPID</label>
        <tableName>ADDRESSGROUP</tableName>
        <jdbcType>VARCHAR</jdbcType>
        <precision>50</precision>
      </column>
    </columns>
  </statement>
  <statement method='com.ibm.daimler.dsea.entityObject.XAddressGroupExtInquiryData#getPartyAddressesByAddressIdInactive(Object[])'>
    <parameters>
      <parameter>
        <parameterMode>parameterModeIn</parameterMode>
        <jdbcType>BIGINT</jdbcType>
        <precision>19</precision>
      </parameter>
      <parameter>
        <parameterMode>parameterModeIn</parameterMode>
        <jdbcType>TIMESTAMP</jdbcType>
      </parameter>
      <parameter>
        <parameterMode>parameterModeIn</parameterMode>
        <jdbcType>TIMESTAMP</jdbcType>
      </parameter>
    </parameters>
    <columns>
      <column>
        <label>LOCATION_GROUP_ID</label>
        <tableName>ADDRESSGROUP</tableName>
        <jdbcType>BIGINT</jdbcType>
        <precision>19</precision>
      </column>
      <column>
        <label>ADDRESS_ID</label>
        <tableName>ADDRESSGROUP</tableName>
        <jdbcType>BIGINT</jdbcType>
        <precision>19</precision>
      </column>
      <column>
        <label>CARE_OF_DESC</label>
        <tableName>ADDRESSGROUP</tableName>
        <jdbcType>VARCHAR</jdbcType>
        <precision>50</precision>
      </column>
      <column>
        <label>ADDR_USAGE_TP_CD</label>
        <tableName>ADDRESSGROUP</tableName>
        <jdbcType>BIGINT</jdbcType>
        <precision>19</precision>
      </column>
      <column>
        <label>LAST_UPDATE_DT</label>
        <tableName>ADDRESSGROUP</tableName>
        <jdbcType>TIMESTAMP</jdbcType>
      </column>
      <column>
        <label>LAST_UPDATE_USER</label>
        <tableName>ADDRESSGROUP</tableName>
        <jdbcType>VARCHAR</jdbcType>
        <precision>20</precision>
      </column>
      <column>
        <label>LAST_UPDATE_TX_ID</label>
        <tableName>ADDRESSGROUP</tableName>
        <jdbcType>BIGINT</jdbcType>
        <precision>19</precision>
      </column>
      <column>
        <label>LOCATION_GROUP_ID</label>
        <tableName>LOCATIONGROUP</tableName>
        <jdbcType>BIGINT</jdbcType>
        <precision>19</precision>
      </column>
      <column>
        <label>UNDEL_REASON_TP_CD</label>
        <tableName>LOCATIONGROUP</tableName>
        <jdbcType>BIGINT</jdbcType>
        <precision>19</precision>
      </column>
      <column>
        <label>CONT_ID</label>
        <tableName>LOCATIONGROUP</tableName>
        <jdbcType>BIGINT</jdbcType>
        <precision>19</precision>
      </column>
      <column>
        <label>MEMBER_IND</label>
        <tableName>LOCATIONGROUP</tableName>
        <jdbcType>VARCHAR</jdbcType>
      </column>
      <column>
        <label>PREFERRED_IND</label>
        <tableName>LOCATIONGROUP</tableName>
        <jdbcType>VARCHAR</jdbcType>
      </column>
      <column>
        <label>SOLICIT_IND</label>
        <tableName>LOCATIONGROUP</tableName>
        <jdbcType>VARCHAR</jdbcType>
      </column>
      <column>
        <label>LOC_GROUP_TP_CODE</label>
        <tableName>LOCATIONGROUP</tableName>
        <jdbcType>VARCHAR</jdbcType>
      </column>
      <column>
        <label>EFFECT_START_MMDD</label>
        <tableName>LOCATIONGROUP</tableName>
        <jdbcType>INTEGER</jdbcType>
        <precision>10</precision>
      </column>
      <column>
        <label>EFFECT_END_MMDD</label>
        <tableName>LOCATIONGROUP</tableName>
        <jdbcType>INTEGER</jdbcType>
        <precision>10</precision>
      </column>
      <column>
        <label>EFFECT_START_TM</label>
        <tableName>LOCATIONGROUP</tableName>
        <jdbcType>INTEGER</jdbcType>
        <precision>10</precision>
      </column>
      <column>
        <label>EFFECT_END_TM</label>
        <tableName>LOCATIONGROUP</tableName>
        <jdbcType>INTEGER</jdbcType>
        <precision>10</precision>
      </column>
      <column>
        <label>START_DT</label>
        <tableName>LOCATIONGROUP</tableName>
        <jdbcType>TIMESTAMP</jdbcType>
      </column>
      <column>
        <label>END_DT</label>
        <tableName>LOCATIONGROUP</tableName>
        <jdbcType>TIMESTAMP</jdbcType>
      </column>
      <column>
        <label>LAST_UPDATE_DT</label>
        <tableName>LOCATIONGROUP</tableName>
        <jdbcType>TIMESTAMP</jdbcType>
      </column>
      <column>
        <label>LAST_UPDATE_USER</label>
        <tableName>LOCATIONGROUP</tableName>
        <jdbcType>VARCHAR</jdbcType>
        <precision>20</precision>
      </column>
      <column>
        <label>LAST_UPDATE_TX_ID</label>
        <tableName>LOCATIONGROUP</tableName>
        <jdbcType>BIGINT</jdbcType>
        <precision>19</precision>
      </column>
      <column>
        <label>XVERIFIED_TP_CD</label>
        <tableName>ADDRESSGROUP</tableName>
        <jdbcType>BIGINT</jdbcType>
        <precision>19</precision>
      </column>
      <column>
        <label>XRETAILER_ID</label>
        <tableName>ADDRESSGROUP</tableName>
        <jdbcType>BIGINT</jdbcType>
        <precision>19</precision>
      </column>
      <column>
        <label>XMODIFY_SYS_DT</label>
        <tableName>ADDRESSGROUP</tableName>
        <jdbcType>TIMESTAMP</jdbcType>
      </column>
      <column>
        <label>XADDR_RETAILER_FLAG</label>
        <tableName>ADDRESSGROUP</tableName>
        <jdbcType>VARCHAR</jdbcType>
        <precision>5</precision>
      </column>
      <column>
        <label>TITLE_OF_HONOR</label>
        <tableName>ADDRESSGROUP</tableName>
        <jdbcType>VARCHAR</jdbcType>
        <precision>255</precision>
      </column>
      <column>
        <label>COMPANY_NAME</label>
        <tableName>ADDRESSGROUP</tableName>
        <jdbcType>VARCHAR</jdbcType>
        <precision>255</precision>
      </column>
      <column>
        <label>SFAddress_Id</label>
        <tableName>ADDRESSGROUP</tableName>
        <jdbcType>VARCHAR</jdbcType>
        <precision>250</precision>
      </column>
      <column>
        <label>X_BPID</label>
        <tableName>ADDRESSGROUP</tableName>
        <jdbcType>VARCHAR</jdbcType>
        <precision>50</precision>
      </column>
    </columns>
  </statement>
  <statement method='com.ibm.daimler.dsea.entityObject.XAddressGroupExtInquiryData#getPartyAddressesHistoryByPartyId(Object[])'>
    <parameters>
      <parameter>
        <parameterMode>parameterModeIn</parameterMode>
        <jdbcType>BIGINT</jdbcType>
        <precision>19</precision>
      </parameter>
    </parameters>
    <columns>
      <column>
        <label>ADDRESS_ID</label>
        <tableName>ADDRESSGROUP</tableName>
        <jdbcType>BIGINT</jdbcType>
        <precision>19</precision>
      </column>
      <column>
        <label>CONT_ID</label>
        <tableName>LOCATIONGROUP</tableName>
        <jdbcType>BIGINT</jdbcType>
        <precision>19</precision>
      </column>
    </columns>
  </statement>
</metadata>
