<?xml version='1.0' encoding='utf-8'?>
<!DOCTYPE metadata>
<metadata>
  <statement method='com.ibm.daimler.dsea.entityObject.XAddressExtInquiryData#getAddressHistory(Object[])'>
    <parameters>
      <parameter>
        <parameterMode>parameterModeIn</parameterMode>
        <jdbcType>BIGINT</jdbcType>
        <precision>19</precision>
      </parameter>
      <parameter>
        <parameterMode>parameterModeIn</parameterMode>
        <jdbcType>TIMESTAMP</jdbcType>
      </parameter>
      <parameter>
        <parameterMode>parameterModeIn</parameterMode>
        <jdbcType>TIMESTAMP</jdbcType>
      </parameter>
    </parameters>
    <columns>
      <column>
        <label>HIST_ID_PK</label>
        <tableName>ADDRESS</tableName>
        <jdbcType>BIGINT</jdbcType>
        <precision>19</precision>
      </column>
      <column>
        <label>H_ACTION_CODE</label>
        <tableName>ADDRESS</tableName>
        <jdbcType>CHAR</jdbcType>
        <precision>1</precision>
      </column>
      <column>
        <label>H_CREATED_BY</label>
        <tableName>ADDRESS</tableName>
        <jdbcType>VARCHAR</jdbcType>
        <precision>20</precision>
      </column>
      <column>
        <label>H_CREATE_DT</label>
        <tableName>ADDRESS</tableName>
        <jdbcType>TIMESTAMP</jdbcType>
      </column>
      <column>
        <label>H_END_DT</label>
        <tableName>ADDRESS</tableName>
        <jdbcType>TIMESTAMP</jdbcType>
      </column>
      <column>
        <label>ADDRESS_ID</label>
        <tableName>ADDRESS</tableName>
        <jdbcType>BIGINT</jdbcType>
        <precision>19</precision>
      </column>
      <column>
        <label>RESIDENCE_TP_CD</label>
        <tableName>ADDRESS</tableName>
        <jdbcType>BIGINT</jdbcType>
        <precision>19</precision>
      </column>
      <column>
        <label>ADDR_LINE_ONE</label>
        <tableName>ADDRESS</tableName>
        <jdbcType>VARCHAR</jdbcType>
        <precision>100</precision>
      </column>
      <column>
        <label>ADDR_LINE_TWO</label>
        <tableName>ADDRESS</tableName>
        <jdbcType>VARCHAR</jdbcType>
        <precision>100</precision>
      </column>
      <column>
        <label>ADDR_LINE_THREE</label>
        <tableName>ADDRESS</tableName>
        <jdbcType>VARCHAR</jdbcType>
        <precision>100</precision>
      </column>
      <column>
        <label>P_ADDR_LINE_ONE</label>
        <tableName>ADDRESS</tableName>
        <jdbcType>CHAR</jdbcType>
        <precision>8</precision>
      </column>
      <column>
        <label>P_ADDR_LINE_TWO</label>
        <tableName>ADDRESS</tableName>
        <jdbcType>CHAR</jdbcType>
        <precision>8</precision>
      </column>
      <column>
        <label>P_ADDR_LINE_THREE</label>
        <tableName>ADDRESS</tableName>
        <jdbcType>CHAR</jdbcType>
        <precision>8</precision>
      </column>
      <column>
        <label>CITY_NAME</label>
        <tableName>ADDRESS</tableName>
        <jdbcType>VARCHAR</jdbcType>
        <precision>50</precision>
      </column>
      <column>
        <label>POSTAL_CODE</label>
        <tableName>ADDRESS</tableName>
        <jdbcType>VARCHAR</jdbcType>
        <precision>20</precision>
      </column>
      <column>
        <label>POSTAL_BARCODE</label>
        <tableName>ADDRESS</tableName>
        <jdbcType>VARCHAR</jdbcType>
        <precision>30</precision>
      </column>
      <column>
        <label>RESIDENCE_NUM</label>
        <tableName>ADDRESS</tableName>
        <jdbcType>VARCHAR</jdbcType>
        <precision>10</precision>
      </column>
      <column>
        <label>PROV_STATE_TP_CD</label>
        <tableName>ADDRESS</tableName>
        <jdbcType>BIGINT</jdbcType>
        <precision>19</precision>
      </column>
      <column>
        <label>COUNTY_CODE</label>
        <tableName>ADDRESS</tableName>
        <jdbcType>CHAR</jdbcType>
        <precision>3</precision>
      </column>
      <column>
        <label>COUNTRY_TP_CD</label>
        <tableName>ADDRESS</tableName>
        <jdbcType>BIGINT</jdbcType>
        <precision>19</precision>
      </column>
      <column>
        <label>ADDR_STANDARD_IND</label>
        <tableName>ADDRESS</tableName>
        <jdbcType>CHAR</jdbcType>
        <precision>1</precision>
      </column>
      <column>
        <label>OVERRIDE_IND</label>
        <tableName>ADDRESS</tableName>
        <jdbcType>CHAR</jdbcType>
        <precision>1</precision>
      </column>
      <column>
        <label>LATITUDE_DEGREES</label>
        <tableName>ADDRESS</tableName>
        <jdbcType>VARCHAR</jdbcType>
        <precision>10</precision>
      </column>
      <column>
        <label>LONGITUDE_DEGREES</label>
        <tableName>ADDRESS</tableName>
        <jdbcType>VARCHAR</jdbcType>
        <precision>10</precision>
      </column>
      <column>
        <label>LAST_UPDATE_DT</label>
        <tableName>ADDRESS</tableName>
        <jdbcType>TIMESTAMP</jdbcType>
      </column>
      <column>
        <label>LAST_UPDATE_USER</label>
        <tableName>ADDRESS</tableName>
        <jdbcType>VARCHAR</jdbcType>
        <precision>20</precision>
      </column>
      <column>
        <label>LAST_UPDATE_TX_ID</label>
        <tableName>ADDRESS</tableName>
        <jdbcType>BIGINT</jdbcType>
        <precision>19</precision>
      </column>
      <column>
        <label>BUILDING_NAME</label>
        <tableName>ADDRESS</tableName>
        <jdbcType>VARCHAR</jdbcType>
        <precision>64</precision>
      </column>
      <column>
        <label>STREET_NUMBER</label>
        <tableName>ADDRESS</tableName>
        <jdbcType>VARCHAR</jdbcType>
        <precision>16</precision>
      </column>
      <column>
        <label>STREET_NAME</label>
        <tableName>ADDRESS</tableName>
        <jdbcType>VARCHAR</jdbcType>
        <precision>64</precision>
      </column>
      <column>
        <label>STREET_SUFFIX</label>
        <tableName>ADDRESS</tableName>
        <jdbcType>VARCHAR</jdbcType>
        <precision>16</precision>
      </column>
      <column>
        <label>STREET_PREFIX</label>
        <tableName>ADDRESS</tableName>
        <jdbcType>VARCHAR</jdbcType>
        <precision>16</precision>
      </column>
      <column>
        <label>PRE_DIRECTIONAL</label>
        <tableName>ADDRESS</tableName>
        <jdbcType>VARCHAR</jdbcType>
        <precision>16</precision>
      </column>
      <column>
        <label>POST_DIRECTIONAL</label>
        <tableName>ADDRESS</tableName>
        <jdbcType>VARCHAR</jdbcType>
        <precision>16</precision>
      </column>
      <column>
        <label>BOX_DESIGNATOR</label>
        <tableName>ADDRESS</tableName>
        <jdbcType>VARCHAR</jdbcType>
        <precision>16</precision>
      </column>
      <column>
        <label>BOX_ID</label>
        <tableName>ADDRESS</tableName>
        <jdbcType>VARCHAR</jdbcType>
        <precision>16</precision>
      </column>
      <column>
        <label>STN_INFO</label>
        <tableName>ADDRESS</tableName>
        <jdbcType>VARCHAR</jdbcType>
        <precision>16</precision>
      </column>
      <column>
        <label>STN_ID</label>
        <tableName>ADDRESS</tableName>
        <jdbcType>VARCHAR</jdbcType>
        <precision>16</precision>
      </column>
      <column>
        <label>REGION</label>
        <tableName>ADDRESS</tableName>
        <jdbcType>VARCHAR</jdbcType>
        <precision>32</precision>
      </column>
      <column>
        <label>DEL_DESIGNATOR</label>
        <tableName>ADDRESS</tableName>
        <jdbcType>VARCHAR</jdbcType>
        <precision>16</precision>
      </column>
      <column>
        <label>DEL_ID</label>
        <tableName>ADDRESS</tableName>
        <jdbcType>VARCHAR</jdbcType>
        <precision>16</precision>
      </column>
      <column>
        <label>DEL_INFO</label>
        <tableName>ADDRESS</tableName>
        <jdbcType>VARCHAR</jdbcType>
        <precision>50</precision>
      </column>
      <column>
        <label>XADDR_VERIFICATION_DT</label>
        <tableName>ADDRESS</tableName>
        <jdbcType>TIMESTAMP</jdbcType>
      </column>
      <column>
        <label>XSUBCITY_TP_CD</label>
        <tableName>ADDRESS</tableName>
        <jdbcType>BIGINT</jdbcType>
        <precision>19</precision>
      </column>
      <column>
        <label>XDISTRICT_TP_CD</label>
        <tableName>ADDRESS</tableName>
        <jdbcType>BIGINT</jdbcType>
        <precision>19</precision>
      </column>
      <column>
        <label>XBUILDING_NAME</label>
        <tableName>ADDRESS</tableName>
        <jdbcType>VARCHAR</jdbcType>
        <precision>500</precision>
      </column>
      <column>
        <label>XSTREET_NUMBER</label>
        <tableName>ADDRESS</tableName>
        <jdbcType>VARCHAR</jdbcType>
        <precision>500</precision>
      </column>
      <column>
        <label>XSTREET_NAME</label>
        <tableName>ADDRESS</tableName>
        <jdbcType>VARCHAR</jdbcType>
        <precision>250</precision>
      </column>
      <column>
        <label>XSuburb</label>
        <tableName>ADDRESS</tableName>
        <jdbcType>VARCHAR</jdbcType>
        <precision>255</precision>
      </column>
    </columns>
  </statement>
  <statement method='com.ibm.daimler.dsea.entityObject.XAddressExtInquiryData#getAddress(Object[])'>
    <parameters>
      <parameter>
        <parameterMode>parameterModeIn</parameterMode>
        <jdbcType>BIGINT</jdbcType>
        <precision>19</precision>
      </parameter>
    </parameters>
    <columns>
      <column>
        <label>ADDRESS_ID</label>
        <tableName>ADDRESS</tableName>
        <jdbcType>BIGINT</jdbcType>
        <precision>19</precision>
      </column>
      <column>
        <label>RESIDENCE_TP_CD</label>
        <tableName>ADDRESS</tableName>
        <jdbcType>BIGINT</jdbcType>
        <precision>19</precision>
      </column>
      <column>
        <label>ADDR_LINE_ONE</label>
        <tableName>ADDRESS</tableName>
        <jdbcType>VARCHAR</jdbcType>
        <precision>100</precision>
      </column>
      <column>
        <label>ADDR_LINE_TWO</label>
        <tableName>ADDRESS</tableName>
        <jdbcType>VARCHAR</jdbcType>
        <precision>100</precision>
      </column>
      <column>
        <label>ADDR_LINE_THREE</label>
        <tableName>ADDRESS</tableName>
        <jdbcType>VARCHAR</jdbcType>
        <precision>100</precision>
      </column>
      <column>
        <label>P_ADDR_LINE_ONE</label>
        <tableName>ADDRESS</tableName>
        <jdbcType>CHAR</jdbcType>
        <precision>8</precision>
      </column>
      <column>
        <label>P_ADDR_LINE_TWO</label>
        <tableName>ADDRESS</tableName>
        <jdbcType>CHAR</jdbcType>
        <precision>8</precision>
      </column>
      <column>
        <label>P_ADDR_LINE_THREE</label>
        <tableName>ADDRESS</tableName>
        <jdbcType>CHAR</jdbcType>
        <precision>8</precision>
      </column>
      <column>
        <label>CITY_NAME</label>
        <tableName>ADDRESS</tableName>
        <jdbcType>VARCHAR</jdbcType>
        <precision>50</precision>
      </column>
      <column>
        <label>POSTAL_CODE</label>
        <tableName>ADDRESS</tableName>
        <jdbcType>VARCHAR</jdbcType>
        <precision>20</precision>
      </column>
      <column>
        <label>POSTAL_BARCODE</label>
        <tableName>ADDRESS</tableName>
        <jdbcType>VARCHAR</jdbcType>
        <precision>30</precision>
      </column>
      <column>
        <label>RESIDENCE_NUM</label>
        <tableName>ADDRESS</tableName>
        <jdbcType>VARCHAR</jdbcType>
        <precision>10</precision>
      </column>
      <column>
        <label>PROV_STATE_TP_CD</label>
        <tableName>ADDRESS</tableName>
        <jdbcType>BIGINT</jdbcType>
        <precision>19</precision>
      </column>
      <column>
        <label>COUNTY_CODE</label>
        <tableName>ADDRESS</tableName>
        <jdbcType>CHAR</jdbcType>
        <precision>3</precision>
      </column>
      <column>
        <label>COUNTRY_TP_CD</label>
        <tableName>ADDRESS</tableName>
        <jdbcType>BIGINT</jdbcType>
        <precision>19</precision>
      </column>
      <column>
        <label>ADDR_STANDARD_IND</label>
        <tableName>ADDRESS</tableName>
        <jdbcType>CHAR</jdbcType>
        <precision>1</precision>
      </column>
      <column>
        <label>OVERRIDE_IND</label>
        <tableName>ADDRESS</tableName>
        <jdbcType>CHAR</jdbcType>
        <precision>1</precision>
      </column>
      <column>
        <label>LATITUDE_DEGREES</label>
        <tableName>ADDRESS</tableName>
        <jdbcType>VARCHAR</jdbcType>
        <precision>10</precision>
      </column>
      <column>
        <label>LONGITUDE_DEGREES</label>
        <tableName>ADDRESS</tableName>
        <jdbcType>VARCHAR</jdbcType>
        <precision>10</precision>
      </column>
      <column>
        <label>LAST_UPDATE_DT</label>
        <tableName>ADDRESS</tableName>
        <jdbcType>TIMESTAMP</jdbcType>
      </column>
      <column>
        <label>LAST_UPDATE_USER</label>
        <tableName>ADDRESS</tableName>
        <jdbcType>VARCHAR</jdbcType>
        <precision>20</precision>
      </column>
      <column>
        <label>LAST_UPDATE_TX_ID</label>
        <tableName>ADDRESS</tableName>
        <jdbcType>BIGINT</jdbcType>
        <precision>19</precision>
      </column>
      <column>
        <label>BUILDING_NAME</label>
        <tableName>ADDRESS</tableName>
        <jdbcType>VARCHAR</jdbcType>
        <precision>64</precision>
      </column>
      <column>
        <label>STREET_NUMBER</label>
        <tableName>ADDRESS</tableName>
        <jdbcType>VARCHAR</jdbcType>
        <precision>16</precision>
      </column>
      <column>
        <label>STREET_NAME</label>
        <tableName>ADDRESS</tableName>
        <jdbcType>VARCHAR</jdbcType>
        <precision>64</precision>
      </column>
      <column>
        <label>STREET_SUFFIX</label>
        <tableName>ADDRESS</tableName>
        <jdbcType>VARCHAR</jdbcType>
        <precision>16</precision>
      </column>
      <column>
        <label>STREET_PREFIX</label>
        <tableName>ADDRESS</tableName>
        <jdbcType>VARCHAR</jdbcType>
        <precision>16</precision>
      </column>
      <column>
        <label>PRE_DIRECTIONAL</label>
        <tableName>ADDRESS</tableName>
        <jdbcType>VARCHAR</jdbcType>
        <precision>16</precision>
      </column>
      <column>
        <label>POST_DIRECTIONAL</label>
        <tableName>ADDRESS</tableName>
        <jdbcType>VARCHAR</jdbcType>
        <precision>16</precision>
      </column>
      <column>
        <label>BOX_DESIGNATOR</label>
        <tableName>ADDRESS</tableName>
        <jdbcType>VARCHAR</jdbcType>
        <precision>16</precision>
      </column>
      <column>
        <label>BOX_ID</label>
        <tableName>ADDRESS</tableName>
        <jdbcType>VARCHAR</jdbcType>
        <precision>16</precision>
      </column>
      <column>
        <label>STN_INFO</label>
        <tableName>ADDRESS</tableName>
        <jdbcType>VARCHAR</jdbcType>
        <precision>16</precision>
      </column>
      <column>
        <label>STN_ID</label>
        <tableName>ADDRESS</tableName>
        <jdbcType>VARCHAR</jdbcType>
        <precision>16</precision>
      </column>
      <column>
        <label>REGION</label>
        <tableName>ADDRESS</tableName>
        <jdbcType>VARCHAR</jdbcType>
        <precision>32</precision>
      </column>
      <column>
        <label>DEL_DESIGNATOR</label>
        <tableName>ADDRESS</tableName>
        <jdbcType>VARCHAR</jdbcType>
        <precision>16</precision>
      </column>
      <column>
        <label>DEL_ID</label>
        <tableName>ADDRESS</tableName>
        <jdbcType>VARCHAR</jdbcType>
        <precision>16</precision>
      </column>
      <column>
        <label>DEL_INFO</label>
        <tableName>ADDRESS</tableName>
        <jdbcType>VARCHAR</jdbcType>
        <precision>50</precision>
      </column>
      <column>
        <label>P_CITY</label>
        <tableName>ADDRESS</tableName>
        <jdbcType>VARCHAR</jdbcType>
        <precision>20</precision>
      </column>
      <column>
        <label>P_STREET_NAME</label>
        <tableName>ADDRESS</tableName>
        <jdbcType>VARCHAR</jdbcType>
        <precision>30</precision>
      </column>
      <column>
        <label>XADDR_VERIFICATION_DT</label>
        <tableName>ADDRESS</tableName>
        <jdbcType>TIMESTAMP</jdbcType>
      </column>
      <column>
        <label>XSUBCITY_TP_CD</label>
        <tableName>ADDRESS</tableName>
        <jdbcType>BIGINT</jdbcType>
        <precision>19</precision>
      </column>
      <column>
        <label>XDISTRICT_TP_CD</label>
        <tableName>ADDRESS</tableName>
        <jdbcType>BIGINT</jdbcType>
        <precision>19</precision>
      </column>
      <column>
        <label>XBUILDING_NAME</label>
        <tableName>ADDRESS</tableName>
        <jdbcType>VARCHAR</jdbcType>
        <precision>500</precision>
      </column>
      <column>
        <label>XSTREET_NUMBER</label>
        <tableName>ADDRESS</tableName>
        <jdbcType>VARCHAR</jdbcType>
        <precision>500</precision>
      </column>
      <column>
        <label>XSTREET_NAME</label>
        <tableName>ADDRESS</tableName>
        <jdbcType>VARCHAR</jdbcType>
        <precision>250</precision>
      </column>
      <column>
        <label>XSuburb</label>
        <tableName>ADDRESS</tableName>
        <jdbcType>VARCHAR</jdbcType>
        <precision>255</precision>
      </column>
    </columns>
  </statement>
  <statement method='com.ibm.daimler.dsea.entityObject.XAddressExtInquiryData#getAddressGroupMicro(Object[])'>
    <parameters>
      <parameter>
        <parameterMode>parameterModeIn</parameterMode>
        <jdbcType>BIGINT</jdbcType>
        <precision>19</precision>
      </parameter>
      <parameter>
        <parameterMode>parameterModeIn</parameterMode>
        <jdbcType>BIGINT</jdbcType>
        <precision>19</precision>
      </parameter>
      <parameter>
        <parameterMode>parameterModeIn</parameterMode>
        <jdbcType>BIGINT</jdbcType>
        <precision>19</precision>
      </parameter>
      <parameter>
        <parameterMode>parameterModeIn</parameterMode>
        <jdbcType>TIMESTAMP</jdbcType>
      </parameter>
    </parameters>
    <columns>
      <column>
        <label>ADDRESS_ID</label>
        <tableName>ADDRESS</tableName>
        <jdbcType>BIGINT</jdbcType>
        <precision>19</precision>
      </column>
      <column>
        <label>RESIDENCE_TP_CD</label>
        <tableName>ADDRESS</tableName>
        <jdbcType>BIGINT</jdbcType>
        <precision>19</precision>
      </column>
      <column>
        <label>ADDR_LINE_ONE</label>
        <tableName>ADDRESS</tableName>
        <jdbcType>VARCHAR</jdbcType>
        <precision>100</precision>
      </column>
      <column>
        <label>ADDR_LINE_TWO</label>
        <tableName>ADDRESS</tableName>
        <jdbcType>VARCHAR</jdbcType>
        <precision>100</precision>
      </column>
      <column>
        <label>ADDR_LINE_THREE</label>
        <tableName>ADDRESS</tableName>
        <jdbcType>VARCHAR</jdbcType>
        <precision>100</precision>
      </column>
      <column>
        <label>P_ADDR_LINE_ONE</label>
        <tableName>ADDRESS</tableName>
        <jdbcType>CHAR</jdbcType>
        <precision>8</precision>
      </column>
      <column>
        <label>P_ADDR_LINE_TWO</label>
        <tableName>ADDRESS</tableName>
        <jdbcType>CHAR</jdbcType>
        <precision>8</precision>
      </column>
      <column>
        <label>P_ADDR_LINE_THREE</label>
        <tableName>ADDRESS</tableName>
        <jdbcType>CHAR</jdbcType>
        <precision>8</precision>
      </column>
      <column>
        <label>CITY_NAME</label>
        <tableName>ADDRESS</tableName>
        <jdbcType>VARCHAR</jdbcType>
        <precision>50</precision>
      </column>
      <column>
        <label>POSTAL_CODE</label>
        <tableName>ADDRESS</tableName>
        <jdbcType>VARCHAR</jdbcType>
        <precision>20</precision>
      </column>
      <column>
        <label>POSTAL_BARCODE</label>
        <tableName>ADDRESS</tableName>
        <jdbcType>VARCHAR</jdbcType>
        <precision>30</precision>
      </column>
      <column>
        <label>RESIDENCE_NUM</label>
        <tableName>ADDRESS</tableName>
        <jdbcType>VARCHAR</jdbcType>
        <precision>10</precision>
      </column>
      <column>
        <label>PROV_STATE_TP_CD</label>
        <tableName>ADDRESS</tableName>
        <jdbcType>BIGINT</jdbcType>
        <precision>19</precision>
      </column>
      <column>
        <label>COUNTY_CODE</label>
        <tableName>ADDRESS</tableName>
        <jdbcType>CHAR</jdbcType>
        <precision>3</precision>
      </column>
      <column>
        <label>COUNTRY_TP_CD</label>
        <tableName>ADDRESS</tableName>
        <jdbcType>BIGINT</jdbcType>
        <precision>19</precision>
      </column>
      <column>
        <label>ADDR_STANDARD_IND</label>
        <tableName>ADDRESS</tableName>
        <jdbcType>CHAR</jdbcType>
        <precision>1</precision>
      </column>
      <column>
        <label>OVERRIDE_IND</label>
        <tableName>ADDRESS</tableName>
        <jdbcType>CHAR</jdbcType>
        <precision>1</precision>
      </column>
      <column>
        <label>LATITUDE_DEGREES</label>
        <tableName>ADDRESS</tableName>
        <jdbcType>VARCHAR</jdbcType>
        <precision>10</precision>
      </column>
      <column>
        <label>LONGITUDE_DEGREES</label>
        <tableName>ADDRESS</tableName>
        <jdbcType>VARCHAR</jdbcType>
        <precision>10</precision>
      </column>
      <column>
        <label>LAST_UPDATE_DT</label>
        <tableName>ADDRESS</tableName>
        <jdbcType>TIMESTAMP</jdbcType>
      </column>
      <column>
        <label>LAST_UPDATE_USER</label>
        <tableName>ADDRESS</tableName>
        <jdbcType>VARCHAR</jdbcType>
        <precision>20</precision>
      </column>
      <column>
        <label>LAST_UPDATE_TX_ID</label>
        <tableName>ADDRESS</tableName>
        <jdbcType>BIGINT</jdbcType>
        <precision>19</precision>
      </column>
      <column>
        <label>BUILDING_NAME</label>
        <tableName>ADDRESS</tableName>
        <jdbcType>VARCHAR</jdbcType>
        <precision>64</precision>
      </column>
      <column>
        <label>STREET_NUMBER</label>
        <tableName>ADDRESS</tableName>
        <jdbcType>VARCHAR</jdbcType>
        <precision>16</precision>
      </column>
      <column>
        <label>STREET_NAME</label>
        <tableName>ADDRESS</tableName>
        <jdbcType>VARCHAR</jdbcType>
        <precision>64</precision>
      </column>
      <column>
        <label>STREET_SUFFIX</label>
        <tableName>ADDRESS</tableName>
        <jdbcType>VARCHAR</jdbcType>
        <precision>16</precision>
      </column>
      <column>
        <label>STREET_PREFIX</label>
        <tableName>ADDRESS</tableName>
        <jdbcType>VARCHAR</jdbcType>
        <precision>16</precision>
      </column>
      <column>
        <label>PRE_DIRECTIONAL</label>
        <tableName>ADDRESS</tableName>
        <jdbcType>VARCHAR</jdbcType>
        <precision>16</precision>
      </column>
      <column>
        <label>POST_DIRECTIONAL</label>
        <tableName>ADDRESS</tableName>
        <jdbcType>VARCHAR</jdbcType>
        <precision>16</precision>
      </column>
      <column>
        <label>BOX_DESIGNATOR</label>
        <tableName>ADDRESS</tableName>
        <jdbcType>VARCHAR</jdbcType>
        <precision>16</precision>
      </column>
      <column>
        <label>BOX_ID</label>
        <tableName>ADDRESS</tableName>
        <jdbcType>VARCHAR</jdbcType>
        <precision>16</precision>
      </column>
      <column>
        <label>STN_INFO</label>
        <tableName>ADDRESS</tableName>
        <jdbcType>VARCHAR</jdbcType>
        <precision>16</precision>
      </column>
      <column>
        <label>STN_ID</label>
        <tableName>ADDRESS</tableName>
        <jdbcType>VARCHAR</jdbcType>
        <precision>16</precision>
      </column>
      <column>
        <label>REGION</label>
        <tableName>ADDRESS</tableName>
        <jdbcType>VARCHAR</jdbcType>
        <precision>32</precision>
      </column>
      <column>
        <label>DEL_DESIGNATOR</label>
        <tableName>ADDRESS</tableName>
        <jdbcType>VARCHAR</jdbcType>
        <precision>16</precision>
      </column>
      <column>
        <label>DEL_ID</label>
        <tableName>ADDRESS</tableName>
        <jdbcType>VARCHAR</jdbcType>
        <precision>16</precision>
      </column>
      <column>
        <label>DEL_INFO</label>
        <tableName>ADDRESS</tableName>
        <jdbcType>VARCHAR</jdbcType>
        <precision>50</precision>
      </column>
      <column>
        <label>XADDR_VERIFICATION_DT</label>
        <tableName>ADDRESS</tableName>
        <jdbcType>TIMESTAMP</jdbcType>
      </column>
      <column>
        <label>XSUBCITY_TP_CD</label>
        <tableName>ADDRESS</tableName>
        <jdbcType>BIGINT</jdbcType>
        <precision>19</precision>
      </column>
      <column>
        <label>XDISTRICT_TP_CD</label>
        <tableName>ADDRESS</tableName>
        <jdbcType>BIGINT</jdbcType>
        <precision>19</precision>
      </column>
      <column>
        <label>XBUILDING_NAME</label>
        <tableName>ADDRESS</tableName>
        <jdbcType>VARCHAR</jdbcType>
        <precision>500</precision>
      </column>
      <column>
        <label>XSTREET_NUMBER</label>
        <tableName>ADDRESS</tableName>
        <jdbcType>VARCHAR</jdbcType>
        <precision>500</precision>
      </column>
      <column>
        <label>XSTREET_NAME</label>
        <tableName>ADDRESS</tableName>
        <jdbcType>VARCHAR</jdbcType>
        <precision>250</precision>
      </column>
      <column>
        <label>XSuburb</label>
        <tableName>ADDRESS</tableName>
        <jdbcType>VARCHAR</jdbcType>
        <precision>255</precision>
      </column>
    </columns>
  </statement>
  <statement method='com.ibm.daimler.dsea.entityObject.XAddressExtInquiryData#getAddressLightImages(Object[])'>
    <parameters>
      <parameter>
        <parameterMode>parameterModeIn</parameterMode>
        <jdbcType>BIGINT</jdbcType>
        <precision>19</precision>
      </parameter>
      <parameter>
        <parameterMode>parameterModeIn</parameterMode>
        <jdbcType>TIMESTAMP</jdbcType>
      </parameter>
      <parameter>
        <parameterMode>parameterModeIn</parameterMode>
        <jdbcType>TIMESTAMP</jdbcType>
      </parameter>
    </parameters>
    <columns>
      <column>
        <label>ADDRESS_ID</label>
        <tableName>ADDRESS</tableName>
        <jdbcType>BIGINT</jdbcType>
        <precision>19</precision>
      </column>
      <column>
        <label>LAST_UPDATE_DT</label>
        <tableName>ADDRESS</tableName>
        <jdbcType>TIMESTAMP</jdbcType>
      </column>
      <column>
        <label>XADDR_VERIFICATION_DT</label>
        <tableName>ADDRESS</tableName>
        <jdbcType>TIMESTAMP</jdbcType>
      </column>
      <column>
        <label>XSUBCITY_TP_CD</label>
        <tableName>ADDRESS</tableName>
        <jdbcType>BIGINT</jdbcType>
        <precision>19</precision>
      </column>
      <column>
        <label>XDISTRICT_TP_CD</label>
        <tableName>ADDRESS</tableName>
        <jdbcType>BIGINT</jdbcType>
        <precision>19</precision>
      </column>
      <column>
        <label>XBUILDING_NAME</label>
        <tableName>ADDRESS</tableName>
        <jdbcType>VARCHAR</jdbcType>
        <precision>500</precision>
      </column>
      <column>
        <label>XSTREET_NUMBER</label>
        <tableName>ADDRESS</tableName>
        <jdbcType>VARCHAR</jdbcType>
        <precision>500</precision>
      </column>
      <column>
        <label>XSTREET_NAME</label>
        <tableName>ADDRESS</tableName>
        <jdbcType>VARCHAR</jdbcType>
        <precision>250</precision>
      </column>
      <column>
        <label>XSuburb</label>
        <tableName>ADDRESS</tableName>
        <jdbcType>VARCHAR</jdbcType>
        <precision>255</precision>
      </column>
    </columns>
  </statement>
</metadata>
