<?xml version='1.0' encoding='utf-8'?>
<!DOCTYPE metadata>
<metadata>
  <statement method='com.ibm.daimler.dsea.entityObject.XContactMethodGroupExtInquiryData#getPartyContactMethodsHistory(Object[])'>
    <parameters>
      <parameter>
        <parameterMode>parameterModeIn</parameterMode>
        <jdbcType>BIGINT</jdbcType>
        <precision>19</precision>
      </parameter>
      <parameter>
        <parameterMode>parameterModeIn</parameterMode>
        <jdbcType>TIMESTAMP</jdbcType>
      </parameter>
      <parameter>
        <parameterMode>parameterModeIn</parameterMode>
        <jdbcType>TIMESTAMP</jdbcType>
      </parameter>
      <parameter>
        <parameterMode>parameterModeIn</parameterMode>
        <jdbcType>TIMESTAMP</jdbcType>
      </parameter>
      <parameter>
        <parameterMode>parameterModeIn</parameterMode>
        <jdbcType>TIMESTAMP</jdbcType>
      </parameter>
    </parameters>
    <columns>
      <column>
        <label>H_CONT_METHOD_GRP_ID</label>
        <tableName>CONTACTMETHODGROUP</tableName>
        <jdbcType>BIGINT</jdbcType>
        <precision>19</precision>
      </column>
      <column>
        <label>H_ACTION_CODE</label>
        <tableName>CONTACTMETHODGROUP</tableName>
        <jdbcType>CHAR</jdbcType>
        <precision>1</precision>
      </column>
      <column>
        <label>H_CREATED_BY</label>
        <tableName>CONTACTMETHODGROUP</tableName>
        <jdbcType>VARCHAR</jdbcType>
        <precision>20</precision>
      </column>
      <column>
        <label>H_CREATE_DT</label>
        <tableName>CONTACTMETHODGROUP</tableName>
        <jdbcType>TIMESTAMP</jdbcType>
      </column>
      <column>
        <label>H_END_DT</label>
        <tableName>CONTACTMETHODGROUP</tableName>
        <jdbcType>TIMESTAMP</jdbcType>
      </column>
      <column>
        <label>LOCATION_GROUP_ID</label>
        <tableName>CONTACTMETHODGROUP</tableName>
        <jdbcType>BIGINT</jdbcType>
        <precision>19</precision>
      </column>
      <column>
        <label>CONTACT_METHOD_ID</label>
        <tableName>CONTACTMETHODGROUP</tableName>
        <jdbcType>BIGINT</jdbcType>
        <precision>19</precision>
      </column>
      <column>
        <label>CONT_METH_TP_CD</label>
        <tableName>CONTACTMETHODGROUP</tableName>
        <jdbcType>BIGINT</jdbcType>
        <precision>19</precision>
      </column>
      <column>
        <label>METHOD_ST_TP_CD</label>
        <tableName>CONTACTMETHODGROUP</tableName>
        <jdbcType>BIGINT</jdbcType>
        <precision>19</precision>
      </column>
      <column>
        <label>ATTACH_ALLOW_IND</label>
        <tableName>CONTACTMETHODGROUP</tableName>
        <jdbcType>CHAR</jdbcType>
        <precision>1</precision>
      </column>
      <column>
        <label>TEXT_ONLY_IND</label>
        <tableName>CONTACTMETHODGROUP</tableName>
        <jdbcType>CHAR</jdbcType>
        <precision>1</precision>
      </column>
      <column>
        <label>MESSAGE_SIZE</label>
        <tableName>CONTACTMETHODGROUP</tableName>
        <jdbcType>VARCHAR</jdbcType>
        <precision>20</precision>
      </column>
      <column>
        <label>COMMENT_DESC</label>
        <tableName>CONTACTMETHODGROUP</tableName>
        <jdbcType>VARCHAR</jdbcType>
        <precision>100</precision>
      </column>
      <column>
        <label>LAST_UPDATE_DT</label>
        <tableName>CONTACTMETHODGROUP</tableName>
        <jdbcType>TIMESTAMP</jdbcType>
      </column>
      <column>
        <label>LAST_UPDATE_USER</label>
        <tableName>CONTACTMETHODGROUP</tableName>
        <jdbcType>VARCHAR</jdbcType>
        <precision>20</precision>
      </column>
      <column>
        <label>LAST_UPDATE_TX_ID</label>
        <tableName>CONTACTMETHODGROUP</tableName>
        <jdbcType>BIGINT</jdbcType>
        <precision>19</precision>
      </column>
      <column>
        <label>H_LOCATION_GROUP_I</label>
        <tableName>LOCATIONGROUP</tableName>
        <jdbcType>BIGINT</jdbcType>
        <precision>19</precision>
      </column>
      <column>
        <label>H_ACTION_CODE</label>
        <tableName>LOCATIONGROUP</tableName>
        <jdbcType>CHAR</jdbcType>
        <precision>1</precision>
      </column>
      <column>
        <label>H_CREATED_BY</label>
        <tableName>LOCATIONGROUP</tableName>
        <jdbcType>VARCHAR</jdbcType>
        <precision>20</precision>
      </column>
      <column>
        <label>H_CREATE_DT</label>
        <tableName>LOCATIONGROUP</tableName>
        <jdbcType>TIMESTAMP</jdbcType>
      </column>
      <column>
        <label>H_END_DT</label>
        <tableName>LOCATIONGROUP</tableName>
        <jdbcType>TIMESTAMP</jdbcType>
      </column>
      <column>
        <label>LOCATION_GROUP_ID</label>
        <tableName>LOCATIONGROUP</tableName>
        <jdbcType>BIGINT</jdbcType>
        <precision>19</precision>
      </column>
      <column>
        <label>UNDEL_REASON_TP_CD</label>
        <tableName>LOCATIONGROUP</tableName>
        <jdbcType>BIGINT</jdbcType>
        <precision>19</precision>
      </column>
      <column>
        <label>CONT_ID</label>
        <tableName>LOCATIONGROUP</tableName>
        <jdbcType>BIGINT</jdbcType>
        <precision>19</precision>
      </column>
      <column>
        <label>MEMBER_IND</label>
        <tableName>LOCATIONGROUP</tableName>
        <jdbcType>VARCHAR</jdbcType>
      </column>
      <column>
        <label>PREFERRED_IND</label>
        <tableName>LOCATIONGROUP</tableName>
        <jdbcType>VARCHAR</jdbcType>
      </column>
      <column>
        <label>SOLICIT_IND</label>
        <tableName>LOCATIONGROUP</tableName>
        <jdbcType>VARCHAR</jdbcType>
      </column>
      <column>
        <label>LOC_GROUP_TP_CODE</label>
        <tableName>LOCATIONGROUP</tableName>
        <jdbcType>VARCHAR</jdbcType>
      </column>
      <column>
        <label>EFFECT_START_MMDD</label>
        <tableName>LOCATIONGROUP</tableName>
        <jdbcType>INTEGER</jdbcType>
        <precision>10</precision>
      </column>
      <column>
        <label>EFFECT_END_MMDD</label>
        <tableName>LOCATIONGROUP</tableName>
        <jdbcType>INTEGER</jdbcType>
        <precision>10</precision>
      </column>
      <column>
        <label>EFFECT_START_TM</label>
        <tableName>LOCATIONGROUP</tableName>
        <jdbcType>INTEGER</jdbcType>
        <precision>10</precision>
      </column>
      <column>
        <label>EFFECT_END_TM</label>
        <tableName>LOCATIONGROUP</tableName>
        <jdbcType>INTEGER</jdbcType>
        <precision>10</precision>
      </column>
      <column>
        <label>START_DT</label>
        <tableName>LOCATIONGROUP</tableName>
        <jdbcType>TIMESTAMP</jdbcType>
      </column>
      <column>
        <label>END_DT</label>
        <tableName>LOCATIONGROUP</tableName>
        <jdbcType>TIMESTAMP</jdbcType>
      </column>
      <column>
        <label>LAST_UPDATE_DT</label>
        <tableName>LOCATIONGROUP</tableName>
        <jdbcType>TIMESTAMP</jdbcType>
      </column>
      <column>
        <label>LAST_UPDATE_USER</label>
        <tableName>LOCATIONGROUP</tableName>
        <jdbcType>VARCHAR</jdbcType>
        <precision>20</precision>
      </column>
      <column>
        <label>LAST_UPDATE_TX_ID</label>
        <tableName>LOCATIONGROUP</tableName>
        <jdbcType>BIGINT</jdbcType>
        <precision>19</precision>
      </column>
      <column>
        <label>LAST_USED_DT</label>
        <tableName>LOCATIONGROUP</tableName>
        <jdbcType>TIMESTAMP</jdbcType>
      </column>
      <column>
        <label>LAST_VERIFIED_DT</label>
        <tableName>LOCATIONGROUP</tableName>
        <jdbcType>TIMESTAMP</jdbcType>
      </column>
      <column>
        <label>SOURCE_IDENT_TP_CD</label>
        <tableName>LOCATIONGROUP</tableName>
        <jdbcType>BIGINT</jdbcType>
        <precision>19</precision>
      </column>
      <column>
        <label>XVERIFIED_TP_CD</label>
        <tableName>CONTACTMETHODGROUP</tableName>
        <jdbcType>BIGINT</jdbcType>
        <precision>19</precision>
      </column>
      <column>
        <label>XRETAILER_ID</label>
        <tableName>CONTACTMETHODGROUP</tableName>
        <jdbcType>BIGINT</jdbcType>
        <precision>19</precision>
      </column>
      <column>
        <label>XMODIFY_SYS_DT</label>
        <tableName>CONTACTMETHODGROUP</tableName>
        <jdbcType>TIMESTAMP</jdbcType>
      </column>
      <column>
        <label>XCONTACT_RETAILER_FLAG</label>
        <tableName>CONTACTMETHODGROUP</tableName>
        <jdbcType>VARCHAR</jdbcType>
        <precision>5</precision>
      </column>
      <column>
        <label>X_BPID</label>
        <tableName>CONTACTMETHODGROUP</tableName>
        <jdbcType>VARCHAR</jdbcType>
        <precision>50</precision>
      </column>
    </columns>
  </statement>
  <statement method='com.ibm.daimler.dsea.entityObject.XContactMethodGroupExtInquiryData#getActivePartyContactMethods(Object[])'>
    <parameters>
      <parameter>
        <parameterMode>parameterModeIn</parameterMode>
        <jdbcType>BIGINT</jdbcType>
        <precision>19</precision>
      </parameter>
      <parameter>
        <parameterMode>parameterModeIn</parameterMode>
        <jdbcType>TIMESTAMP</jdbcType>
      </parameter>
    </parameters>
    <columns>
      <column>
        <label>LOCATION_GROUP_ID</label>
        <tableName>CONTACTMETHODGROUP</tableName>
        <jdbcType>BIGINT</jdbcType>
        <precision>19</precision>
      </column>
      <column>
        <label>CONTACT_METHOD_ID</label>
        <tableName>CONTACTMETHODGROUP</tableName>
        <jdbcType>BIGINT</jdbcType>
        <precision>19</precision>
      </column>
      <column>
        <label>CONT_METH_TP_CD</label>
        <tableName>CONTACTMETHODGROUP</tableName>
        <jdbcType>BIGINT</jdbcType>
        <precision>19</precision>
      </column>
      <column>
        <label>METHOD_ST_TP_CD</label>
        <tableName>CONTACTMETHODGROUP</tableName>
        <jdbcType>BIGINT</jdbcType>
        <precision>19</precision>
      </column>
      <column>
        <label>ATTACH_ALLOW_IND</label>
        <tableName>CONTACTMETHODGROUP</tableName>
        <jdbcType>CHAR</jdbcType>
        <precision>1</precision>
      </column>
      <column>
        <label>TEXT_ONLY_IND</label>
        <tableName>CONTACTMETHODGROUP</tableName>
        <jdbcType>CHAR</jdbcType>
        <precision>1</precision>
      </column>
      <column>
        <label>MESSAGE_SIZE</label>
        <tableName>CONTACTMETHODGROUP</tableName>
        <jdbcType>VARCHAR</jdbcType>
        <precision>20</precision>
      </column>
      <column>
        <label>COMMENT_DESC</label>
        <tableName>CONTACTMETHODGROUP</tableName>
        <jdbcType>VARCHAR</jdbcType>
        <precision>100</precision>
      </column>
      <column>
        <label>LAST_UPDATE_DT</label>
        <tableName>CONTACTMETHODGROUP</tableName>
        <jdbcType>TIMESTAMP</jdbcType>
      </column>
      <column>
        <label>LAST_UPDATE_USER</label>
        <tableName>CONTACTMETHODGROUP</tableName>
        <jdbcType>VARCHAR</jdbcType>
        <precision>20</precision>
      </column>
      <column>
        <label>LAST_UPDATE_TX_ID</label>
        <tableName>CONTACTMETHODGROUP</tableName>
        <jdbcType>BIGINT</jdbcType>
        <precision>19</precision>
      </column>
      <column>
        <label>LOCATION_GROUP_ID</label>
        <tableName>LOCATIONGROUP</tableName>
        <jdbcType>BIGINT</jdbcType>
        <precision>19</precision>
      </column>
      <column>
        <label>UNDEL_REASON_TP_CD</label>
        <tableName>LOCATIONGROUP</tableName>
        <jdbcType>BIGINT</jdbcType>
        <precision>19</precision>
      </column>
      <column>
        <label>CONT_ID</label>
        <tableName>LOCATIONGROUP</tableName>
        <jdbcType>BIGINT</jdbcType>
        <precision>19</precision>
      </column>
      <column>
        <label>MEMBER_IND</label>
        <tableName>LOCATIONGROUP</tableName>
        <jdbcType>VARCHAR</jdbcType>
      </column>
      <column>
        <label>PREFERRED_IND</label>
        <tableName>LOCATIONGROUP</tableName>
        <jdbcType>VARCHAR</jdbcType>
      </column>
      <column>
        <label>SOLICIT_IND</label>
        <tableName>LOCATIONGROUP</tableName>
        <jdbcType>VARCHAR</jdbcType>
      </column>
      <column>
        <label>LOC_GROUP_TP_CODE</label>
        <tableName>LOCATIONGROUP</tableName>
        <jdbcType>VARCHAR</jdbcType>
      </column>
      <column>
        <label>EFFECT_START_MMDD</label>
        <tableName>LOCATIONGROUP</tableName>
        <jdbcType>INTEGER</jdbcType>
        <precision>10</precision>
      </column>
      <column>
        <label>EFFECT_END_MMDD</label>
        <tableName>LOCATIONGROUP</tableName>
        <jdbcType>INTEGER</jdbcType>
        <precision>10</precision>
      </column>
      <column>
        <label>EFFECT_START_TM</label>
        <tableName>LOCATIONGROUP</tableName>
        <jdbcType>INTEGER</jdbcType>
        <precision>10</precision>
      </column>
      <column>
        <label>EFFECT_END_TM</label>
        <tableName>LOCATIONGROUP</tableName>
        <jdbcType>INTEGER</jdbcType>
        <precision>10</precision>
      </column>
      <column>
        <label>START_DT</label>
        <tableName>LOCATIONGROUP</tableName>
        <jdbcType>TIMESTAMP</jdbcType>
      </column>
      <column>
        <label>END_DT</label>
        <tableName>LOCATIONGROUP</tableName>
        <jdbcType>TIMESTAMP</jdbcType>
      </column>
      <column>
        <label>LAST_UPDATE_DT</label>
        <tableName>LOCATIONGROUP</tableName>
        <jdbcType>TIMESTAMP</jdbcType>
      </column>
      <column>
        <label>LAST_UPDATE_USER</label>
        <tableName>LOCATIONGROUP</tableName>
        <jdbcType>VARCHAR</jdbcType>
        <precision>20</precision>
      </column>
      <column>
        <label>LAST_UPDATE_TX_ID</label>
        <tableName>LOCATIONGROUP</tableName>
        <jdbcType>BIGINT</jdbcType>
        <precision>19</precision>
      </column>
      <column>
        <label>LAST_USED_DT</label>
        <tableName>LOCATIONGROUP</tableName>
        <jdbcType>TIMESTAMP</jdbcType>
      </column>
      <column>
        <label>LAST_VERIFIED_DT</label>
        <tableName>LOCATIONGROUP</tableName>
        <jdbcType>TIMESTAMP</jdbcType>
      </column>
      <column>
        <label>SOURCE_IDENT_TP_CD</label>
        <tableName>LOCATIONGROUP</tableName>
        <jdbcType>BIGINT</jdbcType>
        <precision>19</precision>
      </column>
      <column>
        <label>XVERIFIED_TP_CD</label>
        <tableName>CONTACTMETHODGROUP</tableName>
        <jdbcType>BIGINT</jdbcType>
        <precision>19</precision>
      </column>
      <column>
        <label>XRETAILER_ID</label>
        <tableName>CONTACTMETHODGROUP</tableName>
        <jdbcType>BIGINT</jdbcType>
        <precision>19</precision>
      </column>
      <column>
        <label>XMODIFY_SYS_DT</label>
        <tableName>CONTACTMETHODGROUP</tableName>
        <jdbcType>TIMESTAMP</jdbcType>
      </column>
      <column>
        <label>XCONTACT_RETAILER_FLAG</label>
        <tableName>CONTACTMETHODGROUP</tableName>
        <jdbcType>VARCHAR</jdbcType>
        <precision>5</precision>
      </column>
      <column>
        <label>X_BPID</label>
        <tableName>CONTACTMETHODGROUP</tableName>
        <jdbcType>VARCHAR</jdbcType>
        <precision>50</precision>
      </column>
    </columns>
  </statement>
  <statement method='com.ibm.daimler.dsea.entityObject.XContactMethodGroupExtInquiryData#getInactivePartyContactMethods(Object[])'>
    <parameters>
      <parameter>
        <parameterMode>parameterModeIn</parameterMode>
        <jdbcType>BIGINT</jdbcType>
        <precision>19</precision>
      </parameter>
      <parameter>
        <parameterMode>parameterModeIn</parameterMode>
        <jdbcType>TIMESTAMP</jdbcType>
      </parameter>
    </parameters>
    <columns>
      <column>
        <label>LOCATION_GROUP_ID</label>
        <tableName>CONTACTMETHODGROUP</tableName>
        <jdbcType>BIGINT</jdbcType>
        <precision>19</precision>
      </column>
      <column>
        <label>CONTACT_METHOD_ID</label>
        <tableName>CONTACTMETHODGROUP</tableName>
        <jdbcType>BIGINT</jdbcType>
        <precision>19</precision>
      </column>
      <column>
        <label>CONT_METH_TP_CD</label>
        <tableName>CONTACTMETHODGROUP</tableName>
        <jdbcType>BIGINT</jdbcType>
        <precision>19</precision>
      </column>
      <column>
        <label>METHOD_ST_TP_CD</label>
        <tableName>CONTACTMETHODGROUP</tableName>
        <jdbcType>BIGINT</jdbcType>
        <precision>19</precision>
      </column>
      <column>
        <label>ATTACH_ALLOW_IND</label>
        <tableName>CONTACTMETHODGROUP</tableName>
        <jdbcType>CHAR</jdbcType>
        <precision>1</precision>
      </column>
      <column>
        <label>TEXT_ONLY_IND</label>
        <tableName>CONTACTMETHODGROUP</tableName>
        <jdbcType>CHAR</jdbcType>
        <precision>1</precision>
      </column>
      <column>
        <label>MESSAGE_SIZE</label>
        <tableName>CONTACTMETHODGROUP</tableName>
        <jdbcType>VARCHAR</jdbcType>
        <precision>20</precision>
      </column>
      <column>
        <label>COMMENT_DESC</label>
        <tableName>CONTACTMETHODGROUP</tableName>
        <jdbcType>VARCHAR</jdbcType>
        <precision>100</precision>
      </column>
      <column>
        <label>LAST_UPDATE_DT</label>
        <tableName>CONTACTMETHODGROUP</tableName>
        <jdbcType>TIMESTAMP</jdbcType>
      </column>
      <column>
        <label>LAST_UPDATE_USER</label>
        <tableName>CONTACTMETHODGROUP</tableName>
        <jdbcType>VARCHAR</jdbcType>
        <precision>20</precision>
      </column>
      <column>
        <label>LAST_UPDATE_TX_ID</label>
        <tableName>CONTACTMETHODGROUP</tableName>
        <jdbcType>BIGINT</jdbcType>
        <precision>19</precision>
      </column>
      <column>
        <label>LOCATION_GROUP_ID</label>
        <tableName>LOCATIONGROUP</tableName>
        <jdbcType>BIGINT</jdbcType>
        <precision>19</precision>
      </column>
      <column>
        <label>UNDEL_REASON_TP_CD</label>
        <tableName>LOCATIONGROUP</tableName>
        <jdbcType>BIGINT</jdbcType>
        <precision>19</precision>
      </column>
      <column>
        <label>CONT_ID</label>
        <tableName>LOCATIONGROUP</tableName>
        <jdbcType>BIGINT</jdbcType>
        <precision>19</precision>
      </column>
      <column>
        <label>MEMBER_IND</label>
        <tableName>LOCATIONGROUP</tableName>
        <jdbcType>VARCHAR</jdbcType>
      </column>
      <column>
        <label>PREFERRED_IND</label>
        <tableName>LOCATIONGROUP</tableName>
        <jdbcType>VARCHAR</jdbcType>
      </column>
      <column>
        <label>SOLICIT_IND</label>
        <tableName>LOCATIONGROUP</tableName>
        <jdbcType>VARCHAR</jdbcType>
      </column>
      <column>
        <label>LOC_GROUP_TP_CODE</label>
        <tableName>LOCATIONGROUP</tableName>
        <jdbcType>VARCHAR</jdbcType>
      </column>
      <column>
        <label>EFFECT_START_MMDD</label>
        <tableName>LOCATIONGROUP</tableName>
        <jdbcType>INTEGER</jdbcType>
        <precision>10</precision>
      </column>
      <column>
        <label>EFFECT_END_MMDD</label>
        <tableName>LOCATIONGROUP</tableName>
        <jdbcType>INTEGER</jdbcType>
        <precision>10</precision>
      </column>
      <column>
        <label>EFFECT_START_TM</label>
        <tableName>LOCATIONGROUP</tableName>
        <jdbcType>INTEGER</jdbcType>
        <precision>10</precision>
      </column>
      <column>
        <label>EFFECT_END_TM</label>
        <tableName>LOCATIONGROUP</tableName>
        <jdbcType>INTEGER</jdbcType>
        <precision>10</precision>
      </column>
      <column>
        <label>START_DT</label>
        <tableName>LOCATIONGROUP</tableName>
        <jdbcType>TIMESTAMP</jdbcType>
      </column>
      <column>
        <label>END_DT</label>
        <tableName>LOCATIONGROUP</tableName>
        <jdbcType>TIMESTAMP</jdbcType>
      </column>
      <column>
        <label>LAST_UPDATE_DT</label>
        <tableName>LOCATIONGROUP</tableName>
        <jdbcType>TIMESTAMP</jdbcType>
      </column>
      <column>
        <label>LAST_UPDATE_USER</label>
        <tableName>LOCATIONGROUP</tableName>
        <jdbcType>VARCHAR</jdbcType>
        <precision>20</precision>
      </column>
      <column>
        <label>LAST_UPDATE_TX_ID</label>
        <tableName>LOCATIONGROUP</tableName>
        <jdbcType>BIGINT</jdbcType>
        <precision>19</precision>
      </column>
      <column>
        <label>LAST_USED_DT</label>
        <tableName>LOCATIONGROUP</tableName>
        <jdbcType>TIMESTAMP</jdbcType>
      </column>
      <column>
        <label>LAST_VERIFIED_DT</label>
        <tableName>LOCATIONGROUP</tableName>
        <jdbcType>TIMESTAMP</jdbcType>
      </column>
      <column>
        <label>SOURCE_IDENT_TP_CD</label>
        <tableName>LOCATIONGROUP</tableName>
        <jdbcType>BIGINT</jdbcType>
        <precision>19</precision>
      </column>
      <column>
        <label>XVERIFIED_TP_CD</label>
        <tableName>CONTACTMETHODGROUP</tableName>
        <jdbcType>BIGINT</jdbcType>
        <precision>19</precision>
      </column>
      <column>
        <label>XRETAILER_ID</label>
        <tableName>CONTACTMETHODGROUP</tableName>
        <jdbcType>BIGINT</jdbcType>
        <precision>19</precision>
      </column>
      <column>
        <label>XMODIFY_SYS_DT</label>
        <tableName>CONTACTMETHODGROUP</tableName>
        <jdbcType>TIMESTAMP</jdbcType>
      </column>
      <column>
        <label>XCONTACT_RETAILER_FLAG</label>
        <tableName>CONTACTMETHODGROUP</tableName>
        <jdbcType>VARCHAR</jdbcType>
        <precision>5</precision>
      </column>
      <column>
        <label>X_BPID</label>
        <tableName>CONTACTMETHODGROUP</tableName>
        <jdbcType>VARCHAR</jdbcType>
        <precision>50</precision>
      </column>
    </columns>
  </statement>
  <statement method='com.ibm.daimler.dsea.entityObject.XContactMethodGroupExtInquiryData#getAllPartyContactMethods(Object[])'>
    <parameters>
      <parameter>
        <parameterMode>parameterModeIn</parameterMode>
        <jdbcType>BIGINT</jdbcType>
        <precision>19</precision>
      </parameter>
    </parameters>
    <columns>
      <column>
        <label>LOCATION_GROUP_ID</label>
        <tableName>CONTACTMETHODGROUP</tableName>
        <jdbcType>BIGINT</jdbcType>
        <precision>19</precision>
      </column>
      <column>
        <label>CONTACT_METHOD_ID</label>
        <tableName>CONTACTMETHODGROUP</tableName>
        <jdbcType>BIGINT</jdbcType>
        <precision>19</precision>
      </column>
      <column>
        <label>CONT_METH_TP_CD</label>
        <tableName>CONTACTMETHODGROUP</tableName>
        <jdbcType>BIGINT</jdbcType>
        <precision>19</precision>
      </column>
      <column>
        <label>METHOD_ST_TP_CD</label>
        <tableName>CONTACTMETHODGROUP</tableName>
        <jdbcType>BIGINT</jdbcType>
        <precision>19</precision>
      </column>
      <column>
        <label>ATTACH_ALLOW_IND</label>
        <tableName>CONTACTMETHODGROUP</tableName>
        <jdbcType>CHAR</jdbcType>
        <precision>1</precision>
      </column>
      <column>
        <label>TEXT_ONLY_IND</label>
        <tableName>CONTACTMETHODGROUP</tableName>
        <jdbcType>CHAR</jdbcType>
        <precision>1</precision>
      </column>
      <column>
        <label>MESSAGE_SIZE</label>
        <tableName>CONTACTMETHODGROUP</tableName>
        <jdbcType>VARCHAR</jdbcType>
        <precision>20</precision>
      </column>
      <column>
        <label>COMMENT_DESC</label>
        <tableName>CONTACTMETHODGROUP</tableName>
        <jdbcType>VARCHAR</jdbcType>
        <precision>100</precision>
      </column>
      <column>
        <label>LAST_UPDATE_DT</label>
        <tableName>CONTACTMETHODGROUP</tableName>
        <jdbcType>TIMESTAMP</jdbcType>
      </column>
      <column>
        <label>LAST_UPDATE_USER</label>
        <tableName>CONTACTMETHODGROUP</tableName>
        <jdbcType>VARCHAR</jdbcType>
        <precision>20</precision>
      </column>
      <column>
        <label>LAST_UPDATE_TX_ID</label>
        <tableName>CONTACTMETHODGROUP</tableName>
        <jdbcType>BIGINT</jdbcType>
        <precision>19</precision>
      </column>
      <column>
        <label>LOCATION_GROUP_ID</label>
        <tableName>LOCATIONGROUP</tableName>
        <jdbcType>BIGINT</jdbcType>
        <precision>19</precision>
      </column>
      <column>
        <label>UNDEL_REASON_TP_CD</label>
        <tableName>LOCATIONGROUP</tableName>
        <jdbcType>BIGINT</jdbcType>
        <precision>19</precision>
      </column>
      <column>
        <label>CONT_ID</label>
        <tableName>LOCATIONGROUP</tableName>
        <jdbcType>BIGINT</jdbcType>
        <precision>19</precision>
      </column>
      <column>
        <label>MEMBER_IND</label>
        <tableName>LOCATIONGROUP</tableName>
        <jdbcType>VARCHAR</jdbcType>
      </column>
      <column>
        <label>PREFERRED_IND</label>
        <tableName>LOCATIONGROUP</tableName>
        <jdbcType>VARCHAR</jdbcType>
      </column>
      <column>
        <label>SOLICIT_IND</label>
        <tableName>LOCATIONGROUP</tableName>
        <jdbcType>VARCHAR</jdbcType>
      </column>
      <column>
        <label>LOC_GROUP_TP_CODE</label>
        <tableName>LOCATIONGROUP</tableName>
        <jdbcType>VARCHAR</jdbcType>
      </column>
      <column>
        <label>EFFECT_START_MMDD</label>
        <tableName>LOCATIONGROUP</tableName>
        <jdbcType>INTEGER</jdbcType>
        <precision>10</precision>
      </column>
      <column>
        <label>EFFECT_END_MMDD</label>
        <tableName>LOCATIONGROUP</tableName>
        <jdbcType>INTEGER</jdbcType>
        <precision>10</precision>
      </column>
      <column>
        <label>EFFECT_START_TM</label>
        <tableName>LOCATIONGROUP</tableName>
        <jdbcType>INTEGER</jdbcType>
        <precision>10</precision>
      </column>
      <column>
        <label>EFFECT_END_TM</label>
        <tableName>LOCATIONGROUP</tableName>
        <jdbcType>INTEGER</jdbcType>
        <precision>10</precision>
      </column>
      <column>
        <label>START_DT</label>
        <tableName>LOCATIONGROUP</tableName>
        <jdbcType>TIMESTAMP</jdbcType>
      </column>
      <column>
        <label>END_DT</label>
        <tableName>LOCATIONGROUP</tableName>
        <jdbcType>TIMESTAMP</jdbcType>
      </column>
      <column>
        <label>LAST_UPDATE_DT</label>
        <tableName>LOCATIONGROUP</tableName>
        <jdbcType>TIMESTAMP</jdbcType>
      </column>
      <column>
        <label>LAST_UPDATE_USER</label>
        <tableName>LOCATIONGROUP</tableName>
        <jdbcType>VARCHAR</jdbcType>
        <precision>20</precision>
      </column>
      <column>
        <label>LAST_UPDATE_TX_ID</label>
        <tableName>LOCATIONGROUP</tableName>
        <jdbcType>BIGINT</jdbcType>
        <precision>19</precision>
      </column>
      <column>
        <label>LAST_USED_DT</label>
        <tableName>LOCATIONGROUP</tableName>
        <jdbcType>TIMESTAMP</jdbcType>
      </column>
      <column>
        <label>LAST_VERIFIED_DT</label>
        <tableName>LOCATIONGROUP</tableName>
        <jdbcType>TIMESTAMP</jdbcType>
      </column>
      <column>
        <label>SOURCE_IDENT_TP_CD</label>
        <tableName>LOCATIONGROUP</tableName>
        <jdbcType>BIGINT</jdbcType>
        <precision>19</precision>
      </column>
      <column>
        <label>XVERIFIED_TP_CD</label>
        <tableName>CONTACTMETHODGROUP</tableName>
        <jdbcType>BIGINT</jdbcType>
        <precision>19</precision>
      </column>
      <column>
        <label>XRETAILER_ID</label>
        <tableName>CONTACTMETHODGROUP</tableName>
        <jdbcType>BIGINT</jdbcType>
        <precision>19</precision>
      </column>
      <column>
        <label>XMODIFY_SYS_DT</label>
        <tableName>CONTACTMETHODGROUP</tableName>
        <jdbcType>TIMESTAMP</jdbcType>
      </column>
      <column>
        <label>XCONTACT_RETAILER_FLAG</label>
        <tableName>CONTACTMETHODGROUP</tableName>
        <jdbcType>VARCHAR</jdbcType>
        <precision>5</precision>
      </column>
      <column>
        <label>X_BPID</label>
        <tableName>CONTACTMETHODGROUP</tableName>
        <jdbcType>VARCHAR</jdbcType>
        <precision>50</precision>
      </column>
    </columns>
  </statement>
  <statement method='com.ibm.daimler.dsea.entityObject.XContactMethodGroupExtInquiryData#getPartyContactMethodHistory(Object[])'>
    <parameters>
      <parameter>
        <parameterMode>parameterModeIn</parameterMode>
        <jdbcType>BIGINT</jdbcType>
        <precision>19</precision>
      </parameter>
      <parameter>
        <parameterMode>parameterModeIn</parameterMode>
        <jdbcType>TIMESTAMP</jdbcType>
      </parameter>
      <parameter>
        <parameterMode>parameterModeIn</parameterMode>
        <jdbcType>TIMESTAMP</jdbcType>
      </parameter>
      <parameter>
        <parameterMode>parameterModeIn</parameterMode>
        <jdbcType>BIGINT</jdbcType>
        <precision>19</precision>
      </parameter>
      <parameter>
        <parameterMode>parameterModeIn</parameterMode>
        <jdbcType>TIMESTAMP</jdbcType>
      </parameter>
      <parameter>
        <parameterMode>parameterModeIn</parameterMode>
        <jdbcType>TIMESTAMP</jdbcType>
      </parameter>
    </parameters>
    <columns>
      <column>
        <label>H_CONT_METHOD_GRP_ID</label>
        <tableName>CONTACTMETHODGROUP</tableName>
        <jdbcType>BIGINT</jdbcType>
        <precision>19</precision>
      </column>
      <column>
        <label>H_ACTION_CODE</label>
        <tableName>CONTACTMETHODGROUP</tableName>
        <jdbcType>CHAR</jdbcType>
        <precision>1</precision>
      </column>
      <column>
        <label>H_CREATED_BY</label>
        <tableName>CONTACTMETHODGROUP</tableName>
        <jdbcType>VARCHAR</jdbcType>
        <precision>20</precision>
      </column>
      <column>
        <label>H_CREATE_DT</label>
        <tableName>CONTACTMETHODGROUP</tableName>
        <jdbcType>TIMESTAMP</jdbcType>
      </column>
      <column>
        <label>H_END_DT</label>
        <tableName>CONTACTMETHODGROUP</tableName>
        <jdbcType>TIMESTAMP</jdbcType>
      </column>
      <column>
        <label>LOCATION_GROUP_ID</label>
        <tableName>CONTACTMETHODGROUP</tableName>
        <jdbcType>BIGINT</jdbcType>
        <precision>19</precision>
      </column>
      <column>
        <label>CONTACT_METHOD_ID</label>
        <tableName>CONTACTMETHODGROUP</tableName>
        <jdbcType>BIGINT</jdbcType>
        <precision>19</precision>
      </column>
      <column>
        <label>CONT_METH_TP_CD</label>
        <tableName>CONTACTMETHODGROUP</tableName>
        <jdbcType>BIGINT</jdbcType>
        <precision>19</precision>
      </column>
      <column>
        <label>METHOD_ST_TP_CD</label>
        <tableName>CONTACTMETHODGROUP</tableName>
        <jdbcType>BIGINT</jdbcType>
        <precision>19</precision>
      </column>
      <column>
        <label>ATTACH_ALLOW_IND</label>
        <tableName>CONTACTMETHODGROUP</tableName>
        <jdbcType>CHAR</jdbcType>
        <precision>1</precision>
      </column>
      <column>
        <label>TEXT_ONLY_IND</label>
        <tableName>CONTACTMETHODGROUP</tableName>
        <jdbcType>CHAR</jdbcType>
        <precision>1</precision>
      </column>
      <column>
        <label>MESSAGE_SIZE</label>
        <tableName>CONTACTMETHODGROUP</tableName>
        <jdbcType>VARCHAR</jdbcType>
        <precision>20</precision>
      </column>
      <column>
        <label>COMMENT_DESC</label>
        <tableName>CONTACTMETHODGROUP</tableName>
        <jdbcType>VARCHAR</jdbcType>
        <precision>100</precision>
      </column>
      <column>
        <label>LAST_UPDATE_DT</label>
        <tableName>CONTACTMETHODGROUP</tableName>
        <jdbcType>TIMESTAMP</jdbcType>
      </column>
      <column>
        <label>LAST_UPDATE_USER</label>
        <tableName>CONTACTMETHODGROUP</tableName>
        <jdbcType>VARCHAR</jdbcType>
        <precision>20</precision>
      </column>
      <column>
        <label>LAST_UPDATE_TX_ID</label>
        <tableName>CONTACTMETHODGROUP</tableName>
        <jdbcType>BIGINT</jdbcType>
        <precision>19</precision>
      </column>
      <column>
        <label>H_LOCATION_GROUP_I</label>
        <tableName>LOCATIONGROUP</tableName>
        <jdbcType>BIGINT</jdbcType>
        <precision>19</precision>
      </column>
      <column>
        <label>H_ACTION_CODE</label>
        <tableName>LOCATIONGROUP</tableName>
        <jdbcType>CHAR</jdbcType>
        <precision>1</precision>
      </column>
      <column>
        <label>H_CREATED_BY</label>
        <tableName>LOCATIONGROUP</tableName>
        <jdbcType>VARCHAR</jdbcType>
        <precision>20</precision>
      </column>
      <column>
        <label>H_CREATE_DT</label>
        <tableName>LOCATIONGROUP</tableName>
        <jdbcType>TIMESTAMP</jdbcType>
      </column>
      <column>
        <label>H_END_DT</label>
        <tableName>LOCATIONGROUP</tableName>
        <jdbcType>TIMESTAMP</jdbcType>
      </column>
      <column>
        <label>LOCATION_GROUP_ID</label>
        <tableName>LOCATIONGROUP</tableName>
        <jdbcType>BIGINT</jdbcType>
        <precision>19</precision>
      </column>
      <column>
        <label>UNDEL_REASON_TP_CD</label>
        <tableName>LOCATIONGROUP</tableName>
        <jdbcType>BIGINT</jdbcType>
        <precision>19</precision>
      </column>
      <column>
        <label>CONT_ID</label>
        <tableName>LOCATIONGROUP</tableName>
        <jdbcType>BIGINT</jdbcType>
        <precision>19</precision>
      </column>
      <column>
        <label>MEMBER_IND</label>
        <tableName>LOCATIONGROUP</tableName>
        <jdbcType>VARCHAR</jdbcType>
      </column>
      <column>
        <label>PREFERRED_IND</label>
        <tableName>LOCATIONGROUP</tableName>
        <jdbcType>VARCHAR</jdbcType>
      </column>
      <column>
        <label>SOLICIT_IND</label>
        <tableName>LOCATIONGROUP</tableName>
        <jdbcType>VARCHAR</jdbcType>
      </column>
      <column>
        <label>LOC_GROUP_TP_CODE</label>
        <tableName>LOCATIONGROUP</tableName>
        <jdbcType>VARCHAR</jdbcType>
      </column>
      <column>
        <label>EFFECT_START_MMDD</label>
        <tableName>LOCATIONGROUP</tableName>
        <jdbcType>INTEGER</jdbcType>
        <precision>10</precision>
      </column>
      <column>
        <label>EFFECT_END_MMDD</label>
        <tableName>LOCATIONGROUP</tableName>
        <jdbcType>INTEGER</jdbcType>
        <precision>10</precision>
      </column>
      <column>
        <label>EFFECT_START_TM</label>
        <tableName>LOCATIONGROUP</tableName>
        <jdbcType>INTEGER</jdbcType>
        <precision>10</precision>
      </column>
      <column>
        <label>EFFECT_END_TM</label>
        <tableName>LOCATIONGROUP</tableName>
        <jdbcType>INTEGER</jdbcType>
        <precision>10</precision>
      </column>
      <column>
        <label>START_DT</label>
        <tableName>LOCATIONGROUP</tableName>
        <jdbcType>TIMESTAMP</jdbcType>
      </column>
      <column>
        <label>END_DT</label>
        <tableName>LOCATIONGROUP</tableName>
        <jdbcType>TIMESTAMP</jdbcType>
      </column>
      <column>
        <label>LAST_UPDATE_DT</label>
        <tableName>LOCATIONGROUP</tableName>
        <jdbcType>TIMESTAMP</jdbcType>
      </column>
      <column>
        <label>LAST_UPDATE_USER</label>
        <tableName>LOCATIONGROUP</tableName>
        <jdbcType>VARCHAR</jdbcType>
        <precision>20</precision>
      </column>
      <column>
        <label>LAST_UPDATE_TX_ID</label>
        <tableName>LOCATIONGROUP</tableName>
        <jdbcType>BIGINT</jdbcType>
        <precision>19</precision>
      </column>
      <column>
        <label>LAST_USED_DT</label>
        <tableName>LOCATIONGROUP</tableName>
        <jdbcType>TIMESTAMP</jdbcType>
      </column>
      <column>
        <label>LAST_VERIFIED_DT</label>
        <tableName>LOCATIONGROUP</tableName>
        <jdbcType>TIMESTAMP</jdbcType>
      </column>
      <column>
        <label>SOURCE_IDENT_TP_CD</label>
        <tableName>LOCATIONGROUP</tableName>
        <jdbcType>BIGINT</jdbcType>
        <precision>19</precision>
      </column>
      <column>
        <label>XVERIFIED_TP_CD</label>
        <tableName>CONTACTMETHODGROUP</tableName>
        <jdbcType>BIGINT</jdbcType>
        <precision>19</precision>
      </column>
      <column>
        <label>XRETAILER_ID</label>
        <tableName>CONTACTMETHODGROUP</tableName>
        <jdbcType>BIGINT</jdbcType>
        <precision>19</precision>
      </column>
      <column>
        <label>XMODIFY_SYS_DT</label>
        <tableName>CONTACTMETHODGROUP</tableName>
        <jdbcType>TIMESTAMP</jdbcType>
      </column>
      <column>
        <label>XCONTACT_RETAILER_FLAG</label>
        <tableName>CONTACTMETHODGROUP</tableName>
        <jdbcType>VARCHAR</jdbcType>
        <precision>5</precision>
      </column>
      <column>
        <label>X_BPID</label>
        <tableName>CONTACTMETHODGROUP</tableName>
        <jdbcType>VARCHAR</jdbcType>
        <precision>50</precision>
      </column>
    </columns>
  </statement>
  <statement method='com.ibm.daimler.dsea.entityObject.XContactMethodGroupExtInquiryData#getPartyContactMethodByID(Object[])'>
    <parameters>
      <parameter>
        <parameterMode>parameterModeIn</parameterMode>
        <jdbcType>BIGINT</jdbcType>
        <precision>19</precision>
      </parameter>
    </parameters>
    <columns>
      <column>
        <label>LOCATION_GROUP_ID</label>
        <tableName>CONTACTMETHODGROUP</tableName>
        <jdbcType>BIGINT</jdbcType>
        <precision>19</precision>
      </column>
      <column>
        <label>CONTACT_METHOD_ID</label>
        <tableName>CONTACTMETHODGROUP</tableName>
        <jdbcType>BIGINT</jdbcType>
        <precision>19</precision>
      </column>
      <column>
        <label>CONT_METH_TP_CD</label>
        <tableName>CONTACTMETHODGROUP</tableName>
        <jdbcType>BIGINT</jdbcType>
        <precision>19</precision>
      </column>
      <column>
        <label>METHOD_ST_TP_CD</label>
        <tableName>CONTACTMETHODGROUP</tableName>
        <jdbcType>BIGINT</jdbcType>
        <precision>19</precision>
      </column>
      <column>
        <label>ATTACH_ALLOW_IND</label>
        <tableName>CONTACTMETHODGROUP</tableName>
        <jdbcType>CHAR</jdbcType>
        <precision>1</precision>
      </column>
      <column>
        <label>TEXT_ONLY_IND</label>
        <tableName>CONTACTMETHODGROUP</tableName>
        <jdbcType>CHAR</jdbcType>
        <precision>1</precision>
      </column>
      <column>
        <label>MESSAGE_SIZE</label>
        <tableName>CONTACTMETHODGROUP</tableName>
        <jdbcType>VARCHAR</jdbcType>
        <precision>20</precision>
      </column>
      <column>
        <label>COMMENT_DESC</label>
        <tableName>CONTACTMETHODGROUP</tableName>
        <jdbcType>VARCHAR</jdbcType>
        <precision>100</precision>
      </column>
      <column>
        <label>LAST_UPDATE_DT</label>
        <tableName>CONTACTMETHODGROUP</tableName>
        <jdbcType>TIMESTAMP</jdbcType>
      </column>
      <column>
        <label>LAST_UPDATE_USER</label>
        <tableName>CONTACTMETHODGROUP</tableName>
        <jdbcType>VARCHAR</jdbcType>
        <precision>20</precision>
      </column>
      <column>
        <label>LAST_UPDATE_TX_ID</label>
        <tableName>CONTACTMETHODGROUP</tableName>
        <jdbcType>BIGINT</jdbcType>
        <precision>19</precision>
      </column>
      <column>
        <label>LOCATION_GROUP_ID</label>
        <tableName>LOCATIONGROUP</tableName>
        <jdbcType>BIGINT</jdbcType>
        <precision>19</precision>
      </column>
      <column>
        <label>UNDEL_REASON_TP_CD</label>
        <tableName>LOCATIONGROUP</tableName>
        <jdbcType>BIGINT</jdbcType>
        <precision>19</precision>
      </column>
      <column>
        <label>CONT_ID</label>
        <tableName>LOCATIONGROUP</tableName>
        <jdbcType>BIGINT</jdbcType>
        <precision>19</precision>
      </column>
      <column>
        <label>MEMBER_IND</label>
        <tableName>LOCATIONGROUP</tableName>
        <jdbcType>VARCHAR</jdbcType>
      </column>
      <column>
        <label>PREFERRED_IND</label>
        <tableName>LOCATIONGROUP</tableName>
        <jdbcType>VARCHAR</jdbcType>
      </column>
      <column>
        <label>SOLICIT_IND</label>
        <tableName>LOCATIONGROUP</tableName>
        <jdbcType>VARCHAR</jdbcType>
      </column>
      <column>
        <label>LOC_GROUP_TP_CODE</label>
        <tableName>LOCATIONGROUP</tableName>
        <jdbcType>VARCHAR</jdbcType>
      </column>
      <column>
        <label>EFFECT_START_MMDD</label>
        <tableName>LOCATIONGROUP</tableName>
        <jdbcType>INTEGER</jdbcType>
        <precision>10</precision>
      </column>
      <column>
        <label>EFFECT_END_MMDD</label>
        <tableName>LOCATIONGROUP</tableName>
        <jdbcType>INTEGER</jdbcType>
        <precision>10</precision>
      </column>
      <column>
        <label>EFFECT_START_TM</label>
        <tableName>LOCATIONGROUP</tableName>
        <jdbcType>INTEGER</jdbcType>
        <precision>10</precision>
      </column>
      <column>
        <label>EFFECT_END_TM</label>
        <tableName>LOCATIONGROUP</tableName>
        <jdbcType>INTEGER</jdbcType>
        <precision>10</precision>
      </column>
      <column>
        <label>START_DT</label>
        <tableName>LOCATIONGROUP</tableName>
        <jdbcType>TIMESTAMP</jdbcType>
      </column>
      <column>
        <label>END_DT</label>
        <tableName>LOCATIONGROUP</tableName>
        <jdbcType>TIMESTAMP</jdbcType>
      </column>
      <column>
        <label>LAST_UPDATE_DT</label>
        <tableName>LOCATIONGROUP</tableName>
        <jdbcType>TIMESTAMP</jdbcType>
      </column>
      <column>
        <label>LAST_UPDATE_USER</label>
        <tableName>LOCATIONGROUP</tableName>
        <jdbcType>VARCHAR</jdbcType>
        <precision>20</precision>
      </column>
      <column>
        <label>LAST_UPDATE_TX_ID</label>
        <tableName>LOCATIONGROUP</tableName>
        <jdbcType>BIGINT</jdbcType>
        <precision>19</precision>
      </column>
      <column>
        <label>LAST_USED_DT</label>
        <tableName>LOCATIONGROUP</tableName>
        <jdbcType>TIMESTAMP</jdbcType>
      </column>
      <column>
        <label>LAST_VERIFIED_DT</label>
        <tableName>LOCATIONGROUP</tableName>
        <jdbcType>TIMESTAMP</jdbcType>
      </column>
      <column>
        <label>SOURCE_IDENT_TP_CD</label>
        <tableName>LOCATIONGROUP</tableName>
        <jdbcType>BIGINT</jdbcType>
        <precision>19</precision>
      </column>
      <column>
        <label>XVERIFIED_TP_CD</label>
        <tableName>CONTACTMETHODGROUP</tableName>
        <jdbcType>BIGINT</jdbcType>
        <precision>19</precision>
      </column>
      <column>
        <label>XRETAILER_ID</label>
        <tableName>CONTACTMETHODGROUP</tableName>
        <jdbcType>BIGINT</jdbcType>
        <precision>19</precision>
      </column>
      <column>
        <label>XMODIFY_SYS_DT</label>
        <tableName>CONTACTMETHODGROUP</tableName>
        <jdbcType>TIMESTAMP</jdbcType>
      </column>
      <column>
        <label>XCONTACT_RETAILER_FLAG</label>
        <tableName>CONTACTMETHODGROUP</tableName>
        <jdbcType>VARCHAR</jdbcType>
        <precision>5</precision>
      </column>
      <column>
        <label>X_BPID</label>
        <tableName>CONTACTMETHODGROUP</tableName>
        <jdbcType>VARCHAR</jdbcType>
        <precision>50</precision>
      </column>
    </columns>
  </statement>
  <statement method='com.ibm.daimler.dsea.entityObject.XContactMethodGroupExtInquiryData#getPartyContactMethodImages(Object[])'>
    <parameters>
      <parameter>
        <parameterMode>parameterModeIn</parameterMode>
        <jdbcType>BIGINT</jdbcType>
        <precision>19</precision>
      </parameter>
      <parameter>
        <parameterMode>parameterModeIn</parameterMode>
        <jdbcType>TIMESTAMP</jdbcType>
      </parameter>
      <parameter>
        <parameterMode>parameterModeIn</parameterMode>
        <jdbcType>TIMESTAMP</jdbcType>
      </parameter>
      <parameter>
        <parameterMode>parameterModeIn</parameterMode>
        <jdbcType>BIGINT</jdbcType>
        <precision>19</precision>
      </parameter>
      <parameter>
        <parameterMode>parameterModeIn</parameterMode>
        <jdbcType>TIMESTAMP</jdbcType>
      </parameter>
      <parameter>
        <parameterMode>parameterModeIn</parameterMode>
        <jdbcType>TIMESTAMP</jdbcType>
      </parameter>
    </parameters>
    <columns>
      <column>
        <label>H_CONT_METHOD_GRP_ID</label>
        <tableName>CONTACTMETHODGROUP</tableName>
        <jdbcType>BIGINT</jdbcType>
        <precision>19</precision>
      </column>
      <column>
        <label>H_ACTION_CODE</label>
        <tableName>CONTACTMETHODGROUP</tableName>
        <jdbcType>CHAR</jdbcType>
        <precision>1</precision>
      </column>
      <column>
        <label>H_CREATED_BY</label>
        <tableName>CONTACTMETHODGROUP</tableName>
        <jdbcType>VARCHAR</jdbcType>
        <precision>20</precision>
      </column>
      <column>
        <label>H_CREATE_DT</label>
        <tableName>CONTACTMETHODGROUP</tableName>
        <jdbcType>TIMESTAMP</jdbcType>
      </column>
      <column>
        <label>H_END_DT</label>
        <tableName>CONTACTMETHODGROUP</tableName>
        <jdbcType>TIMESTAMP</jdbcType>
      </column>
      <column>
        <label>LOCATION_GROUP_ID</label>
        <tableName>CONTACTMETHODGROUP</tableName>
        <jdbcType>BIGINT</jdbcType>
        <precision>19</precision>
      </column>
      <column>
        <label>CONTACT_METHOD_ID</label>
        <tableName>CONTACTMETHODGROUP</tableName>
        <jdbcType>BIGINT</jdbcType>
        <precision>19</precision>
      </column>
      <column>
        <label>CONT_METH_TP_CD</label>
        <tableName>CONTACTMETHODGROUP</tableName>
        <jdbcType>BIGINT</jdbcType>
        <precision>19</precision>
      </column>
      <column>
        <label>METHOD_ST_TP_CD</label>
        <tableName>CONTACTMETHODGROUP</tableName>
        <jdbcType>BIGINT</jdbcType>
        <precision>19</precision>
      </column>
      <column>
        <label>ATTACH_ALLOW_IND</label>
        <tableName>CONTACTMETHODGROUP</tableName>
        <jdbcType>CHAR</jdbcType>
        <precision>1</precision>
      </column>
      <column>
        <label>TEXT_ONLY_IND</label>
        <tableName>CONTACTMETHODGROUP</tableName>
        <jdbcType>CHAR</jdbcType>
        <precision>1</precision>
      </column>
      <column>
        <label>MESSAGE_SIZE</label>
        <tableName>CONTACTMETHODGROUP</tableName>
        <jdbcType>VARCHAR</jdbcType>
        <precision>20</precision>
      </column>
      <column>
        <label>COMMENT_DESC</label>
        <tableName>CONTACTMETHODGROUP</tableName>
        <jdbcType>VARCHAR</jdbcType>
        <precision>100</precision>
      </column>
      <column>
        <label>LAST_UPDATE_DT</label>
        <tableName>CONTACTMETHODGROUP</tableName>
        <jdbcType>TIMESTAMP</jdbcType>
      </column>
      <column>
        <label>LAST_UPDATE_USER</label>
        <tableName>CONTACTMETHODGROUP</tableName>
        <jdbcType>VARCHAR</jdbcType>
        <precision>20</precision>
      </column>
      <column>
        <label>LAST_UPDATE_TX_ID</label>
        <tableName>CONTACTMETHODGROUP</tableName>
        <jdbcType>BIGINT</jdbcType>
        <precision>19</precision>
      </column>
      <column>
        <label>H_LOCATION_GROUP_I</label>
        <tableName>LOCATIONGROUP</tableName>
        <jdbcType>BIGINT</jdbcType>
        <precision>19</precision>
      </column>
      <column>
        <label>H_ACTION_CODE</label>
        <tableName>LOCATIONGROUP</tableName>
        <jdbcType>CHAR</jdbcType>
        <precision>1</precision>
      </column>
      <column>
        <label>H_CREATED_BY</label>
        <tableName>LOCATIONGROUP</tableName>
        <jdbcType>VARCHAR</jdbcType>
        <precision>20</precision>
      </column>
      <column>
        <label>H_CREATE_DT</label>
        <tableName>LOCATIONGROUP</tableName>
        <jdbcType>TIMESTAMP</jdbcType>
      </column>
      <column>
        <label>H_END_DT</label>
        <tableName>LOCATIONGROUP</tableName>
        <jdbcType>TIMESTAMP</jdbcType>
      </column>
      <column>
        <label>LOCATION_GROUP_ID</label>
        <tableName>LOCATIONGROUP</tableName>
        <jdbcType>BIGINT</jdbcType>
        <precision>19</precision>
      </column>
      <column>
        <label>UNDEL_REASON_TP_CD</label>
        <tableName>LOCATIONGROUP</tableName>
        <jdbcType>BIGINT</jdbcType>
        <precision>19</precision>
      </column>
      <column>
        <label>CONT_ID</label>
        <tableName>LOCATIONGROUP</tableName>
        <jdbcType>BIGINT</jdbcType>
        <precision>19</precision>
      </column>
      <column>
        <label>MEMBER_IND</label>
        <tableName>LOCATIONGROUP</tableName>
        <jdbcType>VARCHAR</jdbcType>
      </column>
      <column>
        <label>PREFERRED_IND</label>
        <tableName>LOCATIONGROUP</tableName>
        <jdbcType>VARCHAR</jdbcType>
      </column>
      <column>
        <label>SOLICIT_IND</label>
        <tableName>LOCATIONGROUP</tableName>
        <jdbcType>VARCHAR</jdbcType>
      </column>
      <column>
        <label>LOC_GROUP_TP_CODE</label>
        <tableName>LOCATIONGROUP</tableName>
        <jdbcType>VARCHAR</jdbcType>
      </column>
      <column>
        <label>EFFECT_START_MMDD</label>
        <tableName>LOCATIONGROUP</tableName>
        <jdbcType>INTEGER</jdbcType>
        <precision>10</precision>
      </column>
      <column>
        <label>EFFECT_END_MMDD</label>
        <tableName>LOCATIONGROUP</tableName>
        <jdbcType>INTEGER</jdbcType>
        <precision>10</precision>
      </column>
      <column>
        <label>EFFECT_START_TM</label>
        <tableName>LOCATIONGROUP</tableName>
        <jdbcType>INTEGER</jdbcType>
        <precision>10</precision>
      </column>
      <column>
        <label>EFFECT_END_TM</label>
        <tableName>LOCATIONGROUP</tableName>
        <jdbcType>INTEGER</jdbcType>
        <precision>10</precision>
      </column>
      <column>
        <label>START_DT</label>
        <tableName>LOCATIONGROUP</tableName>
        <jdbcType>TIMESTAMP</jdbcType>
      </column>
      <column>
        <label>END_DT</label>
        <tableName>LOCATIONGROUP</tableName>
        <jdbcType>TIMESTAMP</jdbcType>
      </column>
      <column>
        <label>LAST_UPDATE_DT</label>
        <tableName>LOCATIONGROUP</tableName>
        <jdbcType>TIMESTAMP</jdbcType>
      </column>
      <column>
        <label>LAST_UPDATE_USER</label>
        <tableName>LOCATIONGROUP</tableName>
        <jdbcType>VARCHAR</jdbcType>
        <precision>20</precision>
      </column>
      <column>
        <label>LAST_UPDATE_TX_ID</label>
        <tableName>LOCATIONGROUP</tableName>
        <jdbcType>BIGINT</jdbcType>
        <precision>19</precision>
      </column>
      <column>
        <label>LAST_USED_DT</label>
        <tableName>LOCATIONGROUP</tableName>
        <jdbcType>TIMESTAMP</jdbcType>
      </column>
      <column>
        <label>LAST_VERIFIED_DT</label>
        <tableName>LOCATIONGROUP</tableName>
        <jdbcType>TIMESTAMP</jdbcType>
      </column>
      <column>
        <label>SOURCE_IDENT_TP_CD</label>
        <tableName>LOCATIONGROUP</tableName>
        <jdbcType>BIGINT</jdbcType>
        <precision>19</precision>
      </column>
      <column>
        <label>XVERIFIED_TP_CD</label>
        <tableName>CONTACTMETHODGROUP</tableName>
        <jdbcType>BIGINT</jdbcType>
        <precision>19</precision>
      </column>
      <column>
        <label>XRETAILER_ID</label>
        <tableName>CONTACTMETHODGROUP</tableName>
        <jdbcType>BIGINT</jdbcType>
        <precision>19</precision>
      </column>
      <column>
        <label>XMODIFY_SYS_DT</label>
        <tableName>CONTACTMETHODGROUP</tableName>
        <jdbcType>TIMESTAMP</jdbcType>
      </column>
      <column>
        <label>XCONTACT_RETAILER_FLAG</label>
        <tableName>CONTACTMETHODGROUP</tableName>
        <jdbcType>VARCHAR</jdbcType>
        <precision>5</precision>
      </column>
      <column>
        <label>X_BPID</label>
        <tableName>CONTACTMETHODGROUP</tableName>
        <jdbcType>VARCHAR</jdbcType>
        <precision>50</precision>
      </column>
    </columns>
  </statement>
  <statement method='com.ibm.daimler.dsea.entityObject.XContactMethodGroupExtInquiryData#getPartyContactMethodsLightImages(Object[])'>
    <parameters>
      <parameter>
        <parameterMode>parameterModeIn</parameterMode>
        <jdbcType>BIGINT</jdbcType>
        <precision>19</precision>
      </parameter>
      <parameter>
        <parameterMode>parameterModeIn</parameterMode>
        <jdbcType>TIMESTAMP</jdbcType>
      </parameter>
      <parameter>
        <parameterMode>parameterModeIn</parameterMode>
        <jdbcType>TIMESTAMP</jdbcType>
      </parameter>
      <parameter>
        <parameterMode>parameterModeIn</parameterMode>
        <jdbcType>TIMESTAMP</jdbcType>
      </parameter>
      <parameter>
        <parameterMode>parameterModeIn</parameterMode>
        <jdbcType>TIMESTAMP</jdbcType>
      </parameter>
    </parameters>
    <columns>
      <column>
        <label>LOCATION_GROUP_ID</label>
        <tableName>CONTACTMETHODGROUP</tableName>
        <jdbcType>BIGINT</jdbcType>
        <precision>19</precision>
      </column>
      <column>
        <label>CONTACT_METHOD_ID</label>
        <tableName>CONTACTMETHODGROUP</tableName>
        <jdbcType>BIGINT</jdbcType>
        <precision>19</precision>
      </column>
      <column>
        <label>LAST_UPDATE_DT</label>
        <tableName>CONTACTMETHODGROUP</tableName>
        <jdbcType>TIMESTAMP</jdbcType>
      </column>
      <column>
        <label>LOCATION_GROUP_ID</label>
        <tableName>LOCATIONGROUP</tableName>
        <jdbcType>BIGINT</jdbcType>
        <precision>19</precision>
      </column>
      <column>
        <label>LAST_UPDATE_DT</label>
        <tableName>LOCATIONGROUP</tableName>
        <jdbcType>TIMESTAMP</jdbcType>
      </column>
      <column>
        <label>XVERIFIED_TP_CD</label>
        <tableName>CONTACTMETHODGROUP</tableName>
        <jdbcType>BIGINT</jdbcType>
        <precision>19</precision>
      </column>
      <column>
        <label>XRETAILER_ID</label>
        <tableName>CONTACTMETHODGROUP</tableName>
        <jdbcType>BIGINT</jdbcType>
        <precision>19</precision>
      </column>
      <column>
        <label>XMODIFY_SYS_DT</label>
        <tableName>CONTACTMETHODGROUP</tableName>
        <jdbcType>TIMESTAMP</jdbcType>
      </column>
      <column>
        <label>XCONTACT_RETAILER_FLAG</label>
        <tableName>CONTACTMETHODGROUP</tableName>
        <jdbcType>VARCHAR</jdbcType>
        <precision>5</precision>
      </column>
      <column>
        <label>X_BPID</label>
        <tableName>CONTACTMETHODGROUP</tableName>
        <jdbcType>VARCHAR</jdbcType>
        <precision>50</precision>
      </column>
    </columns>
  </statement>
  <statement method='com.ibm.daimler.dsea.entityObject.XContactMethodGroupExtInquiryData#getPartyContactMethodHistoryByID(Object[])'>
    <parameters>
      <parameter>
        <parameterMode>parameterModeIn</parameterMode>
        <jdbcType>BIGINT</jdbcType>
        <precision>19</precision>
      </parameter>
      <parameter>
        <parameterMode>parameterModeIn</parameterMode>
        <jdbcType>TIMESTAMP</jdbcType>
      </parameter>
      <parameter>
        <parameterMode>parameterModeIn</parameterMode>
        <jdbcType>TIMESTAMP</jdbcType>
      </parameter>
      <parameter>
        <parameterMode>parameterModeIn</parameterMode>
        <jdbcType>TIMESTAMP</jdbcType>
      </parameter>
      <parameter>
        <parameterMode>parameterModeIn</parameterMode>
        <jdbcType>TIMESTAMP</jdbcType>
      </parameter>
    </parameters>
    <columns>
      <column>
        <label>H_CONT_METHOD_GRP_ID</label>
        <tableName>CONTACTMETHODGROUP</tableName>
        <jdbcType>BIGINT</jdbcType>
        <precision>19</precision>
      </column>
      <column>
        <label>H_ACTION_CODE</label>
        <tableName>CONTACTMETHODGROUP</tableName>
        <jdbcType>CHAR</jdbcType>
        <precision>1</precision>
      </column>
      <column>
        <label>H_CREATED_BY</label>
        <tableName>CONTACTMETHODGROUP</tableName>
        <jdbcType>VARCHAR</jdbcType>
        <precision>20</precision>
      </column>
      <column>
        <label>H_CREATE_DT</label>
        <tableName>CONTACTMETHODGROUP</tableName>
        <jdbcType>TIMESTAMP</jdbcType>
      </column>
      <column>
        <label>H_END_DT</label>
        <tableName>CONTACTMETHODGROUP</tableName>
        <jdbcType>TIMESTAMP</jdbcType>
      </column>
      <column>
        <label>LOCATION_GROUP_ID</label>
        <tableName>CONTACTMETHODGROUP</tableName>
        <jdbcType>BIGINT</jdbcType>
        <precision>19</precision>
      </column>
      <column>
        <label>CONTACT_METHOD_ID</label>
        <tableName>CONTACTMETHODGROUP</tableName>
        <jdbcType>BIGINT</jdbcType>
        <precision>19</precision>
      </column>
      <column>
        <label>CONT_METH_TP_CD</label>
        <tableName>CONTACTMETHODGROUP</tableName>
        <jdbcType>BIGINT</jdbcType>
        <precision>19</precision>
      </column>
      <column>
        <label>METHOD_ST_TP_CD</label>
        <tableName>CONTACTMETHODGROUP</tableName>
        <jdbcType>BIGINT</jdbcType>
        <precision>19</precision>
      </column>
      <column>
        <label>ATTACH_ALLOW_IND</label>
        <tableName>CONTACTMETHODGROUP</tableName>
        <jdbcType>CHAR</jdbcType>
        <precision>1</precision>
      </column>
      <column>
        <label>TEXT_ONLY_IND</label>
        <tableName>CONTACTMETHODGROUP</tableName>
        <jdbcType>CHAR</jdbcType>
        <precision>1</precision>
      </column>
      <column>
        <label>MESSAGE_SIZE</label>
        <tableName>CONTACTMETHODGROUP</tableName>
        <jdbcType>VARCHAR</jdbcType>
        <precision>20</precision>
      </column>
      <column>
        <label>COMMENT_DESC</label>
        <tableName>CONTACTMETHODGROUP</tableName>
        <jdbcType>VARCHAR</jdbcType>
        <precision>100</precision>
      </column>
      <column>
        <label>LAST_UPDATE_DT</label>
        <tableName>CONTACTMETHODGROUP</tableName>
        <jdbcType>TIMESTAMP</jdbcType>
      </column>
      <column>
        <label>LAST_UPDATE_USER</label>
        <tableName>CONTACTMETHODGROUP</tableName>
        <jdbcType>VARCHAR</jdbcType>
        <precision>20</precision>
      </column>
      <column>
        <label>LAST_UPDATE_TX_ID</label>
        <tableName>CONTACTMETHODGROUP</tableName>
        <jdbcType>BIGINT</jdbcType>
        <precision>19</precision>
      </column>
      <column>
        <label>H_LOCATION_GROUP_I</label>
        <tableName>LOCATIONGROUP</tableName>
        <jdbcType>BIGINT</jdbcType>
        <precision>19</precision>
      </column>
      <column>
        <label>H_ACTION_CODE</label>
        <tableName>LOCATIONGROUP</tableName>
        <jdbcType>CHAR</jdbcType>
        <precision>1</precision>
      </column>
      <column>
        <label>H_CREATED_BY</label>
        <tableName>LOCATIONGROUP</tableName>
        <jdbcType>VARCHAR</jdbcType>
        <precision>20</precision>
      </column>
      <column>
        <label>H_CREATE_DT</label>
        <tableName>LOCATIONGROUP</tableName>
        <jdbcType>TIMESTAMP</jdbcType>
      </column>
      <column>
        <label>H_END_DT</label>
        <tableName>LOCATIONGROUP</tableName>
        <jdbcType>TIMESTAMP</jdbcType>
      </column>
      <column>
        <label>LOCATION_GROUP_ID</label>
        <tableName>LOCATIONGROUP</tableName>
        <jdbcType>BIGINT</jdbcType>
        <precision>19</precision>
      </column>
      <column>
        <label>UNDEL_REASON_TP_CD</label>
        <tableName>LOCATIONGROUP</tableName>
        <jdbcType>BIGINT</jdbcType>
        <precision>19</precision>
      </column>
      <column>
        <label>CONT_ID</label>
        <tableName>LOCATIONGROUP</tableName>
        <jdbcType>BIGINT</jdbcType>
        <precision>19</precision>
      </column>
      <column>
        <label>MEMBER_IND</label>
        <tableName>LOCATIONGROUP</tableName>
        <jdbcType>VARCHAR</jdbcType>
      </column>
      <column>
        <label>PREFERRED_IND</label>
        <tableName>LOCATIONGROUP</tableName>
        <jdbcType>VARCHAR</jdbcType>
      </column>
      <column>
        <label>SOLICIT_IND</label>
        <tableName>LOCATIONGROUP</tableName>
        <jdbcType>VARCHAR</jdbcType>
      </column>
      <column>
        <label>LOC_GROUP_TP_CODE</label>
        <tableName>LOCATIONGROUP</tableName>
        <jdbcType>VARCHAR</jdbcType>
      </column>
      <column>
        <label>EFFECT_START_MMDD</label>
        <tableName>LOCATIONGROUP</tableName>
        <jdbcType>INTEGER</jdbcType>
        <precision>10</precision>
      </column>
      <column>
        <label>EFFECT_END_MMDD</label>
        <tableName>LOCATIONGROUP</tableName>
        <jdbcType>INTEGER</jdbcType>
        <precision>10</precision>
      </column>
      <column>
        <label>EFFECT_START_TM</label>
        <tableName>LOCATIONGROUP</tableName>
        <jdbcType>INTEGER</jdbcType>
        <precision>10</precision>
      </column>
      <column>
        <label>EFFECT_END_TM</label>
        <tableName>LOCATIONGROUP</tableName>
        <jdbcType>INTEGER</jdbcType>
        <precision>10</precision>
      </column>
      <column>
        <label>START_DT</label>
        <tableName>LOCATIONGROUP</tableName>
        <jdbcType>TIMESTAMP</jdbcType>
      </column>
      <column>
        <label>END_DT</label>
        <tableName>LOCATIONGROUP</tableName>
        <jdbcType>TIMESTAMP</jdbcType>
      </column>
      <column>
        <label>LAST_UPDATE_DT</label>
        <tableName>LOCATIONGROUP</tableName>
        <jdbcType>TIMESTAMP</jdbcType>
      </column>
      <column>
        <label>LAST_UPDATE_USER</label>
        <tableName>LOCATIONGROUP</tableName>
        <jdbcType>VARCHAR</jdbcType>
        <precision>20</precision>
      </column>
      <column>
        <label>LAST_UPDATE_TX_ID</label>
        <tableName>LOCATIONGROUP</tableName>
        <jdbcType>BIGINT</jdbcType>
        <precision>19</precision>
      </column>
      <column>
        <label>LAST_USED_DT</label>
        <tableName>LOCATIONGROUP</tableName>
        <jdbcType>TIMESTAMP</jdbcType>
      </column>
      <column>
        <label>LAST_VERIFIED_DT</label>
        <tableName>LOCATIONGROUP</tableName>
        <jdbcType>TIMESTAMP</jdbcType>
      </column>
      <column>
        <label>SOURCE_IDENT_TP_CD</label>
        <tableName>LOCATIONGROUP</tableName>
        <jdbcType>BIGINT</jdbcType>
        <precision>19</precision>
      </column>
      <column>
        <label>XVERIFIED_TP_CD</label>
        <tableName>CONTACTMETHODGROUP</tableName>
        <jdbcType>BIGINT</jdbcType>
        <precision>19</precision>
      </column>
      <column>
        <label>XRETAILER_ID</label>
        <tableName>CONTACTMETHODGROUP</tableName>
        <jdbcType>BIGINT</jdbcType>
        <precision>19</precision>
      </column>
      <column>
        <label>XMODIFY_SYS_DT</label>
        <tableName>CONTACTMETHODGROUP</tableName>
        <jdbcType>TIMESTAMP</jdbcType>
      </column>
      <column>
        <label>XCONTACT_RETAILER_FLAG</label>
        <tableName>CONTACTMETHODGROUP</tableName>
        <jdbcType>VARCHAR</jdbcType>
        <precision>5</precision>
      </column>
      <column>
        <label>X_BPID</label>
        <tableName>CONTACTMETHODGROUP</tableName>
        <jdbcType>VARCHAR</jdbcType>
        <precision>50</precision>
      </column>
    </columns>
  </statement>
  <statement method='com.ibm.daimler.dsea.entityObject.XContactMethodGroupExtInquiryData#getPartyContactMethod(Object[])'>
    <parameters>
      <parameter>
        <parameterMode>parameterModeIn</parameterMode>
        <jdbcType>BIGINT</jdbcType>
        <precision>19</precision>
      </parameter>
      <parameter>
        <parameterMode>parameterModeIn</parameterMode>
        <jdbcType>BIGINT</jdbcType>
        <precision>19</precision>
      </parameter>
      <parameter>
        <parameterMode>parameterModeIn</parameterMode>
        <jdbcType>TIMESTAMP</jdbcType>
      </parameter>
      <parameter>
        <parameterMode>parameterModeIn</parameterMode>
        <jdbcType>BIGINT</jdbcType>
        <precision>19</precision>
      </parameter>
      <parameter>
        <parameterMode>parameterModeIn</parameterMode>
        <jdbcType>BIGINT</jdbcType>
        <precision>19</precision>
      </parameter>
      <parameter>
        <parameterMode>parameterModeIn</parameterMode>
        <jdbcType>TIMESTAMP</jdbcType>
      </parameter>
    </parameters>
    <columns>
      <column>
        <label>LOCATION_GROUP_ID</label>
        <tableName>CONTACTMETHODGROUP</tableName>
        <jdbcType>BIGINT</jdbcType>
        <precision>19</precision>
      </column>
      <column>
        <label>CONTACT_METHOD_ID</label>
        <tableName>CONTACTMETHODGROUP</tableName>
        <jdbcType>BIGINT</jdbcType>
        <precision>19</precision>
      </column>
      <column>
        <label>CONT_METH_TP_CD</label>
        <tableName>CONTACTMETHODGROUP</tableName>
        <jdbcType>BIGINT</jdbcType>
        <precision>19</precision>
      </column>
      <column>
        <label>METHOD_ST_TP_CD</label>
        <tableName>CONTACTMETHODGROUP</tableName>
        <jdbcType>BIGINT</jdbcType>
        <precision>19</precision>
      </column>
      <column>
        <label>ATTACH_ALLOW_IND</label>
        <tableName>CONTACTMETHODGROUP</tableName>
        <jdbcType>CHAR</jdbcType>
        <precision>1</precision>
      </column>
      <column>
        <label>TEXT_ONLY_IND</label>
        <tableName>CONTACTMETHODGROUP</tableName>
        <jdbcType>CHAR</jdbcType>
        <precision>1</precision>
      </column>
      <column>
        <label>MESSAGE_SIZE</label>
        <tableName>CONTACTMETHODGROUP</tableName>
        <jdbcType>VARCHAR</jdbcType>
        <precision>20</precision>
      </column>
      <column>
        <label>COMMENT_DESC</label>
        <tableName>CONTACTMETHODGROUP</tableName>
        <jdbcType>VARCHAR</jdbcType>
        <precision>100</precision>
      </column>
      <column>
        <label>LAST_UPDATE_DT</label>
        <tableName>CONTACTMETHODGROUP</tableName>
        <jdbcType>TIMESTAMP</jdbcType>
      </column>
      <column>
        <label>LAST_UPDATE_USER</label>
        <tableName>CONTACTMETHODGROUP</tableName>
        <jdbcType>VARCHAR</jdbcType>
        <precision>20</precision>
      </column>
      <column>
        <label>LAST_UPDATE_TX_ID</label>
        <tableName>CONTACTMETHODGROUP</tableName>
        <jdbcType>BIGINT</jdbcType>
        <precision>19</precision>
      </column>
      <column>
        <label>LOCATION_GROUP_ID</label>
        <tableName>LOCATIONGROUP</tableName>
        <jdbcType>BIGINT</jdbcType>
        <precision>19</precision>
      </column>
      <column>
        <label>UNDEL_REASON_TP_CD</label>
        <tableName>LOCATIONGROUP</tableName>
        <jdbcType>BIGINT</jdbcType>
        <precision>19</precision>
      </column>
      <column>
        <label>CONT_ID</label>
        <tableName>LOCATIONGROUP</tableName>
        <jdbcType>BIGINT</jdbcType>
        <precision>19</precision>
      </column>
      <column>
        <label>MEMBER_IND</label>
        <tableName>LOCATIONGROUP</tableName>
        <jdbcType>VARCHAR</jdbcType>
      </column>
      <column>
        <label>PREFERRED_IND</label>
        <tableName>LOCATIONGROUP</tableName>
        <jdbcType>VARCHAR</jdbcType>
      </column>
      <column>
        <label>SOLICIT_IND</label>
        <tableName>LOCATIONGROUP</tableName>
        <jdbcType>VARCHAR</jdbcType>
      </column>
      <column>
        <label>LOC_GROUP_TP_CODE</label>
        <tableName>LOCATIONGROUP</tableName>
        <jdbcType>VARCHAR</jdbcType>
      </column>
      <column>
        <label>EFFECT_START_MMDD</label>
        <tableName>LOCATIONGROUP</tableName>
        <jdbcType>INTEGER</jdbcType>
        <precision>10</precision>
      </column>
      <column>
        <label>EFFECT_END_MMDD</label>
        <tableName>LOCATIONGROUP</tableName>
        <jdbcType>INTEGER</jdbcType>
        <precision>10</precision>
      </column>
      <column>
        <label>EFFECT_START_TM</label>
        <tableName>LOCATIONGROUP</tableName>
        <jdbcType>INTEGER</jdbcType>
        <precision>10</precision>
      </column>
      <column>
        <label>EFFECT_END_TM</label>
        <tableName>LOCATIONGROUP</tableName>
        <jdbcType>INTEGER</jdbcType>
        <precision>10</precision>
      </column>
      <column>
        <label>START_DT</label>
        <tableName>LOCATIONGROUP</tableName>
        <jdbcType>TIMESTAMP</jdbcType>
      </column>
      <column>
        <label>END_DT</label>
        <tableName>LOCATIONGROUP</tableName>
        <jdbcType>TIMESTAMP</jdbcType>
      </column>
      <column>
        <label>LAST_UPDATE_DT</label>
        <tableName>LOCATIONGROUP</tableName>
        <jdbcType>TIMESTAMP</jdbcType>
      </column>
      <column>
        <label>LAST_UPDATE_USER</label>
        <tableName>LOCATIONGROUP</tableName>
        <jdbcType>VARCHAR</jdbcType>
        <precision>20</precision>
      </column>
      <column>
        <label>LAST_UPDATE_TX_ID</label>
        <tableName>LOCATIONGROUP</tableName>
        <jdbcType>BIGINT</jdbcType>
        <precision>19</precision>
      </column>
      <column>
        <label>LAST_USED_DT</label>
        <tableName>LOCATIONGROUP</tableName>
        <jdbcType>TIMESTAMP</jdbcType>
      </column>
      <column>
        <label>LAST_VERIFIED_DT</label>
        <tableName>LOCATIONGROUP</tableName>
        <jdbcType>TIMESTAMP</jdbcType>
      </column>
      <column>
        <label>SOURCE_IDENT_TP_CD</label>
        <tableName>LOCATIONGROUP</tableName>
        <jdbcType>BIGINT</jdbcType>
        <precision>19</precision>
      </column>
      <column>
        <label>XVERIFIED_TP_CD</label>
        <tableName>CONTACTMETHODGROUP</tableName>
        <jdbcType>BIGINT</jdbcType>
        <precision>19</precision>
      </column>
      <column>
        <label>XRETAILER_ID</label>
        <tableName>CONTACTMETHODGROUP</tableName>
        <jdbcType>BIGINT</jdbcType>
        <precision>19</precision>
      </column>
      <column>
        <label>XMODIFY_SYS_DT</label>
        <tableName>CONTACTMETHODGROUP</tableName>
        <jdbcType>TIMESTAMP</jdbcType>
      </column>
      <column>
        <label>XCONTACT_RETAILER_FLAG</label>
        <tableName>CONTACTMETHODGROUP</tableName>
        <jdbcType>VARCHAR</jdbcType>
        <precision>5</precision>
      </column>
      <column>
        <label>X_BPID</label>
        <tableName>CONTACTMETHODGROUP</tableName>
        <jdbcType>VARCHAR</jdbcType>
        <precision>50</precision>
      </column>
    </columns>
  </statement>
  <statement method='com.ibm.daimler.dsea.entityObject.XContactMethodGroupExtInquiryData#getAllPartyContactMethodByContMethodID(Object[])'>
    <parameters>
      <parameter>
        <parameterMode>parameterModeIn</parameterMode>
        <jdbcType>BIGINT</jdbcType>
        <precision>19</precision>
      </parameter>
    </parameters>
    <columns>
      <column>
        <label>LOCATION_GROUP_ID</label>
        <tableName>CONTACTMETHODGROUP</tableName>
        <jdbcType>BIGINT</jdbcType>
        <precision>19</precision>
      </column>
      <column>
        <label>CONTACT_METHOD_ID</label>
        <tableName>CONTACTMETHODGROUP</tableName>
        <jdbcType>BIGINT</jdbcType>
        <precision>19</precision>
      </column>
      <column>
        <label>CONT_METH_TP_CD</label>
        <tableName>CONTACTMETHODGROUP</tableName>
        <jdbcType>BIGINT</jdbcType>
        <precision>19</precision>
      </column>
      <column>
        <label>METHOD_ST_TP_CD</label>
        <tableName>CONTACTMETHODGROUP</tableName>
        <jdbcType>BIGINT</jdbcType>
        <precision>19</precision>
      </column>
      <column>
        <label>ATTACH_ALLOW_IND</label>
        <tableName>CONTACTMETHODGROUP</tableName>
        <jdbcType>CHAR</jdbcType>
        <precision>1</precision>
      </column>
      <column>
        <label>TEXT_ONLY_IND</label>
        <tableName>CONTACTMETHODGROUP</tableName>
        <jdbcType>CHAR</jdbcType>
        <precision>1</precision>
      </column>
      <column>
        <label>MESSAGE_SIZE</label>
        <tableName>CONTACTMETHODGROUP</tableName>
        <jdbcType>VARCHAR</jdbcType>
        <precision>20</precision>
      </column>
      <column>
        <label>COMMENT_DESC</label>
        <tableName>CONTACTMETHODGROUP</tableName>
        <jdbcType>VARCHAR</jdbcType>
        <precision>100</precision>
      </column>
      <column>
        <label>LAST_UPDATE_DT</label>
        <tableName>CONTACTMETHODGROUP</tableName>
        <jdbcType>TIMESTAMP</jdbcType>
      </column>
      <column>
        <label>LAST_UPDATE_USER</label>
        <tableName>CONTACTMETHODGROUP</tableName>
        <jdbcType>VARCHAR</jdbcType>
        <precision>20</precision>
      </column>
      <column>
        <label>LAST_UPDATE_TX_ID</label>
        <tableName>CONTACTMETHODGROUP</tableName>
        <jdbcType>BIGINT</jdbcType>
        <precision>19</precision>
      </column>
      <column>
        <label>LOCATION_GROUP_ID</label>
        <tableName>LOCATIONGROUP</tableName>
        <jdbcType>BIGINT</jdbcType>
        <precision>19</precision>
      </column>
      <column>
        <label>UNDEL_REASON_TP_CD</label>
        <tableName>LOCATIONGROUP</tableName>
        <jdbcType>BIGINT</jdbcType>
        <precision>19</precision>
      </column>
      <column>
        <label>CONT_ID</label>
        <tableName>LOCATIONGROUP</tableName>
        <jdbcType>BIGINT</jdbcType>
        <precision>19</precision>
      </column>
      <column>
        <label>MEMBER_IND</label>
        <tableName>LOCATIONGROUP</tableName>
        <jdbcType>VARCHAR</jdbcType>
      </column>
      <column>
        <label>PREFERRED_IND</label>
        <tableName>LOCATIONGROUP</tableName>
        <jdbcType>VARCHAR</jdbcType>
      </column>
      <column>
        <label>SOLICIT_IND</label>
        <tableName>LOCATIONGROUP</tableName>
        <jdbcType>VARCHAR</jdbcType>
      </column>
      <column>
        <label>LOC_GROUP_TP_CODE</label>
        <tableName>LOCATIONGROUP</tableName>
        <jdbcType>VARCHAR</jdbcType>
      </column>
      <column>
        <label>EFFECT_START_MMDD</label>
        <tableName>LOCATIONGROUP</tableName>
        <jdbcType>INTEGER</jdbcType>
        <precision>10</precision>
      </column>
      <column>
        <label>EFFECT_END_MMDD</label>
        <tableName>LOCATIONGROUP</tableName>
        <jdbcType>INTEGER</jdbcType>
        <precision>10</precision>
      </column>
      <column>
        <label>EFFECT_START_TM</label>
        <tableName>LOCATIONGROUP</tableName>
        <jdbcType>INTEGER</jdbcType>
        <precision>10</precision>
      </column>
      <column>
        <label>EFFECT_END_TM</label>
        <tableName>LOCATIONGROUP</tableName>
        <jdbcType>INTEGER</jdbcType>
        <precision>10</precision>
      </column>
      <column>
        <label>START_DT</label>
        <tableName>LOCATIONGROUP</tableName>
        <jdbcType>TIMESTAMP</jdbcType>
      </column>
      <column>
        <label>END_DT</label>
        <tableName>LOCATIONGROUP</tableName>
        <jdbcType>TIMESTAMP</jdbcType>
      </column>
      <column>
        <label>LAST_UPDATE_DT</label>
        <tableName>LOCATIONGROUP</tableName>
        <jdbcType>TIMESTAMP</jdbcType>
      </column>
      <column>
        <label>LAST_UPDATE_USER</label>
        <tableName>LOCATIONGROUP</tableName>
        <jdbcType>VARCHAR</jdbcType>
        <precision>20</precision>
      </column>
      <column>
        <label>LAST_UPDATE_TX_ID</label>
        <tableName>LOCATIONGROUP</tableName>
        <jdbcType>BIGINT</jdbcType>
        <precision>19</precision>
      </column>
      <column>
        <label>XVERIFIED_TP_CD</label>
        <tableName>CONTACTMETHODGROUP</tableName>
        <jdbcType>BIGINT</jdbcType>
        <precision>19</precision>
      </column>
      <column>
        <label>XRETAILER_ID</label>
        <tableName>CONTACTMETHODGROUP</tableName>
        <jdbcType>BIGINT</jdbcType>
        <precision>19</precision>
      </column>
      <column>
        <label>XMODIFY_SYS_DT</label>
        <tableName>CONTACTMETHODGROUP</tableName>
        <jdbcType>TIMESTAMP</jdbcType>
      </column>
      <column>
        <label>XCONTACT_RETAILER_FLAG</label>
        <tableName>CONTACTMETHODGROUP</tableName>
        <jdbcType>VARCHAR</jdbcType>
        <precision>5</precision>
      </column>
      <column>
        <label>X_BPID</label>
        <tableName>CONTACTMETHODGROUP</tableName>
        <jdbcType>VARCHAR</jdbcType>
        <precision>50</precision>
      </column>
    </columns>
  </statement>
  <statement method='com.ibm.daimler.dsea.entityObject.XContactMethodGroupExtInquiryData#getAllPartyContactMethodByAddressdID(Object[])'>
    <parameters>
      <parameter>
        <parameterMode>parameterModeIn</parameterMode>
        <jdbcType>BIGINT</jdbcType>
        <precision>19</precision>
      </parameter>
    </parameters>
    <columns>
      <column>
        <label>LOCATION_GROUP_ID</label>
        <tableName>CONTACTMETHODGROUP</tableName>
        <jdbcType>BIGINT</jdbcType>
        <precision>19</precision>
      </column>
      <column>
        <label>CONTACT_METHOD_ID</label>
        <tableName>CONTACTMETHODGROUP</tableName>
        <jdbcType>BIGINT</jdbcType>
        <precision>19</precision>
      </column>
      <column>
        <label>CONT_METH_TP_CD</label>
        <tableName>CONTACTMETHODGROUP</tableName>
        <jdbcType>BIGINT</jdbcType>
        <precision>19</precision>
      </column>
      <column>
        <label>METHOD_ST_TP_CD</label>
        <tableName>CONTACTMETHODGROUP</tableName>
        <jdbcType>BIGINT</jdbcType>
        <precision>19</precision>
      </column>
      <column>
        <label>ATTACH_ALLOW_IND</label>
        <tableName>CONTACTMETHODGROUP</tableName>
        <jdbcType>CHAR</jdbcType>
        <precision>1</precision>
      </column>
      <column>
        <label>TEXT_ONLY_IND</label>
        <tableName>CONTACTMETHODGROUP</tableName>
        <jdbcType>CHAR</jdbcType>
        <precision>1</precision>
      </column>
      <column>
        <label>MESSAGE_SIZE</label>
        <tableName>CONTACTMETHODGROUP</tableName>
        <jdbcType>VARCHAR</jdbcType>
        <precision>20</precision>
      </column>
      <column>
        <label>COMMENT_DESC</label>
        <tableName>CONTACTMETHODGROUP</tableName>
        <jdbcType>VARCHAR</jdbcType>
        <precision>100</precision>
      </column>
      <column>
        <label>LAST_UPDATE_DT</label>
        <tableName>CONTACTMETHODGROUP</tableName>
        <jdbcType>TIMESTAMP</jdbcType>
      </column>
      <column>
        <label>LAST_UPDATE_USER</label>
        <tableName>CONTACTMETHODGROUP</tableName>
        <jdbcType>VARCHAR</jdbcType>
        <precision>20</precision>
      </column>
      <column>
        <label>LAST_UPDATE_TX_ID</label>
        <tableName>CONTACTMETHODGROUP</tableName>
        <jdbcType>BIGINT</jdbcType>
        <precision>19</precision>
      </column>
      <column>
        <label>LOCATION_GROUP_ID</label>
        <tableName>LOCATIONGROUP</tableName>
        <jdbcType>BIGINT</jdbcType>
        <precision>19</precision>
      </column>
      <column>
        <label>UNDEL_REASON_TP_CD</label>
        <tableName>LOCATIONGROUP</tableName>
        <jdbcType>BIGINT</jdbcType>
        <precision>19</precision>
      </column>
      <column>
        <label>CONT_ID</label>
        <tableName>LOCATIONGROUP</tableName>
        <jdbcType>BIGINT</jdbcType>
        <precision>19</precision>
      </column>
      <column>
        <label>MEMBER_IND</label>
        <tableName>LOCATIONGROUP</tableName>
        <jdbcType>VARCHAR</jdbcType>
      </column>
      <column>
        <label>PREFERRED_IND</label>
        <tableName>LOCATIONGROUP</tableName>
        <jdbcType>VARCHAR</jdbcType>
      </column>
      <column>
        <label>SOLICIT_IND</label>
        <tableName>LOCATIONGROUP</tableName>
        <jdbcType>VARCHAR</jdbcType>
      </column>
      <column>
        <label>LOC_GROUP_TP_CODE</label>
        <tableName>LOCATIONGROUP</tableName>
        <jdbcType>VARCHAR</jdbcType>
      </column>
      <column>
        <label>EFFECT_START_MMDD</label>
        <tableName>LOCATIONGROUP</tableName>
        <jdbcType>INTEGER</jdbcType>
        <precision>10</precision>
      </column>
      <column>
        <label>EFFECT_END_MMDD</label>
        <tableName>LOCATIONGROUP</tableName>
        <jdbcType>INTEGER</jdbcType>
        <precision>10</precision>
      </column>
      <column>
        <label>EFFECT_START_TM</label>
        <tableName>LOCATIONGROUP</tableName>
        <jdbcType>INTEGER</jdbcType>
        <precision>10</precision>
      </column>
      <column>
        <label>EFFECT_END_TM</label>
        <tableName>LOCATIONGROUP</tableName>
        <jdbcType>INTEGER</jdbcType>
        <precision>10</precision>
      </column>
      <column>
        <label>START_DT</label>
        <tableName>LOCATIONGROUP</tableName>
        <jdbcType>TIMESTAMP</jdbcType>
      </column>
      <column>
        <label>END_DT</label>
        <tableName>LOCATIONGROUP</tableName>
        <jdbcType>TIMESTAMP</jdbcType>
      </column>
      <column>
        <label>LAST_UPDATE_DT</label>
        <tableName>LOCATIONGROUP</tableName>
        <jdbcType>TIMESTAMP</jdbcType>
      </column>
      <column>
        <label>LAST_UPDATE_USER</label>
        <tableName>LOCATIONGROUP</tableName>
        <jdbcType>VARCHAR</jdbcType>
        <precision>20</precision>
      </column>
      <column>
        <label>LAST_UPDATE_TX_ID</label>
        <tableName>LOCATIONGROUP</tableName>
        <jdbcType>BIGINT</jdbcType>
        <precision>19</precision>
      </column>
      <column>
        <label>XVERIFIED_TP_CD</label>
        <tableName>CONTACTMETHODGROUP</tableName>
        <jdbcType>BIGINT</jdbcType>
        <precision>19</precision>
      </column>
      <column>
        <label>XRETAILER_ID</label>
        <tableName>CONTACTMETHODGROUP</tableName>
        <jdbcType>BIGINT</jdbcType>
        <precision>19</precision>
      </column>
      <column>
        <label>XMODIFY_SYS_DT</label>
        <tableName>CONTACTMETHODGROUP</tableName>
        <jdbcType>TIMESTAMP</jdbcType>
      </column>
      <column>
        <label>XCONTACT_RETAILER_FLAG</label>
        <tableName>CONTACTMETHODGROUP</tableName>
        <jdbcType>VARCHAR</jdbcType>
        <precision>5</precision>
      </column>
      <column>
        <label>X_BPID</label>
        <tableName>CONTACTMETHODGROUP</tableName>
        <jdbcType>VARCHAR</jdbcType>
        <precision>50</precision>
      </column>
    </columns>
  </statement>
</metadata>
