<?xml version='1.0' encoding='utf-8'?>
<!DOCTYPE metadata>
<metadata>
  <statement method='com.ibm.daimler.dsea.entityObject.XConsentInquiryData#getXConsent(Object[])'>
    <parameters>
      <parameter>
        <parameterMode>parameterModeIn</parameterMode>
        <jdbcType>BIGINT</jdbcType>
        <precision>19</precision>
      </parameter>
    </parameters>
    <columns>
      <column>
        <label>XCONSENTPK_ID</label>
        <tableName>XCONSENT</tableName>
        <jdbcType>BIGINT</jdbcType>
        <precision>19</precision>
      </column>
      <column>
        <label>CONT_ID</label>
        <tableName>XCONSENT</tableName>
        <jdbcType>BIGINT</jdbcType>
        <precision>19</precision>
      </column>
      <column>
        <label>COMM_CHANNNEL</label>
        <tableName>XCONSENT</tableName>
        <jdbcType>VARCHAR</jdbcType>
        <precision>50</precision>
      </column>
      <column>
        <label>CONSENT_ACTION_TP_CD</label>
        <tableName>XCONSENT</tableName>
        <jdbcType>BIGINT</jdbcType>
        <precision>19</precision>
      </column>
      <column>
        <label>SOURCE_IDENT_TP_CD</label>
        <tableName>XCONSENT</tableName>
        <jdbcType>BIGINT</jdbcType>
        <precision>19</precision>
      </column>
      <column>
        <label>RETAILER_ID</label>
        <tableName>XCONSENT</tableName>
        <jdbcType>BIGINT</jdbcType>
        <precision>19</precision>
      </column>
      <column>
        <label>RETAILER_FLAG</label>
        <tableName>XCONSENT</tableName>
        <jdbcType>VARCHAR</jdbcType>
        <precision>5</precision>
      </column>
      <column>
        <label>LAST_MODIFIED_SYSTEM_DT</label>
        <tableName>XCONSENT</tableName>
        <jdbcType>TIMESTAMP</jdbcType>
      </column>
      <column>
        <label>LAST_UPDATE_DT</label>
        <tableName>XCONSENT</tableName>
        <jdbcType>TIMESTAMP</jdbcType>
      </column>
      <column>
        <label>LAST_UPDATE_USER</label>
        <tableName>XCONSENT</tableName>
        <jdbcType>VARCHAR</jdbcType>
        <precision>20</precision>
      </column>
      <column>
        <label>LAST_UPDATE_TX_ID</label>
        <tableName>XCONSENT</tableName>
        <jdbcType>BIGINT</jdbcType>
        <precision>19</precision>
      </column>
    </columns>
  </statement>
  <statement method='com.ibm.daimler.dsea.entityObject.XConsentInquiryData#getXConsentHistory(Object[])'>
    <parameters>
      <parameter>
        <parameterMode>parameterModeIn</parameterMode>
        <jdbcType>BIGINT</jdbcType>
        <precision>19</precision>
      </parameter>
      <parameter>
        <parameterMode>parameterModeIn</parameterMode>
        <jdbcType>TIMESTAMP</jdbcType>
      </parameter>
      <parameter>
        <parameterMode>parameterModeIn</parameterMode>
        <jdbcType>TIMESTAMP</jdbcType>
      </parameter>
    </parameters>
    <columns>
      <column>
        <label>historyIdPK</label>
        <tableName>XCONSENT</tableName>
        <jdbcType>BIGINT</jdbcType>
        <precision>19</precision>
      </column>
      <column>
        <label>H_ACTION_CODE</label>
        <tableName>XCONSENT</tableName>
        <jdbcType>CHAR</jdbcType>
        <precision>1</precision>
      </column>
      <column>
        <label>H_CREATED_BY</label>
        <tableName>XCONSENT</tableName>
        <jdbcType>VARCHAR</jdbcType>
        <precision>20</precision>
      </column>
      <column>
        <label>H_CREATE_DT</label>
        <tableName>XCONSENT</tableName>
        <jdbcType>TIMESTAMP</jdbcType>
      </column>
      <column>
        <label>H_END_DT</label>
        <tableName>XCONSENT</tableName>
        <jdbcType>TIMESTAMP</jdbcType>
      </column>
      <column>
        <label>XCONSENTPK_ID</label>
        <tableName>XCONSENT</tableName>
        <jdbcType>BIGINT</jdbcType>
        <precision>19</precision>
      </column>
      <column>
        <label>CONT_ID</label>
        <tableName>XCONSENT</tableName>
        <jdbcType>BIGINT</jdbcType>
        <precision>19</precision>
      </column>
      <column>
        <label>COMM_CHANNNEL</label>
        <tableName>XCONSENT</tableName>
        <jdbcType>VARCHAR</jdbcType>
        <precision>50</precision>
      </column>
      <column>
        <label>CONSENT_ACTION_TP_CD</label>
        <tableName>XCONSENT</tableName>
        <jdbcType>BIGINT</jdbcType>
        <precision>19</precision>
      </column>
      <column>
        <label>SOURCE_IDENT_TP_CD</label>
        <tableName>XCONSENT</tableName>
        <jdbcType>BIGINT</jdbcType>
        <precision>19</precision>
      </column>
      <column>
        <label>RETAILER_ID</label>
        <tableName>XCONSENT</tableName>
        <jdbcType>BIGINT</jdbcType>
        <precision>19</precision>
      </column>
      <column>
        <label>RETAILER_FLAG</label>
        <tableName>XCONSENT</tableName>
        <jdbcType>VARCHAR</jdbcType>
        <precision>5</precision>
      </column>
      <column>
        <label>LAST_MODIFIED_SYSTEM_DT</label>
        <tableName>XCONSENT</tableName>
        <jdbcType>TIMESTAMP</jdbcType>
      </column>
      <column>
        <label>LAST_UPDATE_DT</label>
        <tableName>XCONSENT</tableName>
        <jdbcType>TIMESTAMP</jdbcType>
      </column>
      <column>
        <label>LAST_UPDATE_USER</label>
        <tableName>XCONSENT</tableName>
        <jdbcType>VARCHAR</jdbcType>
        <precision>20</precision>
      </column>
      <column>
        <label>LAST_UPDATE_TX_ID</label>
        <tableName>XCONSENT</tableName>
        <jdbcType>BIGINT</jdbcType>
        <precision>19</precision>
      </column>
    </columns>
  </statement>
  <statement method='com.ibm.daimler.dsea.entityObject.XConsentInquiryData#getXConsentByContId(Object[])'>
    <parameters>
      <parameter>
        <parameterMode>parameterModeIn</parameterMode>
        <jdbcType>BIGINT</jdbcType>
        <precision>19</precision>
      </parameter>
    </parameters>
    <columns>
      <column>
        <label>XCONSENTPK_ID</label>
        <tableName>XCONSENT</tableName>
        <jdbcType>BIGINT</jdbcType>
        <precision>19</precision>
      </column>
      <column>
        <label>CONT_ID</label>
        <tableName>XCONSENT</tableName>
        <jdbcType>BIGINT</jdbcType>
        <precision>19</precision>
      </column>
      <column>
        <label>COMM_CHANNNEL</label>
        <tableName>XCONSENT</tableName>
        <jdbcType>VARCHAR</jdbcType>
        <precision>50</precision>
      </column>
      <column>
        <label>CONSENT_ACTION_TP_CD</label>
        <tableName>XCONSENT</tableName>
        <jdbcType>BIGINT</jdbcType>
        <precision>19</precision>
      </column>
      <column>
        <label>SOURCE_IDENT_TP_CD</label>
        <tableName>XCONSENT</tableName>
        <jdbcType>BIGINT</jdbcType>
        <precision>19</precision>
      </column>
      <column>
        <label>RETAILER_ID</label>
        <tableName>XCONSENT</tableName>
        <jdbcType>BIGINT</jdbcType>
        <precision>19</precision>
      </column>
      <column>
        <label>RETAILER_FLAG</label>
        <tableName>XCONSENT</tableName>
        <jdbcType>VARCHAR</jdbcType>
        <precision>5</precision>
      </column>
      <column>
        <label>LAST_MODIFIED_SYSTEM_DT</label>
        <tableName>XCONSENT</tableName>
        <jdbcType>TIMESTAMP</jdbcType>
      </column>
      <column>
        <label>LAST_UPDATE_DT</label>
        <tableName>XCONSENT</tableName>
        <jdbcType>TIMESTAMP</jdbcType>
      </column>
      <column>
        <label>LAST_UPDATE_USER</label>
        <tableName>XCONSENT</tableName>
        <jdbcType>VARCHAR</jdbcType>
        <precision>20</precision>
      </column>
      <column>
        <label>LAST_UPDATE_TX_ID</label>
        <tableName>XCONSENT</tableName>
        <jdbcType>BIGINT</jdbcType>
        <precision>19</precision>
      </column>
    </columns>
  </statement>
  <statement method='com.ibm.daimler.dsea.entityObject.XConsentInquiryData#getXConsentByContIdHistory(Object[])'>
    <parameters>
      <parameter>
        <parameterMode>parameterModeIn</parameterMode>
        <jdbcType>BIGINT</jdbcType>
        <precision>19</precision>
      </parameter>
      <parameter>
        <parameterMode>parameterModeIn</parameterMode>
        <jdbcType>TIMESTAMP</jdbcType>
      </parameter>
      <parameter>
        <parameterMode>parameterModeIn</parameterMode>
        <jdbcType>TIMESTAMP</jdbcType>
      </parameter>
    </parameters>
    <columns>
      <column>
        <label>historyIdPK</label>
        <tableName>XCONSENT</tableName>
        <jdbcType>BIGINT</jdbcType>
        <precision>19</precision>
      </column>
      <column>
        <label>H_ACTION_CODE</label>
        <tableName>XCONSENT</tableName>
        <jdbcType>CHAR</jdbcType>
        <precision>1</precision>
      </column>
      <column>
        <label>H_CREATED_BY</label>
        <tableName>XCONSENT</tableName>
        <jdbcType>VARCHAR</jdbcType>
        <precision>20</precision>
      </column>
      <column>
        <label>H_CREATE_DT</label>
        <tableName>XCONSENT</tableName>
        <jdbcType>TIMESTAMP</jdbcType>
      </column>
      <column>
        <label>H_END_DT</label>
        <tableName>XCONSENT</tableName>
        <jdbcType>TIMESTAMP</jdbcType>
      </column>
      <column>
        <label>XCONSENTPK_ID</label>
        <tableName>XCONSENT</tableName>
        <jdbcType>BIGINT</jdbcType>
        <precision>19</precision>
      </column>
      <column>
        <label>CONT_ID</label>
        <tableName>XCONSENT</tableName>
        <jdbcType>BIGINT</jdbcType>
        <precision>19</precision>
      </column>
      <column>
        <label>COMM_CHANNNEL</label>
        <tableName>XCONSENT</tableName>
        <jdbcType>VARCHAR</jdbcType>
        <precision>50</precision>
      </column>
      <column>
        <label>CONSENT_ACTION_TP_CD</label>
        <tableName>XCONSENT</tableName>
        <jdbcType>BIGINT</jdbcType>
        <precision>19</precision>
      </column>
      <column>
        <label>SOURCE_IDENT_TP_CD</label>
        <tableName>XCONSENT</tableName>
        <jdbcType>BIGINT</jdbcType>
        <precision>19</precision>
      </column>
      <column>
        <label>RETAILER_ID</label>
        <tableName>XCONSENT</tableName>
        <jdbcType>BIGINT</jdbcType>
        <precision>19</precision>
      </column>
      <column>
        <label>RETAILER_FLAG</label>
        <tableName>XCONSENT</tableName>
        <jdbcType>VARCHAR</jdbcType>
        <precision>5</precision>
      </column>
      <column>
        <label>LAST_MODIFIED_SYSTEM_DT</label>
        <tableName>XCONSENT</tableName>
        <jdbcType>TIMESTAMP</jdbcType>
      </column>
      <column>
        <label>LAST_UPDATE_DT</label>
        <tableName>XCONSENT</tableName>
        <jdbcType>TIMESTAMP</jdbcType>
      </column>
      <column>
        <label>LAST_UPDATE_USER</label>
        <tableName>XCONSENT</tableName>
        <jdbcType>VARCHAR</jdbcType>
        <precision>20</precision>
      </column>
      <column>
        <label>LAST_UPDATE_TX_ID</label>
        <tableName>XCONSENT</tableName>
        <jdbcType>BIGINT</jdbcType>
        <precision>19</precision>
      </column>
    </columns>
  </statement>
</metadata>
