<?xml version='1.0' encoding='utf-8'?>
<!DOCTYPE metadata>
<metadata>
  <statement method='com.ibm.daimler.dsea.entityObject.XContEquivExtInquiryData#getPartyAdminSysKeyByIdHistory(Object[])'>
    <parameters>
      <parameter>
        <parameterMode>parameterModeIn</parameterMode>
        <jdbcType>BIGINT</jdbcType>
        <precision>19</precision>
      </parameter>
      <parameter>
        <parameterMode>parameterModeIn</parameterMode>
        <jdbcType>TIMESTAMP</jdbcType>
      </parameter>
    </parameters>
    <columns>
      <column>
        <label>HIST_ID_PK</label>
        <tableName>CONTEQUIV</tableName>
        <jdbcType>BIGINT</jdbcType>
        <precision>19</precision>
      </column>
      <column>
        <label>H_ACTION_CODE</label>
        <tableName>CONTEQUIV</tableName>
        <jdbcType>CHAR</jdbcType>
        <precision>1</precision>
      </column>
      <column>
        <label>H_CREATED_BY</label>
        <tableName>CONTEQUIV</tableName>
        <jdbcType>VARCHAR</jdbcType>
        <precision>20</precision>
      </column>
      <column>
        <label>H_CREATE_DT</label>
        <tableName>CONTEQUIV</tableName>
        <jdbcType>TIMESTAMP</jdbcType>
      </column>
      <column>
        <label>H_END_DT</label>
        <tableName>CONTEQUIV</tableName>
        <jdbcType>TIMESTAMP</jdbcType>
      </column>
      <column>
        <label>CONT_EQUIV_ID</label>
        <tableName>CONTEQUIV</tableName>
        <jdbcType>BIGINT</jdbcType>
        <precision>19</precision>
      </column>
      <column>
        <label>CONT_ID</label>
        <tableName>CONTEQUIV</tableName>
        <jdbcType>BIGINT</jdbcType>
        <precision>19</precision>
      </column>
      <column>
        <label>ADMIN_SYS_TP_CD</label>
        <tableName>CONTEQUIV</tableName>
        <jdbcType>BIGINT</jdbcType>
        <precision>19</precision>
      </column>
      <column>
        <label>ADMIN_CLIENT_ID</label>
        <tableName>CONTEQUIV</tableName>
        <jdbcType>VARCHAR</jdbcType>
        <precision>20</precision>
      </column>
      <column>
        <label>DESCRIPTION</label>
        <tableName>CONTEQUIV</tableName>
        <jdbcType>VARCHAR</jdbcType>
        <precision>255</precision>
      </column>
      <column>
        <label>LAST_UPDATE_DT</label>
        <tableName>CONTEQUIV</tableName>
        <jdbcType>TIMESTAMP</jdbcType>
      </column>
      <column>
        <label>LAST_UPDATE_USER</label>
        <tableName>CONTEQUIV</tableName>
        <jdbcType>VARCHAR</jdbcType>
        <precision>20</precision>
      </column>
      <column>
        <label>LAST_UPDATE_TX_ID</label>
        <tableName>CONTEQUIV</tableName>
        <jdbcType>BIGINT</jdbcType>
        <precision>19</precision>
      </column>
      <column>
        <label>XRETAILER_ID</label>
        <tableName>CONTEQUIV</tableName>
        <jdbcType>BIGINT</jdbcType>
        <precision>19</precision>
      </column>
      <column>
        <label>XSOURCE_RETAILER_FLAG</label>
        <tableName>CONTEQUIV</tableName>
        <jdbcType>VARCHAR</jdbcType>
        <precision>5</precision>
      </column>
      <column>
        <label>XMODIFY_SYS_DT</label>
        <tableName>CONTEQUIV</tableName>
        <jdbcType>TIMESTAMP</jdbcType>
      </column>
    </columns>
  </statement>
  <statement method='com.ibm.daimler.dsea.entityObject.XContEquivExtInquiryData#getPartyAdminSysKeyById(Object[])'>
    <parameters>
      <parameter>
        <parameterMode>parameterModeIn</parameterMode>
        <jdbcType>BIGINT</jdbcType>
        <precision>19</precision>
      </parameter>
    </parameters>
    <columns>
      <column>
        <label>CONT_EQUIV_ID</label>
        <tableName>CONTEQUIV</tableName>
        <jdbcType>BIGINT</jdbcType>
        <precision>19</precision>
      </column>
      <column>
        <label>CONT_ID</label>
        <tableName>CONTEQUIV</tableName>
        <jdbcType>BIGINT</jdbcType>
        <precision>19</precision>
      </column>
      <column>
        <label>ADMIN_SYS_TP_CD</label>
        <tableName>CONTEQUIV</tableName>
        <jdbcType>BIGINT</jdbcType>
        <precision>19</precision>
      </column>
      <column>
        <label>ADMIN_CLIENT_ID</label>
        <tableName>CONTEQUIV</tableName>
        <jdbcType>VARCHAR</jdbcType>
        <precision>20</precision>
      </column>
      <column>
        <label>DESCRIPTION</label>
        <tableName>CONTEQUIV</tableName>
        <jdbcType>VARCHAR</jdbcType>
        <precision>255</precision>
      </column>
      <column>
        <label>LAST_UPDATE_DT</label>
        <tableName>CONTEQUIV</tableName>
        <jdbcType>TIMESTAMP</jdbcType>
      </column>
      <column>
        <label>LAST_UPDATE_USER</label>
        <tableName>CONTEQUIV</tableName>
        <jdbcType>VARCHAR</jdbcType>
        <precision>20</precision>
      </column>
      <column>
        <label>LAST_UPDATE_TX_ID</label>
        <tableName>CONTEQUIV</tableName>
        <jdbcType>BIGINT</jdbcType>
        <precision>19</precision>
      </column>
      <column>
        <label>XRETAILER_ID</label>
        <tableName>CONTEQUIV</tableName>
        <jdbcType>BIGINT</jdbcType>
        <precision>19</precision>
      </column>
      <column>
        <label>XSOURCE_RETAILER_FLAG</label>
        <tableName>CONTEQUIV</tableName>
        <jdbcType>VARCHAR</jdbcType>
        <precision>5</precision>
      </column>
      <column>
        <label>XMODIFY_SYS_DT</label>
        <tableName>CONTEQUIV</tableName>
        <jdbcType>TIMESTAMP</jdbcType>
      </column>
    </columns>
  </statement>
  <statement method='com.ibm.daimler.dsea.entityObject.XContEquivExtInquiryData#getPartyAdminSysKeyHistory(Object[])'>
    <parameters>
      <parameter>
        <parameterMode>parameterModeIn</parameterMode>
        <jdbcType>BIGINT</jdbcType>
        <precision>19</precision>
      </parameter>
      <parameter>
        <parameterMode>parameterModeIn</parameterMode>
        <jdbcType>VARCHAR</jdbcType>
        <precision>20</precision>
      </parameter>
      <parameter>
        <parameterMode>parameterModeIn</parameterMode>
        <jdbcType>TIMESTAMP</jdbcType>
      </parameter>
      <parameter>
        <parameterMode>parameterModeIn</parameterMode>
        <jdbcType>TIMESTAMP</jdbcType>
      </parameter>
    </parameters>
    <columns>
      <column>
        <label>HIST_ID_PK</label>
        <tableName>CONTEQUIV</tableName>
        <jdbcType>BIGINT</jdbcType>
        <precision>19</precision>
      </column>
      <column>
        <label>H_ACTION_CODE</label>
        <tableName>CONTEQUIV</tableName>
        <jdbcType>CHAR</jdbcType>
        <precision>1</precision>
      </column>
      <column>
        <label>H_CREATED_BY</label>
        <tableName>CONTEQUIV</tableName>
        <jdbcType>VARCHAR</jdbcType>
        <precision>20</precision>
      </column>
      <column>
        <label>H_CREATE_DT</label>
        <tableName>CONTEQUIV</tableName>
        <jdbcType>TIMESTAMP</jdbcType>
      </column>
      <column>
        <label>H_END_DT</label>
        <tableName>CONTEQUIV</tableName>
        <jdbcType>TIMESTAMP</jdbcType>
      </column>
      <column>
        <label>CONT_EQUIV_ID</label>
        <tableName>CONTEQUIV</tableName>
        <jdbcType>BIGINT</jdbcType>
        <precision>19</precision>
      </column>
      <column>
        <label>CONT_ID</label>
        <tableName>CONTEQUIV</tableName>
        <jdbcType>BIGINT</jdbcType>
        <precision>19</precision>
      </column>
      <column>
        <label>ADMIN_SYS_TP_CD</label>
        <tableName>CONTEQUIV</tableName>
        <jdbcType>BIGINT</jdbcType>
        <precision>19</precision>
      </column>
      <column>
        <label>ADMIN_CLIENT_ID</label>
        <tableName>CONTEQUIV</tableName>
        <jdbcType>VARCHAR</jdbcType>
        <precision>20</precision>
      </column>
      <column>
        <label>DESCRIPTION</label>
        <tableName>CONTEQUIV</tableName>
        <jdbcType>VARCHAR</jdbcType>
        <precision>255</precision>
      </column>
      <column>
        <label>LAST_UPDATE_DT</label>
        <tableName>CONTEQUIV</tableName>
        <jdbcType>TIMESTAMP</jdbcType>
      </column>
      <column>
        <label>LAST_UPDATE_USER</label>
        <tableName>CONTEQUIV</tableName>
        <jdbcType>VARCHAR</jdbcType>
        <precision>20</precision>
      </column>
      <column>
        <label>LAST_UPDATE_TX_ID</label>
        <tableName>CONTEQUIV</tableName>
        <jdbcType>BIGINT</jdbcType>
        <precision>19</precision>
      </column>
      <column>
        <label>XRETAILER_ID</label>
        <tableName>CONTEQUIV</tableName>
        <jdbcType>BIGINT</jdbcType>
        <precision>19</precision>
      </column>
      <column>
        <label>XSOURCE_RETAILER_FLAG</label>
        <tableName>CONTEQUIV</tableName>
        <jdbcType>VARCHAR</jdbcType>
        <precision>5</precision>
      </column>
      <column>
        <label>XMODIFY_SYS_DT</label>
        <tableName>CONTEQUIV</tableName>
        <jdbcType>TIMESTAMP</jdbcType>
      </column>
    </columns>
  </statement>
  <statement method='com.ibm.daimler.dsea.entityObject.XContEquivExtInquiryData#getPartyAdminSysKey(Object[])'>
    <parameters>
      <parameter>
        <parameterMode>parameterModeIn</parameterMode>
        <jdbcType>BIGINT</jdbcType>
        <precision>19</precision>
      </parameter>
      <parameter>
        <parameterMode>parameterModeIn</parameterMode>
        <jdbcType>VARCHAR</jdbcType>
        <precision>20</precision>
      </parameter>
    </parameters>
    <columns>
      <column>
        <label>CONT_EQUIV_ID</label>
        <tableName>CONTEQUIV</tableName>
        <jdbcType>BIGINT</jdbcType>
        <precision>19</precision>
      </column>
      <column>
        <label>CONT_ID</label>
        <tableName>CONTEQUIV</tableName>
        <jdbcType>BIGINT</jdbcType>
        <precision>19</precision>
      </column>
      <column>
        <label>ADMIN_SYS_TP_CD</label>
        <tableName>CONTEQUIV</tableName>
        <jdbcType>BIGINT</jdbcType>
        <precision>19</precision>
      </column>
      <column>
        <label>ADMIN_CLIENT_ID</label>
        <tableName>CONTEQUIV</tableName>
        <jdbcType>VARCHAR</jdbcType>
        <precision>20</precision>
      </column>
      <column>
        <label>DESCRIPTION</label>
        <tableName>CONTEQUIV</tableName>
        <jdbcType>VARCHAR</jdbcType>
        <precision>255</precision>
      </column>
      <column>
        <label>LAST_UPDATE_DT</label>
        <tableName>CONTEQUIV</tableName>
        <jdbcType>TIMESTAMP</jdbcType>
      </column>
      <column>
        <label>LAST_UPDATE_USER</label>
        <tableName>CONTEQUIV</tableName>
        <jdbcType>VARCHAR</jdbcType>
        <precision>20</precision>
      </column>
      <column>
        <label>LAST_UPDATE_USER</label>
        <tableName>CONTEQUIV</tableName>
        <jdbcType>VARCHAR</jdbcType>
        <precision>20</precision>
      </column>
      <column>
        <label>LAST_UPDATE_TX_ID</label>
        <tableName>CONTEQUIV</tableName>
        <jdbcType>BIGINT</jdbcType>
        <precision>19</precision>
      </column>
      <column>
        <label>XRETAILER_ID</label>
        <tableName>CONTEQUIV</tableName>
        <jdbcType>BIGINT</jdbcType>
        <precision>19</precision>
      </column>
      <column>
        <label>XSOURCE_RETAILER_FLAG</label>
        <tableName>CONTEQUIV</tableName>
        <jdbcType>VARCHAR</jdbcType>
        <precision>5</precision>
      </column>
      <column>
        <label>XMODIFY_SYS_DT</label>
        <tableName>CONTEQUIV</tableName>
        <jdbcType>TIMESTAMP</jdbcType>
      </column>
    </columns>
  </statement>
  <statement method='com.ibm.daimler.dsea.entityObject.XContEquivExtInquiryData#getPartyAdminSysKeyHistoryByPartId(Object[])'>
    <parameters>
      <parameter>
        <parameterMode>parameterModeIn</parameterMode>
        <jdbcType>BIGINT</jdbcType>
        <precision>19</precision>
      </parameter>
      <parameter>
        <parameterMode>parameterModeIn</parameterMode>
        <jdbcType>BIGINT</jdbcType>
        <precision>19</precision>
      </parameter>
      <parameter>
        <parameterMode>parameterModeIn</parameterMode>
        <jdbcType>TIMESTAMP</jdbcType>
      </parameter>
      <parameter>
        <parameterMode>parameterModeIn</parameterMode>
        <jdbcType>TIMESTAMP</jdbcType>
      </parameter>
    </parameters>
    <columns>
      <column>
        <label>HIST_ID_PK</label>
        <tableName>CONTEQUIV</tableName>
        <jdbcType>BIGINT</jdbcType>
        <precision>19</precision>
      </column>
      <column>
        <label>H_ACTION_CODE</label>
        <tableName>CONTEQUIV</tableName>
        <jdbcType>CHAR</jdbcType>
        <precision>1</precision>
      </column>
      <column>
        <label>H_CREATED_BY</label>
        <tableName>CONTEQUIV</tableName>
        <jdbcType>VARCHAR</jdbcType>
        <precision>20</precision>
      </column>
      <column>
        <label>H_CREATE_DT</label>
        <tableName>CONTEQUIV</tableName>
        <jdbcType>TIMESTAMP</jdbcType>
      </column>
      <column>
        <label>H_END_DT</label>
        <tableName>CONTEQUIV</tableName>
        <jdbcType>TIMESTAMP</jdbcType>
      </column>
      <column>
        <label>CONT_EQUIV_ID</label>
        <tableName>CONTEQUIV</tableName>
        <jdbcType>BIGINT</jdbcType>
        <precision>19</precision>
      </column>
      <column>
        <label>CONT_ID</label>
        <tableName>CONTEQUIV</tableName>
        <jdbcType>BIGINT</jdbcType>
        <precision>19</precision>
      </column>
      <column>
        <label>ADMIN_SYS_TP_CD</label>
        <tableName>CONTEQUIV</tableName>
        <jdbcType>BIGINT</jdbcType>
        <precision>19</precision>
      </column>
      <column>
        <label>ADMIN_CLIENT_ID</label>
        <tableName>CONTEQUIV</tableName>
        <jdbcType>VARCHAR</jdbcType>
        <precision>20</precision>
      </column>
      <column>
        <label>DESCRIPTION</label>
        <tableName>CONTEQUIV</tableName>
        <jdbcType>VARCHAR</jdbcType>
        <precision>255</precision>
      </column>
      <column>
        <label>LAST_UPDATE_DT</label>
        <tableName>CONTEQUIV</tableName>
        <jdbcType>TIMESTAMP</jdbcType>
      </column>
      <column>
        <label>LAST_UPDATE_USER</label>
        <tableName>CONTEQUIV</tableName>
        <jdbcType>VARCHAR</jdbcType>
        <precision>20</precision>
      </column>
      <column>
        <label>LAST_UPDATE_TX_ID</label>
        <tableName>CONTEQUIV</tableName>
        <jdbcType>BIGINT</jdbcType>
        <precision>19</precision>
      </column>
      <column>
        <label>XRETAILER_ID</label>
        <tableName>CONTEQUIV</tableName>
        <jdbcType>BIGINT</jdbcType>
        <precision>19</precision>
      </column>
      <column>
        <label>XSOURCE_RETAILER_FLAG</label>
        <tableName>CONTEQUIV</tableName>
        <jdbcType>VARCHAR</jdbcType>
        <precision>5</precision>
      </column>
      <column>
        <label>XMODIFY_SYS_DT</label>
        <tableName>CONTEQUIV</tableName>
        <jdbcType>TIMESTAMP</jdbcType>
      </column>
    </columns>
  </statement>
  <statement method='com.ibm.daimler.dsea.entityObject.XContEquivExtInquiryData#getPartyAdminSysKeyByPartId(Object[])'>
    <parameters>
      <parameter>
        <parameterMode>parameterModeIn</parameterMode>
        <jdbcType>BIGINT</jdbcType>
        <precision>19</precision>
      </parameter>
      <parameter>
        <parameterMode>parameterModeIn</parameterMode>
        <jdbcType>BIGINT</jdbcType>
        <precision>19</precision>
      </parameter>
    </parameters>
    <columns>
      <column>
        <label>CONT_EQUIV_ID</label>
        <tableName>CONTEQUIV</tableName>
        <jdbcType>BIGINT</jdbcType>
        <precision>19</precision>
      </column>
      <column>
        <label>CONT_ID</label>
        <tableName>CONTEQUIV</tableName>
        <jdbcType>BIGINT</jdbcType>
        <precision>19</precision>
      </column>
      <column>
        <label>ADMIN_SYS_TP_CD</label>
        <tableName>CONTEQUIV</tableName>
        <jdbcType>BIGINT</jdbcType>
        <precision>19</precision>
      </column>
      <column>
        <label>ADMIN_CLIENT_ID</label>
        <tableName>CONTEQUIV</tableName>
        <jdbcType>VARCHAR</jdbcType>
        <precision>20</precision>
      </column>
      <column>
        <label>DESCRIPTION</label>
        <tableName>CONTEQUIV</tableName>
        <jdbcType>VARCHAR</jdbcType>
        <precision>255</precision>
      </column>
      <column>
        <label>LAST_UPDATE_DT</label>
        <tableName>CONTEQUIV</tableName>
        <jdbcType>TIMESTAMP</jdbcType>
      </column>
      <column>
        <label>LAST_UPDATE_USER</label>
        <tableName>CONTEQUIV</tableName>
        <jdbcType>VARCHAR</jdbcType>
        <precision>20</precision>
      </column>
      <column>
        <label>LAST_UPDATE_TX_ID</label>
        <tableName>CONTEQUIV</tableName>
        <jdbcType>BIGINT</jdbcType>
        <precision>19</precision>
      </column>
      <column>
        <label>XRETAILER_ID</label>
        <tableName>CONTEQUIV</tableName>
        <jdbcType>BIGINT</jdbcType>
        <precision>19</precision>
      </column>
      <column>
        <label>XSOURCE_RETAILER_FLAG</label>
        <tableName>CONTEQUIV</tableName>
        <jdbcType>VARCHAR</jdbcType>
        <precision>5</precision>
      </column>
      <column>
        <label>XMODIFY_SYS_DT</label>
        <tableName>CONTEQUIV</tableName>
        <jdbcType>TIMESTAMP</jdbcType>
      </column>
    </columns>
  </statement>
  <statement method='com.ibm.daimler.dsea.entityObject.XContEquivExtInquiryData#getPartyAdminSysKeysHistory(Object[])'>
    <parameters>
      <parameter>
        <parameterMode>parameterModeIn</parameterMode>
        <jdbcType>BIGINT</jdbcType>
        <precision>19</precision>
      </parameter>
      <parameter>
        <parameterMode>parameterModeIn</parameterMode>
        <jdbcType>TIMESTAMP</jdbcType>
      </parameter>
      <parameter>
        <parameterMode>parameterModeIn</parameterMode>
        <jdbcType>TIMESTAMP</jdbcType>
      </parameter>
    </parameters>
    <columns>
      <column>
        <label>HIST_ID_PK</label>
        <tableName>CONTEQUIV</tableName>
        <jdbcType>BIGINT</jdbcType>
        <precision>19</precision>
      </column>
      <column>
        <label>H_ACTION_CODE</label>
        <tableName>CONTEQUIV</tableName>
        <jdbcType>CHAR</jdbcType>
        <precision>1</precision>
      </column>
      <column>
        <label>H_CREATED_BY</label>
        <tableName>CONTEQUIV</tableName>
        <jdbcType>VARCHAR</jdbcType>
        <precision>20</precision>
      </column>
      <column>
        <label>H_CREATE_DT</label>
        <tableName>CONTEQUIV</tableName>
        <jdbcType>TIMESTAMP</jdbcType>
      </column>
      <column>
        <label>H_END_DT</label>
        <tableName>CONTEQUIV</tableName>
        <jdbcType>TIMESTAMP</jdbcType>
      </column>
      <column>
        <label>CONT_EQUIV_ID</label>
        <tableName>CONTEQUIV</tableName>
        <jdbcType>BIGINT</jdbcType>
        <precision>19</precision>
      </column>
      <column>
        <label>CONT_ID</label>
        <tableName>CONTEQUIV</tableName>
        <jdbcType>BIGINT</jdbcType>
        <precision>19</precision>
      </column>
      <column>
        <label>ADMIN_SYS_TP_CD</label>
        <tableName>CONTEQUIV</tableName>
        <jdbcType>BIGINT</jdbcType>
        <precision>19</precision>
      </column>
      <column>
        <label>ADMIN_CLIENT_ID</label>
        <tableName>CONTEQUIV</tableName>
        <jdbcType>VARCHAR</jdbcType>
        <precision>20</precision>
      </column>
      <column>
        <label>DESCRIPTION</label>
        <tableName>CONTEQUIV</tableName>
        <jdbcType>VARCHAR</jdbcType>
        <precision>255</precision>
      </column>
      <column>
        <label>LAST_UPDATE_DT</label>
        <tableName>CONTEQUIV</tableName>
        <jdbcType>TIMESTAMP</jdbcType>
      </column>
      <column>
        <label>LAST_UPDATE_USER</label>
        <tableName>CONTEQUIV</tableName>
        <jdbcType>VARCHAR</jdbcType>
        <precision>20</precision>
      </column>
      <column>
        <label>LAST_UPDATE_TX_ID</label>
        <tableName>CONTEQUIV</tableName>
        <jdbcType>BIGINT</jdbcType>
        <precision>19</precision>
      </column>
      <column>
        <label>XRETAILER_ID</label>
        <tableName>CONTEQUIV</tableName>
        <jdbcType>BIGINT</jdbcType>
        <precision>19</precision>
      </column>
      <column>
        <label>XSOURCE_RETAILER_FLAG</label>
        <tableName>CONTEQUIV</tableName>
        <jdbcType>VARCHAR</jdbcType>
        <precision>5</precision>
      </column>
      <column>
        <label>XMODIFY_SYS_DT</label>
        <tableName>CONTEQUIV</tableName>
        <jdbcType>TIMESTAMP</jdbcType>
      </column>
    </columns>
  </statement>
  <statement method='com.ibm.daimler.dsea.entityObject.XContEquivExtInquiryData#getPartyAdminSysKeys(Object[])'>
    <parameters>
      <parameter>
        <parameterMode>parameterModeIn</parameterMode>
        <jdbcType>BIGINT</jdbcType>
        <precision>19</precision>
      </parameter>
    </parameters>
    <columns>
      <column>
        <label>CONT_EQUIV_ID</label>
        <tableName>CONTEQUIV</tableName>
        <jdbcType>BIGINT</jdbcType>
        <precision>19</precision>
      </column>
      <column>
        <label>CONT_ID</label>
        <tableName>CONTEQUIV</tableName>
        <jdbcType>BIGINT</jdbcType>
        <precision>19</precision>
      </column>
      <column>
        <label>ADMIN_SYS_TP_CD</label>
        <tableName>CONTEQUIV</tableName>
        <jdbcType>BIGINT</jdbcType>
        <precision>19</precision>
      </column>
      <column>
        <label>ADMIN_CLIENT_ID</label>
        <tableName>CONTEQUIV</tableName>
        <jdbcType>VARCHAR</jdbcType>
        <precision>20</precision>
      </column>
      <column>
        <label>DESCRIPTION</label>
        <tableName>CONTEQUIV</tableName>
        <jdbcType>VARCHAR</jdbcType>
        <precision>255</precision>
      </column>
      <column>
        <label>LAST_UPDATE_DT</label>
        <tableName>CONTEQUIV</tableName>
        <jdbcType>TIMESTAMP</jdbcType>
      </column>
      <column>
        <label>LAST_UPDATE_USER</label>
        <tableName>CONTEQUIV</tableName>
        <jdbcType>VARCHAR</jdbcType>
        <precision>20</precision>
      </column>
      <column>
        <label>LAST_UPDATE_TX_ID</label>
        <tableName>CONTEQUIV</tableName>
        <jdbcType>BIGINT</jdbcType>
        <precision>19</precision>
      </column>
      <column>
        <label>XRETAILER_ID</label>
        <tableName>CONTEQUIV</tableName>
        <jdbcType>BIGINT</jdbcType>
        <precision>19</precision>
      </column>
      <column>
        <label>XSOURCE_RETAILER_FLAG</label>
        <tableName>CONTEQUIV</tableName>
        <jdbcType>VARCHAR</jdbcType>
        <precision>5</precision>
      </column>
      <column>
        <label>XMODIFY_SYS_DT</label>
        <tableName>CONTEQUIV</tableName>
        <jdbcType>TIMESTAMP</jdbcType>
      </column>
    </columns>
  </statement>
  <statement method='com.ibm.daimler.dsea.entityObject.XContEquivExtInquiryData#getPartyAdminSysKeysLightImage(Object[])'>
    <parameters>
      <parameter>
        <parameterMode>parameterModeIn</parameterMode>
        <jdbcType>BIGINT</jdbcType>
        <precision>19</precision>
      </parameter>
      <parameter>
        <parameterMode>parameterModeIn</parameterMode>
        <jdbcType>TIMESTAMP</jdbcType>
      </parameter>
      <parameter>
        <parameterMode>parameterModeIn</parameterMode>
        <jdbcType>TIMESTAMP</jdbcType>
      </parameter>
    </parameters>
    <columns>
      <column>
        <label>CONT_EQUIV_ID</label>
        <tableName>CONTEQUIV</tableName>
        <jdbcType>BIGINT</jdbcType>
        <precision>19</precision>
      </column>
      <column>
        <label>LAST_UPDATE_DT</label>
        <tableName>CONTEQUIV</tableName>
        <jdbcType>TIMESTAMP</jdbcType>
      </column>
      <column>
        <label>XRETAILER_ID</label>
        <tableName>CONTEQUIV</tableName>
        <jdbcType>BIGINT</jdbcType>
        <precision>19</precision>
      </column>
      <column>
        <label>XSOURCE_RETAILER_FLAG</label>
        <tableName>CONTEQUIV</tableName>
        <jdbcType>VARCHAR</jdbcType>
        <precision>5</precision>
      </column>
      <column>
        <label>XMODIFY_SYS_DT</label>
        <tableName>CONTEQUIV</tableName>
        <jdbcType>TIMESTAMP</jdbcType>
      </column>
    </columns>
  </statement>
</metadata>
