<?xml version='1.0' encoding='utf-8'?>
<!DOCTYPE metadata>
<metadata>
  <statement method='com.ibm.daimler.dsea.entityObject.XContractRoleExtInquiryData#getEObjCONTRACT_PARTY_ROLES_BY_CONTRACT_ID_HISTORY(Object[])'>
    <parameters>
      <parameter>
        <parameterMode>parameterModeIn</parameterMode>
        <jdbcType>BIGINT</jdbcType>
        <precision>19</precision>
      </parameter>
      <parameter>
        <parameterMode>parameterModeIn</parameterMode>
        <jdbcType>TIMESTAMP</jdbcType>
      </parameter>
      <parameter>
        <parameterMode>parameterModeIn</parameterMode>
        <jdbcType>TIMESTAMP</jdbcType>
      </parameter>
    </parameters>
    <columns>
      <column>
        <label>HIST_ID_PK</label>
        <tableName>CONTRACTROLE</tableName>
        <jdbcType>BIGINT</jdbcType>
        <precision>19</precision>
      </column>
      <column>
        <label>H_ACTION_CODE</label>
        <tableName>CONTRACTROLE</tableName>
        <jdbcType>CHAR</jdbcType>
        <precision>1</precision>
      </column>
      <column>
        <label>H_CREATED_BY</label>
        <tableName>CONTRACTROLE</tableName>
        <jdbcType>VARCHAR</jdbcType>
        <precision>20</precision>
      </column>
      <column>
        <label>H_CREATE_DT</label>
        <tableName>CONTRACTROLE</tableName>
        <jdbcType>TIMESTAMP</jdbcType>
      </column>
      <column>
        <label>H_END_DT</label>
        <tableName>CONTRACTROLE</tableName>
        <jdbcType>TIMESTAMP</jdbcType>
      </column>
      <column>
        <label>CONTRACT_ROLE_ID</label>
        <tableName>CONTRACTROLE</tableName>
        <jdbcType>BIGINT</jdbcType>
        <precision>19</precision>
      </column>
      <column>
        <label>CONT_ID</label>
        <tableName>CONTRACTROLE</tableName>
        <jdbcType>BIGINT</jdbcType>
        <precision>19</precision>
      </column>
      <column>
        <label>CONTR_COMPONENT_ID</label>
        <tableName>CONTRACTROLE</tableName>
        <jdbcType>BIGINT</jdbcType>
        <precision>19</precision>
      </column>
      <column>
        <label>CONTR_ROLE_TP_CD</label>
        <tableName>CONTRACTROLE</tableName>
        <jdbcType>BIGINT</jdbcType>
        <precision>19</precision>
      </column>
      <column>
        <label>DISTRIB_PCT</label>
        <tableName>CONTRACTROLE</tableName>
        <jdbcType>DECIMAL</jdbcType>
        <precision>5</precision>
        <scale>2</scale>
      </column>
      <column>
        <label>IRREVOC_IND</label>
        <tableName>CONTRACTROLE</tableName>
        <jdbcType>CHAR</jdbcType>
        <precision>1</precision>
      </column>
      <column>
        <label>START_DT</label>
        <tableName>CONTRACTROLE</tableName>
        <jdbcType>TIMESTAMP</jdbcType>
      </column>
      <column>
        <label>END_DT</label>
        <tableName>CONTRACTROLE</tableName>
        <jdbcType>TIMESTAMP</jdbcType>
      </column>
      <column>
        <label>REGISTERED_NAME</label>
        <tableName>CONTRACTROLE</tableName>
        <jdbcType>VARCHAR</jdbcType>
        <precision>255</precision>
      </column>
      <column>
        <label>RECORDED_START_DT</label>
        <tableName>CONTRACTROLE</tableName>
        <jdbcType>TIMESTAMP</jdbcType>
      </column>
      <column>
        <label>RECORDED_END_DT</label>
        <tableName>CONTRACTROLE</tableName>
        <jdbcType>TIMESTAMP</jdbcType>
      </column>
      <column>
        <label>LAST_UPDATE_DT</label>
        <tableName>CONTRACTROLE</tableName>
        <jdbcType>TIMESTAMP</jdbcType>
      </column>
      <column>
        <label>LAST_UPDATE_USER</label>
        <tableName>CONTRACTROLE</tableName>
        <jdbcType>VARCHAR</jdbcType>
        <precision>20</precision>
      </column>
      <column>
        <label>ARRANGEMENT_TP_CD</label>
        <tableName>CONTRACTROLE</tableName>
        <jdbcType>BIGINT</jdbcType>
        <precision>19</precision>
      </column>
      <column>
        <label>SHARE_DIST_TP_CD</label>
        <tableName>CONTRACTROLE</tableName>
        <jdbcType>BIGINT</jdbcType>
        <precision>19</precision>
      </column>
      <column>
        <label>END_REASON_TP_CD</label>
        <tableName>CONTRACTROLE</tableName>
        <jdbcType>BIGINT</jdbcType>
        <precision>19</precision>
      </column>
      <column>
        <label>LAST_UPDATE_TX_ID</label>
        <tableName>CONTRACTROLE</tableName>
        <jdbcType>BIGINT</jdbcType>
        <precision>19</precision>
      </column>
      <column>
        <label>ARRANGEMENT_DESC</label>
        <tableName>CONTRACTROLE</tableName>
        <jdbcType>VARCHAR</jdbcType>
        <precision>255</precision>
      </column>
      <column>
        <label>XSOURCE_IDENT_TP_CD</label>
        <tableName>CONTRACTROLE</tableName>
        <jdbcType>BIGINT</jdbcType>
        <precision>19</precision>
      </column>
    </columns>
  </statement>
  <statement method='com.ibm.daimler.dsea.entityObject.XContractRoleExtInquiryData#getEObjCONTRACT_PARTY_ROLE_BY_CONTRACT_WITHOUT_DATE_FILTER_HISTORY(Object[])'>
    <parameters>
      <parameter>
        <parameterMode>parameterModeIn</parameterMode>
        <jdbcType>BIGINT</jdbcType>
        <precision>19</precision>
      </parameter>
    </parameters>
    <columns>
      <column>
        <label>HIST_ID_PK</label>
        <tableName>CONTRACTROLE</tableName>
        <jdbcType>BIGINT</jdbcType>
        <precision>19</precision>
      </column>
      <column>
        <label>H_ACTION_CODE</label>
        <tableName>CONTRACTROLE</tableName>
        <jdbcType>CHAR</jdbcType>
        <precision>1</precision>
      </column>
      <column>
        <label>H_CREATED_BY</label>
        <tableName>CONTRACTROLE</tableName>
        <jdbcType>VARCHAR</jdbcType>
        <precision>20</precision>
      </column>
      <column>
        <label>H_CREATE_DT</label>
        <tableName>CONTRACTROLE</tableName>
        <jdbcType>TIMESTAMP</jdbcType>
      </column>
      <column>
        <label>H_END_DT</label>
        <tableName>CONTRACTROLE</tableName>
        <jdbcType>TIMESTAMP</jdbcType>
      </column>
      <column>
        <label>CONTRACT_ROLE_ID</label>
        <tableName>CONTRACTROLE</tableName>
        <jdbcType>BIGINT</jdbcType>
        <precision>19</precision>
      </column>
      <column>
        <label>CONT_ID</label>
        <tableName>CONTRACTROLE</tableName>
        <jdbcType>BIGINT</jdbcType>
        <precision>19</precision>
      </column>
      <column>
        <label>CONTR_COMPONENT_ID</label>
        <tableName>CONTRACTROLE</tableName>
        <jdbcType>BIGINT</jdbcType>
        <precision>19</precision>
      </column>
      <column>
        <label>CONTR_ROLE_TP_CD</label>
        <tableName>CONTRACTROLE</tableName>
        <jdbcType>BIGINT</jdbcType>
        <precision>19</precision>
      </column>
      <column>
        <label>DISTRIB_PCT</label>
        <tableName>CONTRACTROLE</tableName>
        <jdbcType>DECIMAL</jdbcType>
        <precision>5</precision>
        <scale>2</scale>
      </column>
      <column>
        <label>IRREVOC_IND</label>
        <tableName>CONTRACTROLE</tableName>
        <jdbcType>CHAR</jdbcType>
        <precision>1</precision>
      </column>
      <column>
        <label>START_DT</label>
        <tableName>CONTRACTROLE</tableName>
        <jdbcType>TIMESTAMP</jdbcType>
      </column>
      <column>
        <label>END_DT</label>
        <tableName>CONTRACTROLE</tableName>
        <jdbcType>TIMESTAMP</jdbcType>
      </column>
      <column>
        <label>REGISTERED_NAME</label>
        <tableName>CONTRACTROLE</tableName>
        <jdbcType>VARCHAR</jdbcType>
        <precision>255</precision>
      </column>
      <column>
        <label>RECORDED_START_DT</label>
        <tableName>CONTRACTROLE</tableName>
        <jdbcType>TIMESTAMP</jdbcType>
      </column>
      <column>
        <label>RECORDED_END_DT</label>
        <tableName>CONTRACTROLE</tableName>
        <jdbcType>TIMESTAMP</jdbcType>
      </column>
      <column>
        <label>LAST_UPDATE_DT</label>
        <tableName>CONTRACTROLE</tableName>
        <jdbcType>TIMESTAMP</jdbcType>
      </column>
      <column>
        <label>LAST_UPDATE_USER</label>
        <tableName>CONTRACTROLE</tableName>
        <jdbcType>VARCHAR</jdbcType>
        <precision>20</precision>
      </column>
      <column>
        <label>ARRANGEMENT_TP_CD</label>
        <tableName>CONTRACTROLE</tableName>
        <jdbcType>BIGINT</jdbcType>
        <precision>19</precision>
      </column>
      <column>
        <label>SHARE_DIST_TP_CD</label>
        <tableName>CONTRACTROLE</tableName>
        <jdbcType>BIGINT</jdbcType>
        <precision>19</precision>
      </column>
      <column>
        <label>END_REASON_TP_CD</label>
        <tableName>CONTRACTROLE</tableName>
        <jdbcType>BIGINT</jdbcType>
        <precision>19</precision>
      </column>
      <column>
        <label>LAST_UPDATE_TX_ID</label>
        <tableName>CONTRACTROLE</tableName>
        <jdbcType>BIGINT</jdbcType>
        <precision>19</precision>
      </column>
      <column>
        <label>ARRANGEMENT_DESC</label>
        <tableName>CONTRACTROLE</tableName>
        <jdbcType>VARCHAR</jdbcType>
        <precision>255</precision>
      </column>
      <column>
        <label>XSOURCE_IDENT_TP_CD</label>
        <tableName>CONTRACTROLE</tableName>
        <jdbcType>BIGINT</jdbcType>
        <precision>19</precision>
      </column>
    </columns>
  </statement>
  <statement method='com.ibm.daimler.dsea.entityObject.XContractRoleExtInquiryData#getEObjCONTRACT_PARTY_ROLES_BY_PARTY_ID_HISTORY(Object[])'>
    <parameters>
      <parameter>
        <parameterMode>parameterModeIn</parameterMode>
        <jdbcType>BIGINT</jdbcType>
        <precision>19</precision>
      </parameter>
      <parameter>
        <parameterMode>parameterModeIn</parameterMode>
        <jdbcType>TIMESTAMP</jdbcType>
      </parameter>
      <parameter>
        <parameterMode>parameterModeIn</parameterMode>
        <jdbcType>TIMESTAMP</jdbcType>
      </parameter>
    </parameters>
    <columns>
      <column>
        <label>HIST_ID_PK</label>
        <tableName>CONTRACTROLE</tableName>
        <jdbcType>BIGINT</jdbcType>
        <precision>19</precision>
      </column>
      <column>
        <label>H_ACTION_CODE</label>
        <tableName>CONTRACTROLE</tableName>
        <jdbcType>CHAR</jdbcType>
        <precision>1</precision>
      </column>
      <column>
        <label>H_CREATED_BY</label>
        <tableName>CONTRACTROLE</tableName>
        <jdbcType>VARCHAR</jdbcType>
        <precision>20</precision>
      </column>
      <column>
        <label>H_CREATE_DT</label>
        <tableName>CONTRACTROLE</tableName>
        <jdbcType>TIMESTAMP</jdbcType>
      </column>
      <column>
        <label>H_END_DT</label>
        <tableName>CONTRACTROLE</tableName>
        <jdbcType>TIMESTAMP</jdbcType>
      </column>
      <column>
        <label>CONTRACT_ROLE_ID</label>
        <tableName>CONTRACTROLE</tableName>
        <jdbcType>BIGINT</jdbcType>
        <precision>19</precision>
      </column>
      <column>
        <label>CONT_ID</label>
        <tableName>CONTRACTROLE</tableName>
        <jdbcType>BIGINT</jdbcType>
        <precision>19</precision>
      </column>
      <column>
        <label>CONTR_COMPONENT_ID</label>
        <tableName>CONTRACTROLE</tableName>
        <jdbcType>BIGINT</jdbcType>
        <precision>19</precision>
      </column>
      <column>
        <label>CONTR_ROLE_TP_CD</label>
        <tableName>CONTRACTROLE</tableName>
        <jdbcType>BIGINT</jdbcType>
        <precision>19</precision>
      </column>
      <column>
        <label>DISTRIB_PCT</label>
        <tableName>CONTRACTROLE</tableName>
        <jdbcType>DECIMAL</jdbcType>
        <precision>5</precision>
        <scale>2</scale>
      </column>
      <column>
        <label>IRREVOC_IND</label>
        <tableName>CONTRACTROLE</tableName>
        <jdbcType>CHAR</jdbcType>
        <precision>1</precision>
      </column>
      <column>
        <label>START_DT</label>
        <tableName>CONTRACTROLE</tableName>
        <jdbcType>TIMESTAMP</jdbcType>
      </column>
      <column>
        <label>END_DT</label>
        <tableName>CONTRACTROLE</tableName>
        <jdbcType>TIMESTAMP</jdbcType>
      </column>
      <column>
        <label>REGISTERED_NAME</label>
        <tableName>CONTRACTROLE</tableName>
        <jdbcType>VARCHAR</jdbcType>
        <precision>255</precision>
      </column>
      <column>
        <label>RECORDED_START_DT</label>
        <tableName>CONTRACTROLE</tableName>
        <jdbcType>TIMESTAMP</jdbcType>
      </column>
      <column>
        <label>RECORDED_END_DT</label>
        <tableName>CONTRACTROLE</tableName>
        <jdbcType>TIMESTAMP</jdbcType>
      </column>
      <column>
        <label>LAST_UPDATE_DT</label>
        <tableName>CONTRACTROLE</tableName>
        <jdbcType>TIMESTAMP</jdbcType>
      </column>
      <column>
        <label>LAST_UPDATE_USER</label>
        <tableName>CONTRACTROLE</tableName>
        <jdbcType>VARCHAR</jdbcType>
        <precision>20</precision>
      </column>
      <column>
        <label>ARRANGEMENT_TP_CD</label>
        <tableName>CONTRACTROLE</tableName>
        <jdbcType>BIGINT</jdbcType>
        <precision>19</precision>
      </column>
      <column>
        <label>SHARE_DIST_TP_CD</label>
        <tableName>CONTRACTROLE</tableName>
        <jdbcType>BIGINT</jdbcType>
        <precision>19</precision>
      </column>
      <column>
        <label>END_REASON_TP_CD</label>
        <tableName>CONTRACTROLE</tableName>
        <jdbcType>BIGINT</jdbcType>
        <precision>19</precision>
      </column>
      <column>
        <label>LAST_UPDATE_TX_ID</label>
        <tableName>CONTRACTROLE</tableName>
        <jdbcType>BIGINT</jdbcType>
        <precision>19</precision>
      </column>
      <column>
        <label>ARRANGEMENT_DESC</label>
        <tableName>CONTRACTROLE</tableName>
        <jdbcType>VARCHAR</jdbcType>
        <precision>255</precision>
      </column>
      <column>
        <label>XSOURCE_IDENT_TP_CD</label>
        <tableName>CONTRACTROLE</tableName>
        <jdbcType>BIGINT</jdbcType>
        <precision>19</precision>
      </column>
    </columns>
  </statement>
  <statement method='com.ibm.daimler.dsea.entityObject.XContractRoleExtInquiryData#getEObjCONTRACT_PARTY_ROLES_HISTORY(Object[])'>
    <parameters>
      <parameter>
        <parameterMode>parameterModeIn</parameterMode>
        <jdbcType>BIGINT</jdbcType>
        <precision>19</precision>
      </parameter>
      <parameter>
        <parameterMode>parameterModeIn</parameterMode>
        <jdbcType>TIMESTAMP</jdbcType>
      </parameter>
      <parameter>
        <parameterMode>parameterModeIn</parameterMode>
        <jdbcType>TIMESTAMP</jdbcType>
      </parameter>
    </parameters>
    <columns>
      <column>
        <label>HIST_ID_PK</label>
        <tableName>CONTRACTROLE</tableName>
        <jdbcType>BIGINT</jdbcType>
        <precision>19</precision>
      </column>
      <column>
        <label>H_ACTION_CODE</label>
        <tableName>CONTRACTROLE</tableName>
        <jdbcType>CHAR</jdbcType>
        <precision>1</precision>
      </column>
      <column>
        <label>H_CREATED_BY</label>
        <tableName>CONTRACTROLE</tableName>
        <jdbcType>VARCHAR</jdbcType>
        <precision>20</precision>
      </column>
      <column>
        <label>H_CREATE_DT</label>
        <tableName>CONTRACTROLE</tableName>
        <jdbcType>TIMESTAMP</jdbcType>
      </column>
      <column>
        <label>H_END_DT</label>
        <tableName>CONTRACTROLE</tableName>
        <jdbcType>TIMESTAMP</jdbcType>
      </column>
      <column>
        <label>CONTRACT_ROLE_ID</label>
        <tableName>CONTRACTROLE</tableName>
        <jdbcType>BIGINT</jdbcType>
        <precision>19</precision>
      </column>
      <column>
        <label>CONT_ID</label>
        <tableName>CONTRACTROLE</tableName>
        <jdbcType>BIGINT</jdbcType>
        <precision>19</precision>
      </column>
      <column>
        <label>CONTR_COMPONENT_ID</label>
        <tableName>CONTRACTROLE</tableName>
        <jdbcType>BIGINT</jdbcType>
        <precision>19</precision>
      </column>
      <column>
        <label>CONTR_ROLE_TP_CD</label>
        <tableName>CONTRACTROLE</tableName>
        <jdbcType>BIGINT</jdbcType>
        <precision>19</precision>
      </column>
      <column>
        <label>DISTRIB_PCT</label>
        <tableName>CONTRACTROLE</tableName>
        <jdbcType>DECIMAL</jdbcType>
        <precision>5</precision>
        <scale>2</scale>
      </column>
      <column>
        <label>IRREVOC_IND</label>
        <tableName>CONTRACTROLE</tableName>
        <jdbcType>CHAR</jdbcType>
        <precision>1</precision>
      </column>
      <column>
        <label>START_DT</label>
        <tableName>CONTRACTROLE</tableName>
        <jdbcType>TIMESTAMP</jdbcType>
      </column>
      <column>
        <label>END_DT</label>
        <tableName>CONTRACTROLE</tableName>
        <jdbcType>TIMESTAMP</jdbcType>
      </column>
      <column>
        <label>REGISTERED_NAME</label>
        <tableName>CONTRACTROLE</tableName>
        <jdbcType>VARCHAR</jdbcType>
        <precision>255</precision>
      </column>
      <column>
        <label>RECORDED_START_DT</label>
        <tableName>CONTRACTROLE</tableName>
        <jdbcType>TIMESTAMP</jdbcType>
      </column>
      <column>
        <label>RECORDED_END_DT</label>
        <tableName>CONTRACTROLE</tableName>
        <jdbcType>TIMESTAMP</jdbcType>
      </column>
      <column>
        <label>LAST_UPDATE_DT</label>
        <tableName>CONTRACTROLE</tableName>
        <jdbcType>TIMESTAMP</jdbcType>
      </column>
      <column>
        <label>LAST_UPDATE_USER</label>
        <tableName>CONTRACTROLE</tableName>
        <jdbcType>VARCHAR</jdbcType>
        <precision>20</precision>
      </column>
      <column>
        <label>ARRANGEMENT_TP_CD</label>
        <tableName>CONTRACTROLE</tableName>
        <jdbcType>BIGINT</jdbcType>
        <precision>19</precision>
      </column>
      <column>
        <label>SHARE_DIST_TP_CD</label>
        <tableName>CONTRACTROLE</tableName>
        <jdbcType>BIGINT</jdbcType>
        <precision>19</precision>
      </column>
      <column>
        <label>END_REASON_TP_CD</label>
        <tableName>CONTRACTROLE</tableName>
        <jdbcType>BIGINT</jdbcType>
        <precision>19</precision>
      </column>
      <column>
        <label>LAST_UPDATE_TX_ID</label>
        <tableName>CONTRACTROLE</tableName>
        <jdbcType>BIGINT</jdbcType>
        <precision>19</precision>
      </column>
      <column>
        <label>ARRANGEMENT_DESC</label>
        <tableName>CONTRACTROLE</tableName>
        <jdbcType>VARCHAR</jdbcType>
        <precision>255</precision>
      </column>
      <column>
        <label>XSOURCE_IDENT_TP_CD</label>
        <tableName>CONTRACTROLE</tableName>
        <jdbcType>BIGINT</jdbcType>
        <precision>19</precision>
      </column>
    </columns>
  </statement>
  <statement method='com.ibm.daimler.dsea.entityObject.XContractRoleExtInquiryData#getEObjCONTRACT_PARTY_ROLES_ACTIVE(Object[])'>
    <parameters>
      <parameter>
        <parameterMode>parameterModeIn</parameterMode>
        <jdbcType>BIGINT</jdbcType>
        <precision>19</precision>
      </parameter>
      <parameter>
        <parameterMode>parameterModeIn</parameterMode>
        <jdbcType>TIMESTAMP</jdbcType>
      </parameter>
    </parameters>
    <columns>
      <column>
        <label>CONTRACT_ROLE_ID</label>
        <tableName>CONTRACTROLE</tableName>
        <jdbcType>BIGINT</jdbcType>
        <precision>19</precision>
      </column>
      <column>
        <label>CONT_ID</label>
        <tableName>CONTRACTROLE</tableName>
        <jdbcType>BIGINT</jdbcType>
        <precision>19</precision>
      </column>
      <column>
        <label>CONTR_COMPONENT_ID</label>
        <tableName>CONTRACTROLE</tableName>
        <jdbcType>BIGINT</jdbcType>
        <precision>19</precision>
      </column>
      <column>
        <label>CONTR_ROLE_TP_CD</label>
        <tableName>CONTRACTROLE</tableName>
        <jdbcType>BIGINT</jdbcType>
        <precision>19</precision>
      </column>
      <column>
        <label>DISTRIB_PCT</label>
        <tableName>CONTRACTROLE</tableName>
        <jdbcType>DECIMAL</jdbcType>
        <precision>5</precision>
        <scale>2</scale>
      </column>
      <column>
        <label>IRREVOC_IND</label>
        <tableName>CONTRACTROLE</tableName>
        <jdbcType>CHAR</jdbcType>
        <precision>1</precision>
      </column>
      <column>
        <label>START_DT</label>
        <tableName>CONTRACTROLE</tableName>
        <jdbcType>TIMESTAMP</jdbcType>
      </column>
      <column>
        <label>END_DT</label>
        <tableName>CONTRACTROLE</tableName>
        <jdbcType>TIMESTAMP</jdbcType>
      </column>
      <column>
        <label>REGISTERED_NAME</label>
        <tableName>CONTRACTROLE</tableName>
        <jdbcType>VARCHAR</jdbcType>
        <precision>255</precision>
      </column>
      <column>
        <label>RECORDED_START_DT</label>
        <tableName>CONTRACTROLE</tableName>
        <jdbcType>TIMESTAMP</jdbcType>
      </column>
      <column>
        <label>RECORDED_END_DT</label>
        <tableName>CONTRACTROLE</tableName>
        <jdbcType>TIMESTAMP</jdbcType>
      </column>
      <column>
        <label>LAST_UPDATE_DT</label>
        <tableName>CONTRACTROLE</tableName>
        <jdbcType>TIMESTAMP</jdbcType>
      </column>
      <column>
        <label>LAST_UPDATE_USER</label>
        <tableName>CONTRACTROLE</tableName>
        <jdbcType>VARCHAR</jdbcType>
        <precision>20</precision>
      </column>
      <column>
        <label>ARRANGEMENT_TP_CD</label>
        <tableName>CONTRACTROLE</tableName>
        <jdbcType>BIGINT</jdbcType>
        <precision>19</precision>
      </column>
      <column>
        <label>SHARE_DIST_TP_CD</label>
        <tableName>CONTRACTROLE</tableName>
        <jdbcType>BIGINT</jdbcType>
        <precision>19</precision>
      </column>
      <column>
        <label>END_REASON_TP_CD</label>
        <tableName>CONTRACTROLE</tableName>
        <jdbcType>BIGINT</jdbcType>
        <precision>19</precision>
      </column>
      <column>
        <label>LAST_UPDATE_TX_ID</label>
        <tableName>CONTRACTROLE</tableName>
        <jdbcType>BIGINT</jdbcType>
        <precision>19</precision>
      </column>
      <column>
        <label>ARRANGEMENT_DESC</label>
        <tableName>CONTRACTROLE</tableName>
        <jdbcType>VARCHAR</jdbcType>
        <precision>255</precision>
      </column>
      <column>
        <label>XSOURCE_IDENT_TP_CD</label>
        <tableName>CONTRACTROLE</tableName>
        <jdbcType>BIGINT</jdbcType>
        <precision>19</precision>
      </column>
    </columns>
  </statement>
  <statement method='com.ibm.daimler.dsea.entityObject.XContractRoleExtInquiryData#getEObjCONTRACT_PARTY_ROLES_INACTIVE(Object[])'>
    <parameters>
      <parameter>
        <parameterMode>parameterModeIn</parameterMode>
        <jdbcType>BIGINT</jdbcType>
        <precision>19</precision>
      </parameter>
      <parameter>
        <parameterMode>parameterModeIn</parameterMode>
        <jdbcType>TIMESTAMP</jdbcType>
      </parameter>
    </parameters>
    <columns>
      <column>
        <label>CONTRACT_ROLE_ID</label>
        <tableName>CONTRACTROLE</tableName>
        <jdbcType>BIGINT</jdbcType>
        <precision>19</precision>
      </column>
      <column>
        <label>CONT_ID</label>
        <tableName>CONTRACTROLE</tableName>
        <jdbcType>BIGINT</jdbcType>
        <precision>19</precision>
      </column>
      <column>
        <label>CONTR_COMPONENT_ID</label>
        <tableName>CONTRACTROLE</tableName>
        <jdbcType>BIGINT</jdbcType>
        <precision>19</precision>
      </column>
      <column>
        <label>CONTR_ROLE_TP_CD</label>
        <tableName>CONTRACTROLE</tableName>
        <jdbcType>BIGINT</jdbcType>
        <precision>19</precision>
      </column>
      <column>
        <label>DISTRIB_PCT</label>
        <tableName>CONTRACTROLE</tableName>
        <jdbcType>DECIMAL</jdbcType>
        <precision>5</precision>
        <scale>2</scale>
      </column>
      <column>
        <label>IRREVOC_IND</label>
        <tableName>CONTRACTROLE</tableName>
        <jdbcType>CHAR</jdbcType>
        <precision>1</precision>
      </column>
      <column>
        <label>START_DT</label>
        <tableName>CONTRACTROLE</tableName>
        <jdbcType>TIMESTAMP</jdbcType>
      </column>
      <column>
        <label>END_DT</label>
        <tableName>CONTRACTROLE</tableName>
        <jdbcType>TIMESTAMP</jdbcType>
      </column>
      <column>
        <label>REGISTERED_NAME</label>
        <tableName>CONTRACTROLE</tableName>
        <jdbcType>VARCHAR</jdbcType>
        <precision>255</precision>
      </column>
      <column>
        <label>RECORDED_START_DT</label>
        <tableName>CONTRACTROLE</tableName>
        <jdbcType>TIMESTAMP</jdbcType>
      </column>
      <column>
        <label>RECORDED_END_DT</label>
        <tableName>CONTRACTROLE</tableName>
        <jdbcType>TIMESTAMP</jdbcType>
      </column>
      <column>
        <label>LAST_UPDATE_DT</label>
        <tableName>CONTRACTROLE</tableName>
        <jdbcType>TIMESTAMP</jdbcType>
      </column>
      <column>
        <label>LAST_UPDATE_USER</label>
        <tableName>CONTRACTROLE</tableName>
        <jdbcType>VARCHAR</jdbcType>
        <precision>20</precision>
      </column>
      <column>
        <label>ARRANGEMENT_TP_CD</label>
        <tableName>CONTRACTROLE</tableName>
        <jdbcType>BIGINT</jdbcType>
        <precision>19</precision>
      </column>
      <column>
        <label>SHARE_DIST_TP_CD</label>
        <tableName>CONTRACTROLE</tableName>
        <jdbcType>BIGINT</jdbcType>
        <precision>19</precision>
      </column>
      <column>
        <label>END_REASON_TP_CD</label>
        <tableName>CONTRACTROLE</tableName>
        <jdbcType>BIGINT</jdbcType>
        <precision>19</precision>
      </column>
      <column>
        <label>LAST_UPDATE_TX_ID</label>
        <tableName>CONTRACTROLE</tableName>
        <jdbcType>BIGINT</jdbcType>
        <precision>19</precision>
      </column>
      <column>
        <label>ARRANGEMENT_DESC</label>
        <tableName>CONTRACTROLE</tableName>
        <jdbcType>VARCHAR</jdbcType>
        <precision>255</precision>
      </column>
      <column>
        <label>XSOURCE_IDENT_TP_CD</label>
        <tableName>CONTRACTROLE</tableName>
        <jdbcType>BIGINT</jdbcType>
        <precision>19</precision>
      </column>
    </columns>
  </statement>
  <statement method='com.ibm.daimler.dsea.entityObject.XContractRoleExtInquiryData#getEObjCONTRACT_PARTY_ROLES_ALL(Object[])'>
    <parameters>
      <parameter>
        <parameterMode>parameterModeIn</parameterMode>
        <jdbcType>BIGINT</jdbcType>
        <precision>19</precision>
      </parameter>
    </parameters>
    <columns>
      <column>
        <label>CONTRACT_ROLE_ID</label>
        <tableName>CONTRACTROLE</tableName>
        <jdbcType>BIGINT</jdbcType>
        <precision>19</precision>
      </column>
      <column>
        <label>CONT_ID</label>
        <tableName>CONTRACTROLE</tableName>
        <jdbcType>BIGINT</jdbcType>
        <precision>19</precision>
      </column>
      <column>
        <label>CONTR_COMPONENT_ID</label>
        <tableName>CONTRACTROLE</tableName>
        <jdbcType>BIGINT</jdbcType>
        <precision>19</precision>
      </column>
      <column>
        <label>CONTR_ROLE_TP_CD</label>
        <tableName>CONTRACTROLE</tableName>
        <jdbcType>BIGINT</jdbcType>
        <precision>19</precision>
      </column>
      <column>
        <label>DISTRIB_PCT</label>
        <tableName>CONTRACTROLE</tableName>
        <jdbcType>DECIMAL</jdbcType>
        <precision>5</precision>
        <scale>2</scale>
      </column>
      <column>
        <label>IRREVOC_IND</label>
        <tableName>CONTRACTROLE</tableName>
        <jdbcType>CHAR</jdbcType>
        <precision>1</precision>
      </column>
      <column>
        <label>START_DT</label>
        <tableName>CONTRACTROLE</tableName>
        <jdbcType>TIMESTAMP</jdbcType>
      </column>
      <column>
        <label>END_DT</label>
        <tableName>CONTRACTROLE</tableName>
        <jdbcType>TIMESTAMP</jdbcType>
      </column>
      <column>
        <label>REGISTERED_NAME</label>
        <tableName>CONTRACTROLE</tableName>
        <jdbcType>VARCHAR</jdbcType>
        <precision>255</precision>
      </column>
      <column>
        <label>RECORDED_START_DT</label>
        <tableName>CONTRACTROLE</tableName>
        <jdbcType>TIMESTAMP</jdbcType>
      </column>
      <column>
        <label>RECORDED_END_DT</label>
        <tableName>CONTRACTROLE</tableName>
        <jdbcType>TIMESTAMP</jdbcType>
      </column>
      <column>
        <label>LAST_UPDATE_DT</label>
        <tableName>CONTRACTROLE</tableName>
        <jdbcType>TIMESTAMP</jdbcType>
      </column>
      <column>
        <label>LAST_UPDATE_USER</label>
        <tableName>CONTRACTROLE</tableName>
        <jdbcType>VARCHAR</jdbcType>
        <precision>20</precision>
      </column>
      <column>
        <label>ARRANGEMENT_TP_CD</label>
        <tableName>CONTRACTROLE</tableName>
        <jdbcType>BIGINT</jdbcType>
        <precision>19</precision>
      </column>
      <column>
        <label>SHARE_DIST_TP_CD</label>
        <tableName>CONTRACTROLE</tableName>
        <jdbcType>BIGINT</jdbcType>
        <precision>19</precision>
      </column>
      <column>
        <label>END_REASON_TP_CD</label>
        <tableName>CONTRACTROLE</tableName>
        <jdbcType>BIGINT</jdbcType>
        <precision>19</precision>
      </column>
      <column>
        <label>LAST_UPDATE_TX_ID</label>
        <tableName>CONTRACTROLE</tableName>
        <jdbcType>BIGINT</jdbcType>
        <precision>19</precision>
      </column>
      <column>
        <label>ARRANGEMENT_DESC</label>
        <tableName>CONTRACTROLE</tableName>
        <jdbcType>VARCHAR</jdbcType>
        <precision>255</precision>
      </column>
      <column>
        <label>XSOURCE_IDENT_TP_CD</label>
        <tableName>CONTRACTROLE</tableName>
        <jdbcType>BIGINT</jdbcType>
        <precision>19</precision>
      </column>
    </columns>
  </statement>
  <statement method='com.ibm.daimler.dsea.entityObject.XContractRoleExtInquiryData#getEObjCONTRACT_PARTY_ROLES_BY_PARTY_ID_AND_DATE_HISTORY(Object[])'>
    <parameters>
      <parameter>
        <parameterMode>parameterModeIn</parameterMode>
        <jdbcType>BIGINT</jdbcType>
        <precision>19</precision>
      </parameter>
      <parameter>
        <parameterMode>parameterModeIn</parameterMode>
        <jdbcType>TIMESTAMP</jdbcType>
      </parameter>
      <parameter>
        <parameterMode>parameterModeIn</parameterMode>
        <jdbcType>TIMESTAMP</jdbcType>
      </parameter>
    </parameters>
    <columns>
      <column>
        <label>HIST_ID_PK</label>
        <tableName>CONTRACTROLE</tableName>
        <jdbcType>BIGINT</jdbcType>
        <precision>19</precision>
      </column>
      <column>
        <label>H_ACTION_CODE</label>
        <tableName>CONTRACTROLE</tableName>
        <jdbcType>CHAR</jdbcType>
        <precision>1</precision>
      </column>
      <column>
        <label>H_CREATED_BY</label>
        <tableName>CONTRACTROLE</tableName>
        <jdbcType>VARCHAR</jdbcType>
        <precision>20</precision>
      </column>
      <column>
        <label>H_CREATE_DT</label>
        <tableName>CONTRACTROLE</tableName>
        <jdbcType>TIMESTAMP</jdbcType>
      </column>
      <column>
        <label>H_END_DT</label>
        <tableName>CONTRACTROLE</tableName>
        <jdbcType>TIMESTAMP</jdbcType>
      </column>
      <column>
        <label>CONTRACT_ROLE_ID</label>
        <tableName>CONTRACTROLE</tableName>
        <jdbcType>BIGINT</jdbcType>
        <precision>19</precision>
      </column>
      <column>
        <label>CONT_ID</label>
        <tableName>CONTRACTROLE</tableName>
        <jdbcType>BIGINT</jdbcType>
        <precision>19</precision>
      </column>
      <column>
        <label>CONTR_COMPONENT_ID</label>
        <tableName>CONTRACTROLE</tableName>
        <jdbcType>BIGINT</jdbcType>
        <precision>19</precision>
      </column>
      <column>
        <label>CONTR_ROLE_TP_CD</label>
        <tableName>CONTRACTROLE</tableName>
        <jdbcType>BIGINT</jdbcType>
        <precision>19</precision>
      </column>
      <column>
        <label>DISTRIB_PCT</label>
        <tableName>CONTRACTROLE</tableName>
        <jdbcType>DECIMAL</jdbcType>
        <precision>5</precision>
        <scale>2</scale>
      </column>
      <column>
        <label>IRREVOC_IND</label>
        <tableName>CONTRACTROLE</tableName>
        <jdbcType>CHAR</jdbcType>
        <precision>1</precision>
      </column>
      <column>
        <label>START_DT</label>
        <tableName>CONTRACTROLE</tableName>
        <jdbcType>TIMESTAMP</jdbcType>
      </column>
      <column>
        <label>END_DT</label>
        <tableName>CONTRACTROLE</tableName>
        <jdbcType>TIMESTAMP</jdbcType>
      </column>
      <column>
        <label>REGISTERED_NAME</label>
        <tableName>CONTRACTROLE</tableName>
        <jdbcType>VARCHAR</jdbcType>
        <precision>255</precision>
      </column>
      <column>
        <label>RECORDED_START_DT</label>
        <tableName>CONTRACTROLE</tableName>
        <jdbcType>TIMESTAMP</jdbcType>
      </column>
      <column>
        <label>RECORDED_END_DT</label>
        <tableName>CONTRACTROLE</tableName>
        <jdbcType>TIMESTAMP</jdbcType>
      </column>
      <column>
        <label>LAST_UPDATE_DT</label>
        <tableName>CONTRACTROLE</tableName>
        <jdbcType>TIMESTAMP</jdbcType>
      </column>
      <column>
        <label>LAST_UPDATE_USER</label>
        <tableName>CONTRACTROLE</tableName>
        <jdbcType>VARCHAR</jdbcType>
        <precision>20</precision>
      </column>
      <column>
        <label>ARRANGEMENT_TP_CD</label>
        <tableName>CONTRACTROLE</tableName>
        <jdbcType>BIGINT</jdbcType>
        <precision>19</precision>
      </column>
      <column>
        <label>SHARE_DIST_TP_CD</label>
        <tableName>CONTRACTROLE</tableName>
        <jdbcType>BIGINT</jdbcType>
        <precision>19</precision>
      </column>
      <column>
        <label>END_REASON_TP_CD</label>
        <tableName>CONTRACTROLE</tableName>
        <jdbcType>BIGINT</jdbcType>
        <precision>19</precision>
      </column>
      <column>
        <label>LAST_UPDATE_TX_ID</label>
        <tableName>CONTRACTROLE</tableName>
        <jdbcType>BIGINT</jdbcType>
        <precision>19</precision>
      </column>
      <column>
        <label>ARRANGEMENT_DESC</label>
        <tableName>CONTRACTROLE</tableName>
        <jdbcType>VARCHAR</jdbcType>
        <precision>255</precision>
      </column>
      <column>
        <label>XSOURCE_IDENT_TP_CD</label>
        <tableName>CONTRACTROLE</tableName>
        <jdbcType>BIGINT</jdbcType>
        <precision>19</precision>
      </column>
    </columns>
  </statement>
  <statement method='com.ibm.daimler.dsea.entityObject.XContractRoleExtInquiryData#getEObjCONTRACT_PARTY_ROLES_BY_PARTY_ID_ACTIVE(Object[])'>
    <parameters>
      <parameter>
        <parameterMode>parameterModeIn</parameterMode>
        <jdbcType>BIGINT</jdbcType>
        <precision>19</precision>
      </parameter>
      <parameter>
        <parameterMode>parameterModeIn</parameterMode>
        <jdbcType>TIMESTAMP</jdbcType>
      </parameter>
    </parameters>
    <columns>
      <column>
        <label>CONTRACT_ROLE_ID</label>
        <tableName>CONTRACTROLE</tableName>
        <jdbcType>BIGINT</jdbcType>
        <precision>19</precision>
      </column>
      <column>
        <label>CONT_ID</label>
        <tableName>CONTRACTROLE</tableName>
        <jdbcType>BIGINT</jdbcType>
        <precision>19</precision>
      </column>
      <column>
        <label>CONTR_COMPONENT_ID</label>
        <tableName>CONTRACTROLE</tableName>
        <jdbcType>BIGINT</jdbcType>
        <precision>19</precision>
      </column>
      <column>
        <label>CONTR_ROLE_TP_CD</label>
        <tableName>CONTRACTROLE</tableName>
        <jdbcType>BIGINT</jdbcType>
        <precision>19</precision>
      </column>
      <column>
        <label>DISTRIB_PCT</label>
        <tableName>CONTRACTROLE</tableName>
        <jdbcType>DECIMAL</jdbcType>
        <precision>5</precision>
        <scale>2</scale>
      </column>
      <column>
        <label>IRREVOC_IND</label>
        <tableName>CONTRACTROLE</tableName>
        <jdbcType>CHAR</jdbcType>
        <precision>1</precision>
      </column>
      <column>
        <label>START_DT</label>
        <tableName>CONTRACTROLE</tableName>
        <jdbcType>TIMESTAMP</jdbcType>
      </column>
      <column>
        <label>END_DT</label>
        <tableName>CONTRACTROLE</tableName>
        <jdbcType>TIMESTAMP</jdbcType>
      </column>
      <column>
        <label>REGISTERED_NAME</label>
        <tableName>CONTRACTROLE</tableName>
        <jdbcType>VARCHAR</jdbcType>
        <precision>255</precision>
      </column>
      <column>
        <label>RECORDED_START_DT</label>
        <tableName>CONTRACTROLE</tableName>
        <jdbcType>TIMESTAMP</jdbcType>
      </column>
      <column>
        <label>RECORDED_END_DT</label>
        <tableName>CONTRACTROLE</tableName>
        <jdbcType>TIMESTAMP</jdbcType>
      </column>
      <column>
        <label>LAST_UPDATE_DT</label>
        <tableName>CONTRACTROLE</tableName>
        <jdbcType>TIMESTAMP</jdbcType>
      </column>
      <column>
        <label>LAST_UPDATE_USER</label>
        <tableName>CONTRACTROLE</tableName>
        <jdbcType>VARCHAR</jdbcType>
        <precision>20</precision>
      </column>
      <column>
        <label>ARRANGEMENT_TP_CD</label>
        <tableName>CONTRACTROLE</tableName>
        <jdbcType>BIGINT</jdbcType>
        <precision>19</precision>
      </column>
      <column>
        <label>SHARE_DIST_TP_CD</label>
        <tableName>CONTRACTROLE</tableName>
        <jdbcType>BIGINT</jdbcType>
        <precision>19</precision>
      </column>
      <column>
        <label>END_REASON_TP_CD</label>
        <tableName>CONTRACTROLE</tableName>
        <jdbcType>BIGINT</jdbcType>
        <precision>19</precision>
      </column>
      <column>
        <label>LAST_UPDATE_TX_ID</label>
        <tableName>CONTRACTROLE</tableName>
        <jdbcType>BIGINT</jdbcType>
        <precision>19</precision>
      </column>
      <column>
        <label>ARRANGEMENT_DESC</label>
        <tableName>CONTRACTROLE</tableName>
        <jdbcType>VARCHAR</jdbcType>
        <precision>255</precision>
      </column>
      <column>
        <label>XSOURCE_IDENT_TP_CD</label>
        <tableName>CONTRACTROLE</tableName>
        <jdbcType>BIGINT</jdbcType>
        <precision>19</precision>
      </column>
    </columns>
  </statement>
  <statement method='com.ibm.daimler.dsea.entityObject.XContractRoleExtInquiryData#getEObjCONTRACT_PARTY_ROLES_BY_PARTY_ID_INACTIVE(Object[])'>
    <parameters>
      <parameter>
        <parameterMode>parameterModeIn</parameterMode>
        <jdbcType>BIGINT</jdbcType>
        <precision>19</precision>
      </parameter>
      <parameter>
        <parameterMode>parameterModeIn</parameterMode>
        <jdbcType>TIMESTAMP</jdbcType>
      </parameter>
    </parameters>
    <columns>
      <column>
        <label>CONTRACT_ROLE_ID</label>
        <tableName>CONTRACTROLE</tableName>
        <jdbcType>BIGINT</jdbcType>
        <precision>19</precision>
      </column>
      <column>
        <label>CONT_ID</label>
        <tableName>CONTRACTROLE</tableName>
        <jdbcType>BIGINT</jdbcType>
        <precision>19</precision>
      </column>
      <column>
        <label>CONTR_COMPONENT_ID</label>
        <tableName>CONTRACTROLE</tableName>
        <jdbcType>BIGINT</jdbcType>
        <precision>19</precision>
      </column>
      <column>
        <label>CONTR_ROLE_TP_CD</label>
        <tableName>CONTRACTROLE</tableName>
        <jdbcType>BIGINT</jdbcType>
        <precision>19</precision>
      </column>
      <column>
        <label>DISTRIB_PCT</label>
        <tableName>CONTRACTROLE</tableName>
        <jdbcType>DECIMAL</jdbcType>
        <precision>5</precision>
        <scale>2</scale>
      </column>
      <column>
        <label>IRREVOC_IND</label>
        <tableName>CONTRACTROLE</tableName>
        <jdbcType>CHAR</jdbcType>
        <precision>1</precision>
      </column>
      <column>
        <label>START_DT</label>
        <tableName>CONTRACTROLE</tableName>
        <jdbcType>TIMESTAMP</jdbcType>
      </column>
      <column>
        <label>END_DT</label>
        <tableName>CONTRACTROLE</tableName>
        <jdbcType>TIMESTAMP</jdbcType>
      </column>
      <column>
        <label>REGISTERED_NAME</label>
        <tableName>CONTRACTROLE</tableName>
        <jdbcType>VARCHAR</jdbcType>
        <precision>255</precision>
      </column>
      <column>
        <label>RECORDED_START_DT</label>
        <tableName>CONTRACTROLE</tableName>
        <jdbcType>TIMESTAMP</jdbcType>
      </column>
      <column>
        <label>RECORDED_END_DT</label>
        <tableName>CONTRACTROLE</tableName>
        <jdbcType>TIMESTAMP</jdbcType>
      </column>
      <column>
        <label>LAST_UPDATE_DT</label>
        <tableName>CONTRACTROLE</tableName>
        <jdbcType>TIMESTAMP</jdbcType>
      </column>
      <column>
        <label>LAST_UPDATE_USER</label>
        <tableName>CONTRACTROLE</tableName>
        <jdbcType>VARCHAR</jdbcType>
        <precision>20</precision>
      </column>
      <column>
        <label>ARRANGEMENT_TP_CD</label>
        <tableName>CONTRACTROLE</tableName>
        <jdbcType>BIGINT</jdbcType>
        <precision>19</precision>
      </column>
      <column>
        <label>SHARE_DIST_TP_CD</label>
        <tableName>CONTRACTROLE</tableName>
        <jdbcType>BIGINT</jdbcType>
        <precision>19</precision>
      </column>
      <column>
        <label>END_REASON_TP_CD</label>
        <tableName>CONTRACTROLE</tableName>
        <jdbcType>BIGINT</jdbcType>
        <precision>19</precision>
      </column>
      <column>
        <label>LAST_UPDATE_TX_ID</label>
        <tableName>CONTRACTROLE</tableName>
        <jdbcType>BIGINT</jdbcType>
        <precision>19</precision>
      </column>
      <column>
        <label>ARRANGEMENT_DESC</label>
        <tableName>CONTRACTROLE</tableName>
        <jdbcType>VARCHAR</jdbcType>
        <precision>255</precision>
      </column>
      <column>
        <label>XSOURCE_IDENT_TP_CD</label>
        <tableName>CONTRACTROLE</tableName>
        <jdbcType>BIGINT</jdbcType>
        <precision>19</precision>
      </column>
    </columns>
  </statement>
  <statement method='com.ibm.daimler.dsea.entityObject.XContractRoleExtInquiryData#getEObjCONTRACT_PARTY_ROLES_BY_PARTY_ID_ALL(Object[])'>
    <parameters>
      <parameter>
        <parameterMode>parameterModeIn</parameterMode>
        <jdbcType>BIGINT</jdbcType>
        <precision>19</precision>
      </parameter>
    </parameters>
    <columns>
      <column>
        <label>CONTRACT_ROLE_ID</label>
        <tableName>CONTRACTROLE</tableName>
        <jdbcType>BIGINT</jdbcType>
        <precision>19</precision>
      </column>
      <column>
        <label>CONT_ID</label>
        <tableName>CONTRACTROLE</tableName>
        <jdbcType>BIGINT</jdbcType>
        <precision>19</precision>
      </column>
      <column>
        <label>CONTR_COMPONENT_ID</label>
        <tableName>CONTRACTROLE</tableName>
        <jdbcType>BIGINT</jdbcType>
        <precision>19</precision>
      </column>
      <column>
        <label>CONTR_ROLE_TP_CD</label>
        <tableName>CONTRACTROLE</tableName>
        <jdbcType>BIGINT</jdbcType>
        <precision>19</precision>
      </column>
      <column>
        <label>DISTRIB_PCT</label>
        <tableName>CONTRACTROLE</tableName>
        <jdbcType>DECIMAL</jdbcType>
        <precision>5</precision>
        <scale>2</scale>
      </column>
      <column>
        <label>IRREVOC_IND</label>
        <tableName>CONTRACTROLE</tableName>
        <jdbcType>CHAR</jdbcType>
        <precision>1</precision>
      </column>
      <column>
        <label>START_DT</label>
        <tableName>CONTRACTROLE</tableName>
        <jdbcType>TIMESTAMP</jdbcType>
      </column>
      <column>
        <label>END_DT</label>
        <tableName>CONTRACTROLE</tableName>
        <jdbcType>TIMESTAMP</jdbcType>
      </column>
      <column>
        <label>REGISTERED_NAME</label>
        <tableName>CONTRACTROLE</tableName>
        <jdbcType>VARCHAR</jdbcType>
        <precision>255</precision>
      </column>
      <column>
        <label>RECORDED_START_DT</label>
        <tableName>CONTRACTROLE</tableName>
        <jdbcType>TIMESTAMP</jdbcType>
      </column>
      <column>
        <label>RECORDED_END_DT</label>
        <tableName>CONTRACTROLE</tableName>
        <jdbcType>TIMESTAMP</jdbcType>
      </column>
      <column>
        <label>LAST_UPDATE_DT</label>
        <tableName>CONTRACTROLE</tableName>
        <jdbcType>TIMESTAMP</jdbcType>
      </column>
      <column>
        <label>LAST_UPDATE_USER</label>
        <tableName>CONTRACTROLE</tableName>
        <jdbcType>VARCHAR</jdbcType>
        <precision>20</precision>
      </column>
      <column>
        <label>ARRANGEMENT_TP_CD</label>
        <tableName>CONTRACTROLE</tableName>
        <jdbcType>BIGINT</jdbcType>
        <precision>19</precision>
      </column>
      <column>
        <label>SHARE_DIST_TP_CD</label>
        <tableName>CONTRACTROLE</tableName>
        <jdbcType>BIGINT</jdbcType>
        <precision>19</precision>
      </column>
      <column>
        <label>END_REASON_TP_CD</label>
        <tableName>CONTRACTROLE</tableName>
        <jdbcType>BIGINT</jdbcType>
        <precision>19</precision>
      </column>
      <column>
        <label>LAST_UPDATE_TX_ID</label>
        <tableName>CONTRACTROLE</tableName>
        <jdbcType>BIGINT</jdbcType>
        <precision>19</precision>
      </column>
      <column>
        <label>ARRANGEMENT_DESC</label>
        <tableName>CONTRACTROLE</tableName>
        <jdbcType>VARCHAR</jdbcType>
        <precision>255</precision>
      </column>
      <column>
        <label>XSOURCE_IDENT_TP_CD</label>
        <tableName>CONTRACTROLE</tableName>
        <jdbcType>BIGINT</jdbcType>
        <precision>19</precision>
      </column>
    </columns>
  </statement>
  <statement method='com.ibm.daimler.dsea.entityObject.XContractRoleExtInquiryData#getEObjCONTRACT_PARTY_ROLES_BY_PARTY_ID_AND_COMPONENT_HISTORY(Object[])'>
    <parameters>
      <parameter>
        <parameterMode>parameterModeIn</parameterMode>
        <jdbcType>BIGINT</jdbcType>
        <precision>19</precision>
      </parameter>
      <parameter>
        <parameterMode>parameterModeIn</parameterMode>
        <jdbcType>BIGINT</jdbcType>
        <precision>19</precision>
      </parameter>
      <parameter>
        <parameterMode>parameterModeIn</parameterMode>
        <jdbcType>TIMESTAMP</jdbcType>
      </parameter>
      <parameter>
        <parameterMode>parameterModeIn</parameterMode>
        <jdbcType>TIMESTAMP</jdbcType>
      </parameter>
    </parameters>
    <columns>
      <column>
        <label>HIST_ID_PK</label>
        <tableName>CONTRACTROLE</tableName>
        <jdbcType>BIGINT</jdbcType>
        <precision>19</precision>
      </column>
      <column>
        <label>H_ACTION_CODE</label>
        <tableName>CONTRACTROLE</tableName>
        <jdbcType>CHAR</jdbcType>
        <precision>1</precision>
      </column>
      <column>
        <label>H_CREATED_BY</label>
        <tableName>CONTRACTROLE</tableName>
        <jdbcType>VARCHAR</jdbcType>
        <precision>20</precision>
      </column>
      <column>
        <label>H_CREATE_DT</label>
        <tableName>CONTRACTROLE</tableName>
        <jdbcType>TIMESTAMP</jdbcType>
      </column>
      <column>
        <label>H_END_DT</label>
        <tableName>CONTRACTROLE</tableName>
        <jdbcType>TIMESTAMP</jdbcType>
      </column>
      <column>
        <label>CONTRACT_ROLE_ID</label>
        <tableName>CONTRACTROLE</tableName>
        <jdbcType>BIGINT</jdbcType>
        <precision>19</precision>
      </column>
      <column>
        <label>CONT_ID</label>
        <tableName>CONTRACTROLE</tableName>
        <jdbcType>BIGINT</jdbcType>
        <precision>19</precision>
      </column>
      <column>
        <label>CONTR_COMPONENT_ID</label>
        <tableName>CONTRACTROLE</tableName>
        <jdbcType>BIGINT</jdbcType>
        <precision>19</precision>
      </column>
      <column>
        <label>CONTR_ROLE_TP_CD</label>
        <tableName>CONTRACTROLE</tableName>
        <jdbcType>BIGINT</jdbcType>
        <precision>19</precision>
      </column>
      <column>
        <label>DISTRIB_PCT</label>
        <tableName>CONTRACTROLE</tableName>
        <jdbcType>DECIMAL</jdbcType>
        <precision>5</precision>
        <scale>2</scale>
      </column>
      <column>
        <label>IRREVOC_IND</label>
        <tableName>CONTRACTROLE</tableName>
        <jdbcType>CHAR</jdbcType>
        <precision>1</precision>
      </column>
      <column>
        <label>START_DT</label>
        <tableName>CONTRACTROLE</tableName>
        <jdbcType>TIMESTAMP</jdbcType>
      </column>
      <column>
        <label>END_DT</label>
        <tableName>CONTRACTROLE</tableName>
        <jdbcType>TIMESTAMP</jdbcType>
      </column>
      <column>
        <label>REGISTERED_NAME</label>
        <tableName>CONTRACTROLE</tableName>
        <jdbcType>VARCHAR</jdbcType>
        <precision>255</precision>
      </column>
      <column>
        <label>RECORDED_START_DT</label>
        <tableName>CONTRACTROLE</tableName>
        <jdbcType>TIMESTAMP</jdbcType>
      </column>
      <column>
        <label>RECORDED_END_DT</label>
        <tableName>CONTRACTROLE</tableName>
        <jdbcType>TIMESTAMP</jdbcType>
      </column>
      <column>
        <label>LAST_UPDATE_DT</label>
        <tableName>CONTRACTROLE</tableName>
        <jdbcType>TIMESTAMP</jdbcType>
      </column>
      <column>
        <label>LAST_UPDATE_USER</label>
        <tableName>CONTRACTROLE</tableName>
        <jdbcType>VARCHAR</jdbcType>
        <precision>20</precision>
      </column>
      <column>
        <label>ARRANGEMENT_TP_CD</label>
        <tableName>CONTRACTROLE</tableName>
        <jdbcType>BIGINT</jdbcType>
        <precision>19</precision>
      </column>
      <column>
        <label>SHARE_DIST_TP_CD</label>
        <tableName>CONTRACTROLE</tableName>
        <jdbcType>BIGINT</jdbcType>
        <precision>19</precision>
      </column>
      <column>
        <label>END_REASON_TP_CD</label>
        <tableName>CONTRACTROLE</tableName>
        <jdbcType>BIGINT</jdbcType>
        <precision>19</precision>
      </column>
      <column>
        <label>LAST_UPDATE_TX_ID</label>
        <tableName>CONTRACTROLE</tableName>
        <jdbcType>BIGINT</jdbcType>
        <precision>19</precision>
      </column>
      <column>
        <label>XSOURCE_IDENT_TP_CD</label>
        <tableName>CONTRACTROLE</tableName>
        <jdbcType>BIGINT</jdbcType>
        <precision>19</precision>
      </column>
    </columns>
  </statement>
  <statement method='com.ibm.daimler.dsea.entityObject.XContractRoleExtInquiryData#getEObjCONTRACT_PARTY_ROLES_BY_PARTY_ID_AND_COMPONENT_ACTIVE(Object[])'>
    <parameters>
      <parameter>
        <parameterMode>parameterModeIn</parameterMode>
        <jdbcType>BIGINT</jdbcType>
        <precision>19</precision>
      </parameter>
      <parameter>
        <parameterMode>parameterModeIn</parameterMode>
        <jdbcType>BIGINT</jdbcType>
        <precision>19</precision>
      </parameter>
      <parameter>
        <parameterMode>parameterModeIn</parameterMode>
        <jdbcType>TIMESTAMP</jdbcType>
      </parameter>
    </parameters>
    <columns>
      <column>
        <label>CONTRACT_ROLE_ID</label>
        <tableName>CONTRACTROLE</tableName>
        <jdbcType>BIGINT</jdbcType>
        <precision>19</precision>
      </column>
      <column>
        <label>CONT_ID</label>
        <tableName>CONTRACTROLE</tableName>
        <jdbcType>BIGINT</jdbcType>
        <precision>19</precision>
      </column>
      <column>
        <label>CONTR_COMPONENT_ID</label>
        <tableName>CONTRACTROLE</tableName>
        <jdbcType>BIGINT</jdbcType>
        <precision>19</precision>
      </column>
      <column>
        <label>CONTR_ROLE_TP_CD</label>
        <tableName>CONTRACTROLE</tableName>
        <jdbcType>BIGINT</jdbcType>
        <precision>19</precision>
      </column>
      <column>
        <label>DISTRIB_PCT</label>
        <tableName>CONTRACTROLE</tableName>
        <jdbcType>DECIMAL</jdbcType>
        <precision>5</precision>
        <scale>2</scale>
      </column>
      <column>
        <label>IRREVOC_IND</label>
        <tableName>CONTRACTROLE</tableName>
        <jdbcType>CHAR</jdbcType>
        <precision>1</precision>
      </column>
      <column>
        <label>START_DT</label>
        <tableName>CONTRACTROLE</tableName>
        <jdbcType>TIMESTAMP</jdbcType>
      </column>
      <column>
        <label>END_DT</label>
        <tableName>CONTRACTROLE</tableName>
        <jdbcType>TIMESTAMP</jdbcType>
      </column>
      <column>
        <label>REGISTERED_NAME</label>
        <tableName>CONTRACTROLE</tableName>
        <jdbcType>VARCHAR</jdbcType>
        <precision>255</precision>
      </column>
      <column>
        <label>RECORDED_START_DT</label>
        <tableName>CONTRACTROLE</tableName>
        <jdbcType>TIMESTAMP</jdbcType>
      </column>
      <column>
        <label>RECORDED_END_DT</label>
        <tableName>CONTRACTROLE</tableName>
        <jdbcType>TIMESTAMP</jdbcType>
      </column>
      <column>
        <label>LAST_UPDATE_DT</label>
        <tableName>CONTRACTROLE</tableName>
        <jdbcType>TIMESTAMP</jdbcType>
      </column>
      <column>
        <label>LAST_UPDATE_USER</label>
        <tableName>CONTRACTROLE</tableName>
        <jdbcType>VARCHAR</jdbcType>
        <precision>20</precision>
      </column>
      <column>
        <label>ARRANGEMENT_TP_CD</label>
        <tableName>CONTRACTROLE</tableName>
        <jdbcType>BIGINT</jdbcType>
        <precision>19</precision>
      </column>
      <column>
        <label>SHARE_DIST_TP_CD</label>
        <tableName>CONTRACTROLE</tableName>
        <jdbcType>BIGINT</jdbcType>
        <precision>19</precision>
      </column>
      <column>
        <label>END_REASON_TP_CD</label>
        <tableName>CONTRACTROLE</tableName>
        <jdbcType>BIGINT</jdbcType>
        <precision>19</precision>
      </column>
      <column>
        <label>LAST_UPDATE_TX_ID</label>
        <tableName>CONTRACTROLE</tableName>
        <jdbcType>BIGINT</jdbcType>
        <precision>19</precision>
      </column>
      <column>
        <label>ARRANGEMENT_DESC</label>
        <tableName>CONTRACTROLE</tableName>
        <jdbcType>VARCHAR</jdbcType>
        <precision>255</precision>
      </column>
      <column>
        <label>XSOURCE_IDENT_TP_CD</label>
        <tableName>CONTRACTROLE</tableName>
        <jdbcType>BIGINT</jdbcType>
        <precision>19</precision>
      </column>
    </columns>
  </statement>
  <statement method='com.ibm.daimler.dsea.entityObject.XContractRoleExtInquiryData#getEObjCONTRACT_PARTY_ROLES_BY_PARTY_ID_AND_COMPONENT_ID_INACTIVE(Object[])'>
    <parameters>
      <parameter>
        <parameterMode>parameterModeIn</parameterMode>
        <jdbcType>BIGINT</jdbcType>
        <precision>19</precision>
      </parameter>
      <parameter>
        <parameterMode>parameterModeIn</parameterMode>
        <jdbcType>BIGINT</jdbcType>
        <precision>19</precision>
      </parameter>
      <parameter>
        <parameterMode>parameterModeIn</parameterMode>
        <jdbcType>TIMESTAMP</jdbcType>
      </parameter>
    </parameters>
    <columns>
      <column>
        <label>CONTRACT_ROLE_ID</label>
        <tableName>CONTRACTROLE</tableName>
        <jdbcType>BIGINT</jdbcType>
        <precision>19</precision>
      </column>
      <column>
        <label>CONT_ID</label>
        <tableName>CONTRACTROLE</tableName>
        <jdbcType>BIGINT</jdbcType>
        <precision>19</precision>
      </column>
      <column>
        <label>CONTR_COMPONENT_ID</label>
        <tableName>CONTRACTROLE</tableName>
        <jdbcType>BIGINT</jdbcType>
        <precision>19</precision>
      </column>
      <column>
        <label>CONTR_ROLE_TP_CD</label>
        <tableName>CONTRACTROLE</tableName>
        <jdbcType>BIGINT</jdbcType>
        <precision>19</precision>
      </column>
      <column>
        <label>DISTRIB_PCT</label>
        <tableName>CONTRACTROLE</tableName>
        <jdbcType>DECIMAL</jdbcType>
        <precision>5</precision>
        <scale>2</scale>
      </column>
      <column>
        <label>IRREVOC_IND</label>
        <tableName>CONTRACTROLE</tableName>
        <jdbcType>CHAR</jdbcType>
        <precision>1</precision>
      </column>
      <column>
        <label>START_DT</label>
        <tableName>CONTRACTROLE</tableName>
        <jdbcType>TIMESTAMP</jdbcType>
      </column>
      <column>
        <label>END_DT</label>
        <tableName>CONTRACTROLE</tableName>
        <jdbcType>TIMESTAMP</jdbcType>
      </column>
      <column>
        <label>REGISTERED_NAME</label>
        <tableName>CONTRACTROLE</tableName>
        <jdbcType>VARCHAR</jdbcType>
        <precision>255</precision>
      </column>
      <column>
        <label>RECORDED_START_DT</label>
        <tableName>CONTRACTROLE</tableName>
        <jdbcType>TIMESTAMP</jdbcType>
      </column>
      <column>
        <label>RECORDED_END_DT</label>
        <tableName>CONTRACTROLE</tableName>
        <jdbcType>TIMESTAMP</jdbcType>
      </column>
      <column>
        <label>LAST_UPDATE_DT</label>
        <tableName>CONTRACTROLE</tableName>
        <jdbcType>TIMESTAMP</jdbcType>
      </column>
      <column>
        <label>LAST_UPDATE_USER</label>
        <tableName>CONTRACTROLE</tableName>
        <jdbcType>VARCHAR</jdbcType>
        <precision>20</precision>
      </column>
      <column>
        <label>ARRANGEMENT_TP_CD</label>
        <tableName>CONTRACTROLE</tableName>
        <jdbcType>BIGINT</jdbcType>
        <precision>19</precision>
      </column>
      <column>
        <label>SHARE_DIST_TP_CD</label>
        <tableName>CONTRACTROLE</tableName>
        <jdbcType>BIGINT</jdbcType>
        <precision>19</precision>
      </column>
      <column>
        <label>END_REASON_TP_CD</label>
        <tableName>CONTRACTROLE</tableName>
        <jdbcType>BIGINT</jdbcType>
        <precision>19</precision>
      </column>
      <column>
        <label>LAST_UPDATE_TX_ID</label>
        <tableName>CONTRACTROLE</tableName>
        <jdbcType>BIGINT</jdbcType>
        <precision>19</precision>
      </column>
      <column>
        <label>ARRANGEMENT_DESC</label>
        <tableName>CONTRACTROLE</tableName>
        <jdbcType>VARCHAR</jdbcType>
        <precision>255</precision>
      </column>
      <column>
        <label>XSOURCE_IDENT_TP_CD</label>
        <tableName>CONTRACTROLE</tableName>
        <jdbcType>BIGINT</jdbcType>
        <precision>19</precision>
      </column>
    </columns>
  </statement>
  <statement method='com.ibm.daimler.dsea.entityObject.XContractRoleExtInquiryData#getEObjCONTRACT_PARTY_ROLES_BY_PARTY_ID_AND_COMPONENT_ID_ALL_QUERY_RECORDS(Object[])'>
    <parameters>
      <parameter>
        <parameterMode>parameterModeIn</parameterMode>
        <jdbcType>BIGINT</jdbcType>
        <precision>19</precision>
      </parameter>
      <parameter>
        <parameterMode>parameterModeIn</parameterMode>
        <jdbcType>BIGINT</jdbcType>
        <precision>19</precision>
      </parameter>
    </parameters>
    <columns>
      <column>
        <label>CONTRACT_ROLE_ID</label>
        <tableName>CONTRACTROLE</tableName>
        <jdbcType>BIGINT</jdbcType>
        <precision>19</precision>
      </column>
      <column>
        <label>CONT_ID</label>
        <tableName>CONTRACTROLE</tableName>
        <jdbcType>BIGINT</jdbcType>
        <precision>19</precision>
      </column>
      <column>
        <label>CONTR_COMPONENT_ID</label>
        <tableName>CONTRACTROLE</tableName>
        <jdbcType>BIGINT</jdbcType>
        <precision>19</precision>
      </column>
      <column>
        <label>CONTR_ROLE_TP_CD</label>
        <tableName>CONTRACTROLE</tableName>
        <jdbcType>BIGINT</jdbcType>
        <precision>19</precision>
      </column>
      <column>
        <label>DISTRIB_PCT</label>
        <tableName>CONTRACTROLE</tableName>
        <jdbcType>DECIMAL</jdbcType>
        <precision>5</precision>
        <scale>2</scale>
      </column>
      <column>
        <label>IRREVOC_IND</label>
        <tableName>CONTRACTROLE</tableName>
        <jdbcType>CHAR</jdbcType>
        <precision>1</precision>
      </column>
      <column>
        <label>START_DT</label>
        <tableName>CONTRACTROLE</tableName>
        <jdbcType>TIMESTAMP</jdbcType>
      </column>
      <column>
        <label>END_DT</label>
        <tableName>CONTRACTROLE</tableName>
        <jdbcType>TIMESTAMP</jdbcType>
      </column>
      <column>
        <label>REGISTERED_NAME</label>
        <tableName>CONTRACTROLE</tableName>
        <jdbcType>VARCHAR</jdbcType>
        <precision>255</precision>
      </column>
      <column>
        <label>RECORDED_START_DT</label>
        <tableName>CONTRACTROLE</tableName>
        <jdbcType>TIMESTAMP</jdbcType>
      </column>
      <column>
        <label>RECORDED_END_DT</label>
        <tableName>CONTRACTROLE</tableName>
        <jdbcType>TIMESTAMP</jdbcType>
      </column>
      <column>
        <label>LAST_UPDATE_DT</label>
        <tableName>CONTRACTROLE</tableName>
        <jdbcType>TIMESTAMP</jdbcType>
      </column>
      <column>
        <label>LAST_UPDATE_USER</label>
        <tableName>CONTRACTROLE</tableName>
        <jdbcType>VARCHAR</jdbcType>
        <precision>20</precision>
      </column>
      <column>
        <label>ARRANGEMENT_TP_CD</label>
        <tableName>CONTRACTROLE</tableName>
        <jdbcType>BIGINT</jdbcType>
        <precision>19</precision>
      </column>
      <column>
        <label>SHARE_DIST_TP_CD</label>
        <tableName>CONTRACTROLE</tableName>
        <jdbcType>BIGINT</jdbcType>
        <precision>19</precision>
      </column>
      <column>
        <label>END_REASON_TP_CD</label>
        <tableName>CONTRACTROLE</tableName>
        <jdbcType>BIGINT</jdbcType>
        <precision>19</precision>
      </column>
      <column>
        <label>LAST_UPDATE_TX_ID</label>
        <tableName>CONTRACTROLE</tableName>
        <jdbcType>BIGINT</jdbcType>
        <precision>19</precision>
      </column>
      <column>
        <label>ARRANGEMENT_DESC</label>
        <tableName>CONTRACTROLE</tableName>
        <jdbcType>VARCHAR</jdbcType>
        <precision>255</precision>
      </column>
      <column>
        <label>XSOURCE_IDENT_TP_CD</label>
        <tableName>CONTRACTROLE</tableName>
        <jdbcType>BIGINT</jdbcType>
        <precision>19</precision>
      </column>
    </columns>
  </statement>
  <statement method='com.ibm.daimler.dsea.entityObject.XContractRoleExtInquiryData#getEObjCONTRACT_PARTY_ROLE_HISTORY(Object[])'>
    <parameters>
      <parameter>
        <parameterMode>parameterModeIn</parameterMode>
        <jdbcType>BIGINT</jdbcType>
        <precision>19</precision>
      </parameter>
      <parameter>
        <parameterMode>parameterModeIn</parameterMode>
        <jdbcType>TIMESTAMP</jdbcType>
      </parameter>
      <parameter>
        <parameterMode>parameterModeIn</parameterMode>
        <jdbcType>TIMESTAMP</jdbcType>
      </parameter>
    </parameters>
    <columns>
      <column>
        <label>HIST_ID_PK</label>
        <tableName>CONTRACTROLE</tableName>
        <jdbcType>BIGINT</jdbcType>
        <precision>19</precision>
      </column>
      <column>
        <label>H_ACTION_CODE</label>
        <tableName>CONTRACTROLE</tableName>
        <jdbcType>CHAR</jdbcType>
        <precision>1</precision>
      </column>
      <column>
        <label>H_CREATED_BY</label>
        <tableName>CONTRACTROLE</tableName>
        <jdbcType>VARCHAR</jdbcType>
        <precision>20</precision>
      </column>
      <column>
        <label>H_CREATE_DT</label>
        <tableName>CONTRACTROLE</tableName>
        <jdbcType>TIMESTAMP</jdbcType>
      </column>
      <column>
        <label>H_END_DT</label>
        <tableName>CONTRACTROLE</tableName>
        <jdbcType>TIMESTAMP</jdbcType>
      </column>
      <column>
        <label>CONTRACT_ROLE_ID</label>
        <tableName>CONTRACTROLE</tableName>
        <jdbcType>BIGINT</jdbcType>
        <precision>19</precision>
      </column>
      <column>
        <label>CONT_ID</label>
        <tableName>CONTRACTROLE</tableName>
        <jdbcType>BIGINT</jdbcType>
        <precision>19</precision>
      </column>
      <column>
        <label>CONTR_COMPONENT_ID</label>
        <tableName>CONTRACTROLE</tableName>
        <jdbcType>BIGINT</jdbcType>
        <precision>19</precision>
      </column>
      <column>
        <label>CONTR_ROLE_TP_CD</label>
        <tableName>CONTRACTROLE</tableName>
        <jdbcType>BIGINT</jdbcType>
        <precision>19</precision>
      </column>
      <column>
        <label>DISTRIB_PCT</label>
        <tableName>CONTRACTROLE</tableName>
        <jdbcType>DECIMAL</jdbcType>
        <precision>5</precision>
        <scale>2</scale>
      </column>
      <column>
        <label>IRREVOC_IND</label>
        <tableName>CONTRACTROLE</tableName>
        <jdbcType>CHAR</jdbcType>
        <precision>1</precision>
      </column>
      <column>
        <label>START_DT</label>
        <tableName>CONTRACTROLE</tableName>
        <jdbcType>TIMESTAMP</jdbcType>
      </column>
      <column>
        <label>END_DT</label>
        <tableName>CONTRACTROLE</tableName>
        <jdbcType>TIMESTAMP</jdbcType>
      </column>
      <column>
        <label>REGISTERED_NAME</label>
        <tableName>CONTRACTROLE</tableName>
        <jdbcType>VARCHAR</jdbcType>
        <precision>255</precision>
      </column>
      <column>
        <label>RECORDED_START_DT</label>
        <tableName>CONTRACTROLE</tableName>
        <jdbcType>TIMESTAMP</jdbcType>
      </column>
      <column>
        <label>RECORDED_END_DT</label>
        <tableName>CONTRACTROLE</tableName>
        <jdbcType>TIMESTAMP</jdbcType>
      </column>
      <column>
        <label>LAST_UPDATE_DT</label>
        <tableName>CONTRACTROLE</tableName>
        <jdbcType>TIMESTAMP</jdbcType>
      </column>
      <column>
        <label>LAST_UPDATE_USER</label>
        <tableName>CONTRACTROLE</tableName>
        <jdbcType>VARCHAR</jdbcType>
        <precision>20</precision>
      </column>
      <column>
        <label>ARRANGEMENT_TP_CD</label>
        <tableName>CONTRACTROLE</tableName>
        <jdbcType>BIGINT</jdbcType>
        <precision>19</precision>
      </column>
      <column>
        <label>SHARE_DIST_TP_CD</label>
        <tableName>CONTRACTROLE</tableName>
        <jdbcType>BIGINT</jdbcType>
        <precision>19</precision>
      </column>
      <column>
        <label>END_REASON_TP_CD</label>
        <tableName>CONTRACTROLE</tableName>
        <jdbcType>BIGINT</jdbcType>
        <precision>19</precision>
      </column>
      <column>
        <label>LAST_UPDATE_TX_ID</label>
        <tableName>CONTRACTROLE</tableName>
        <jdbcType>BIGINT</jdbcType>
        <precision>19</precision>
      </column>
      <column>
        <label>ARRANGEMENT_DESC</label>
        <tableName>CONTRACTROLE</tableName>
        <jdbcType>VARCHAR</jdbcType>
        <precision>255</precision>
      </column>
      <column>
        <label>XSOURCE_IDENT_TP_CD</label>
        <tableName>CONTRACTROLE</tableName>
        <jdbcType>BIGINT</jdbcType>
        <precision>19</precision>
      </column>
    </columns>
  </statement>
  <statement method='com.ibm.daimler.dsea.entityObject.XContractRoleExtInquiryData#getEObjCONTRACT_PARTY_ROLE(Object[])'>
    <parameters>
      <parameter>
        <parameterMode>parameterModeIn</parameterMode>
        <jdbcType>BIGINT</jdbcType>
        <precision>19</precision>
      </parameter>
    </parameters>
    <columns>
      <column>
        <label>CONTRACT_ROLE_ID</label>
        <tableName>CONTRACTROLE</tableName>
        <jdbcType>BIGINT</jdbcType>
        <precision>19</precision>
      </column>
      <column>
        <label>CONT_ID</label>
        <tableName>CONTRACTROLE</tableName>
        <jdbcType>BIGINT</jdbcType>
        <precision>19</precision>
      </column>
      <column>
        <label>CONTR_COMPONENT_ID</label>
        <tableName>CONTRACTROLE</tableName>
        <jdbcType>BIGINT</jdbcType>
        <precision>19</precision>
      </column>
      <column>
        <label>CONTR_ROLE_TP_CD</label>
        <tableName>CONTRACTROLE</tableName>
        <jdbcType>BIGINT</jdbcType>
        <precision>19</precision>
      </column>
      <column>
        <label>DISTRIB_PCT</label>
        <tableName>CONTRACTROLE</tableName>
        <jdbcType>DECIMAL</jdbcType>
        <precision>5</precision>
        <scale>2</scale>
      </column>
      <column>
        <label>IRREVOC_IND</label>
        <tableName>CONTRACTROLE</tableName>
        <jdbcType>CHAR</jdbcType>
        <precision>1</precision>
      </column>
      <column>
        <label>START_DT</label>
        <tableName>CONTRACTROLE</tableName>
        <jdbcType>TIMESTAMP</jdbcType>
      </column>
      <column>
        <label>END_DT</label>
        <tableName>CONTRACTROLE</tableName>
        <jdbcType>TIMESTAMP</jdbcType>
      </column>
      <column>
        <label>REGISTERED_NAME</label>
        <tableName>CONTRACTROLE</tableName>
        <jdbcType>VARCHAR</jdbcType>
        <precision>255</precision>
      </column>
      <column>
        <label>RECORDED_START_DT</label>
        <tableName>CONTRACTROLE</tableName>
        <jdbcType>TIMESTAMP</jdbcType>
      </column>
      <column>
        <label>RECORDED_END_DT</label>
        <tableName>CONTRACTROLE</tableName>
        <jdbcType>TIMESTAMP</jdbcType>
      </column>
      <column>
        <label>LAST_UPDATE_DT</label>
        <tableName>CONTRACTROLE</tableName>
        <jdbcType>TIMESTAMP</jdbcType>
      </column>
      <column>
        <label>LAST_UPDATE_USER</label>
        <tableName>CONTRACTROLE</tableName>
        <jdbcType>VARCHAR</jdbcType>
        <precision>20</precision>
      </column>
      <column>
        <label>ARRANGEMENT_TP_CD</label>
        <tableName>CONTRACTROLE</tableName>
        <jdbcType>BIGINT</jdbcType>
        <precision>19</precision>
      </column>
      <column>
        <label>SHARE_DIST_TP_CD</label>
        <tableName>CONTRACTROLE</tableName>
        <jdbcType>BIGINT</jdbcType>
        <precision>19</precision>
      </column>
      <column>
        <label>END_REASON_TP_CD</label>
        <tableName>CONTRACTROLE</tableName>
        <jdbcType>BIGINT</jdbcType>
        <precision>19</precision>
      </column>
      <column>
        <label>LAST_UPDATE_TX_ID</label>
        <tableName>CONTRACTROLE</tableName>
        <jdbcType>BIGINT</jdbcType>
        <precision>19</precision>
      </column>
      <column>
        <label>ARRANGEMENT_DESC</label>
        <tableName>CONTRACTROLE</tableName>
        <jdbcType>VARCHAR</jdbcType>
        <precision>255</precision>
      </column>
      <column>
        <label>XSOURCE_IDENT_TP_CD</label>
        <tableName>CONTRACTROLE</tableName>
        <jdbcType>BIGINT</jdbcType>
        <precision>19</precision>
      </column>
    </columns>
  </statement>
</metadata>
