<?xml version='1.0' encoding='utf-8'?>
<!DOCTYPE metadata>
<metadata>
  <statement method='com.ibm.daimler.dsea.entityObject.XContractExtInquiryData#getEObjCONTRACT_HISTORY(Object[])'>
    <parameters>
      <parameter>
        <parameterMode>parameterModeIn</parameterMode>
        <jdbcType>BIGINT</jdbcType>
        <precision>19</precision>
      </parameter>
      <parameter>
        <parameterMode>parameterModeIn</parameterMode>
        <jdbcType>TIMESTAMP</jdbcType>
      </parameter>
      <parameter>
        <parameterMode>parameterModeIn</parameterMode>
        <jdbcType>TIMESTAMP</jdbcType>
      </parameter>
    </parameters>
    <columns>
      <column>
        <label>HIST_ID_PK</label>
        <tableName>CONTRACT</tableName>
        <jdbcType>BIGINT</jdbcType>
        <precision>19</precision>
      </column>
      <column>
        <label>H_ACTION_CODE</label>
        <tableName>CONTRACT</tableName>
        <jdbcType>CHAR</jdbcType>
        <precision>1</precision>
      </column>
      <column>
        <label>H_CREATED_BY</label>
        <tableName>CONTRACT</tableName>
        <jdbcType>VARCHAR</jdbcType>
        <precision>20</precision>
      </column>
      <column>
        <label>H_CREATE_DT</label>
        <tableName>CONTRACT</tableName>
        <jdbcType>TIMESTAMP</jdbcType>
      </column>
      <column>
        <label>H_END_DT</label>
        <tableName>CONTRACT</tableName>
        <jdbcType>TIMESTAMP</jdbcType>
      </column>
      <column>
        <label>CONTRACT_ID</label>
        <tableName>CONTRACT</tableName>
        <jdbcType>BIGINT</jdbcType>
        <precision>19</precision>
      </column>
      <column>
        <label>CURRENCY_TP_CD</label>
        <tableName>CONTRACT</tableName>
        <jdbcType>BIGINT</jdbcType>
        <precision>19</precision>
      </column>
      <column>
        <label>FREQ_MODE_TP_CD</label>
        <tableName>CONTRACT</tableName>
        <jdbcType>BIGINT</jdbcType>
        <precision>19</precision>
      </column>
      <column>
        <label>CONTR_LANG_TP_CD</label>
        <tableName>CONTRACT</tableName>
        <jdbcType>BIGINT</jdbcType>
        <precision>19</precision>
      </column>
      <column>
        <label>LINE_OF_BUSINESS</label>
        <tableName>CONTRACT</tableName>
        <jdbcType>VARCHAR</jdbcType>
        <precision>30</precision>
      </column>
      <column>
        <label>BILL_TP_CD</label>
        <tableName>CONTRACT</tableName>
        <jdbcType>BIGINT</jdbcType>
        <precision>19</precision>
      </column>
      <column>
        <label>REPL_BY_CONTRACT</label>
        <tableName>CONTRACT</tableName>
        <jdbcType>BIGINT</jdbcType>
        <precision>19</precision>
      </column>
      <column>
        <label>PREMIUM_AMT</label>
        <tableName>CONTRACT</tableName>
        <jdbcType>DECIMAL</jdbcType>
        <precision>17</precision>
        <scale>3</scale>
      </column>
      <column>
        <label>PREMAMT_CUR_TP</label>
        <tableName>CONTRACT</tableName>
        <jdbcType>BIGINT</jdbcType>
        <precision>19</precision>
      </column>
      <column>
        <label>NEXT_BILL_DT</label>
        <tableName>CONTRACT</tableName>
        <jdbcType>TIMESTAMP</jdbcType>
      </column>
      <column>
        <label>CURR_CASH_VAL_AMT</label>
        <tableName>CONTRACT</tableName>
        <jdbcType>DECIMAL</jdbcType>
        <precision>17</precision>
        <scale>3</scale>
      </column>
      <column>
        <label>CASHVAL_CUR_TP</label>
        <tableName>CONTRACT</tableName>
        <jdbcType>BIGINT</jdbcType>
        <precision>19</precision>
      </column>
      <column>
        <label>BRAND_NAME</label>
        <tableName>CONTRACT</tableName>
        <jdbcType>VARCHAR</jdbcType>
        <precision>30</precision>
      </column>
      <column>
        <label>SERVICE_ORG_NAME</label>
        <tableName>CONTRACT</tableName>
        <jdbcType>VARCHAR</jdbcType>
        <precision>70</precision>
      </column>
      <column>
        <label>BUS_ORGUNIT_ID</label>
        <tableName>CONTRACT</tableName>
        <jdbcType>VARCHAR</jdbcType>
        <precision>30</precision>
      </column>
      <column>
        <label>LAST_UPDATE_DT</label>
        <tableName>CONTRACT</tableName>
        <jdbcType>TIMESTAMP</jdbcType>
      </column>
      <column>
        <label>LAST_UPDATE_USER</label>
        <tableName>CONTRACT</tableName>
        <jdbcType>VARCHAR</jdbcType>
        <precision>20</precision>
      </column>
      <column>
        <label>SERVICE_PROV_ID</label>
        <tableName>CONTRACT</tableName>
        <jdbcType>VARCHAR</jdbcType>
        <precision>30</precision>
      </column>
      <column>
        <label>LAST_UPDATE_TX_ID</label>
        <tableName>CONTRACT</tableName>
        <jdbcType>BIGINT</jdbcType>
        <precision>19</precision>
      </column>
      <column>
        <label>ISSUE_LOCATION</label>
        <tableName>CONTRACT</tableName>
        <jdbcType>VARCHAR</jdbcType>
        <precision>30</precision>
      </column>
      <column>
        <label>MANAGED_ACCOUNT_IND</label>
        <tableName>CONTRACT</tableName>
        <jdbcType>CHAR</jdbcType>
        <precision>1</precision>
      </column>
      <column>
        <label>AGREEMENT_NAME</label>
        <tableName>CONTRACT</tableName>
        <jdbcType>VARCHAR</jdbcType>
        <precision>120</precision>
      </column>
      <column>
        <label>AGREEMENT_NICKNAME</label>
        <tableName>CONTRACT</tableName>
        <jdbcType>VARCHAR</jdbcType>
        <precision>120</precision>
      </column>
      <column>
        <label>SIGNED_DT</label>
        <tableName>CONTRACT</tableName>
        <jdbcType>TIMESTAMP</jdbcType>
      </column>
      <column>
        <label>EXECUTED_DT</label>
        <tableName>CONTRACT</tableName>
        <jdbcType>TIMESTAMP</jdbcType>
      </column>
      <column>
        <label>END_DT</label>
        <tableName>CONTRACT</tableName>
        <jdbcType>TIMESTAMP</jdbcType>
      </column>
      <column>
        <label>REPLACES_CONTRACT</label>
        <tableName>CONTRACT</tableName>
        <jdbcType>BIGINT</jdbcType>
        <precision>19</precision>
      </column>
      <column>
        <label>ACCOUNT_LAST_TRANSACTION_DT</label>
        <tableName>CONTRACT</tableName>
        <jdbcType>TIMESTAMP</jdbcType>
      </column>
      <column>
        <label>TERMINATION_DT</label>
        <tableName>CONTRACT</tableName>
        <jdbcType>TIMESTAMP</jdbcType>
      </column>
      <column>
        <label>TERMINATION_REASON_TP_CD</label>
        <tableName>CONTRACT</tableName>
        <jdbcType>BIGINT</jdbcType>
        <precision>19</precision>
      </column>
      <column>
        <label>AGREEMENT_DESCRIPTION</label>
        <tableName>CONTRACT</tableName>
        <jdbcType>VARCHAR</jdbcType>
        <precision>250</precision>
      </column>
      <column>
        <label>AGREEMENT_ST_TP_CD</label>
        <tableName>CONTRACT</tableName>
        <jdbcType>BIGINT</jdbcType>
        <precision>19</precision>
      </column>
      <column>
        <label>AGREEMENT_TP_CD</label>
        <tableName>CONTRACT</tableName>
        <jdbcType>BIGINT</jdbcType>
        <precision>19</precision>
      </column>
      <column>
        <label>SERVICE_LEVEL_TP_CD</label>
        <tableName>CONTRACT</tableName>
        <jdbcType>BIGINT</jdbcType>
        <precision>19</precision>
      </column>
      <column>
        <label>LAST_VERIFIED_DT</label>
        <tableName>CONTRACT</tableName>
        <jdbcType>TIMESTAMP</jdbcType>
      </column>
      <column>
        <label>LAST_REVIEWED_DT</label>
        <tableName>CONTRACT</tableName>
        <jdbcType>TIMESTAMP</jdbcType>
      </column>
      <column>
        <label>PRODUCT_ID</label>
        <tableName>CONTRACT</tableName>
        <jdbcType>BIGINT</jdbcType>
        <precision>19</precision>
      </column>
      <column>
        <label>ADMIN_CONTRACT_ID</label>
        <tableName>CONTRACT</tableName>
        <jdbcType>VARCHAR</jdbcType>
        <precision>150</precision>
      </column>
      <column>
        <label>ADMIN_SYS_TP_CD</label>
        <tableName>CONTRACT</tableName>
        <jdbcType>BIGINT</jdbcType>
        <precision>19</precision>
      </column>
      <column>
        <label>ACCESS_TOKEN_VALUE</label>
        <tableName>CONTRACT</tableName>
        <jdbcType>VARCHAR</jdbcType>
        <precision>50</precision>
      </column>
      <column>
        <label>CLUSTER_KEY</label>
        <tableName>CONTRACT</tableName>
        <jdbcType>BIGINT</jdbcType>
        <precision>19</precision>
      </column>
      <column>
        <label>XCONTRACT_NUM</label>
        <tableName>CONTRACT</tableName>
        <jdbcType>VARCHAR</jdbcType>
        <precision>50</precision>
      </column>
    </columns>
  </statement>
  <statement method='com.ibm.daimler.dsea.entityObject.XContractExtInquiryData#getEObjCONTRACT(Object[])'>
    <parameters>
      <parameter>
        <parameterMode>parameterModeIn</parameterMode>
        <jdbcType>BIGINT</jdbcType>
        <precision>19</precision>
      </parameter>
    </parameters>
    <columns>
      <column>
        <label>CONTRACT_ID</label>
        <tableName>CONTRACT</tableName>
        <jdbcType>BIGINT</jdbcType>
        <precision>19</precision>
      </column>
      <column>
        <label>CURRENCY_TP_CD</label>
        <tableName>CONTRACT</tableName>
        <jdbcType>BIGINT</jdbcType>
        <precision>19</precision>
      </column>
      <column>
        <label>FREQ_MODE_TP_CD</label>
        <tableName>CONTRACT</tableName>
        <jdbcType>BIGINT</jdbcType>
        <precision>19</precision>
      </column>
      <column>
        <label>CONTR_LANG_TP_CD</label>
        <tableName>CONTRACT</tableName>
        <jdbcType>BIGINT</jdbcType>
        <precision>19</precision>
      </column>
      <column>
        <label>LINE_OF_BUSINESS</label>
        <tableName>CONTRACT</tableName>
        <jdbcType>VARCHAR</jdbcType>
        <precision>30</precision>
      </column>
      <column>
        <label>BILL_TP_CD</label>
        <tableName>CONTRACT</tableName>
        <jdbcType>BIGINT</jdbcType>
        <precision>19</precision>
      </column>
      <column>
        <label>REPL_BY_CONTRACT</label>
        <tableName>CONTRACT</tableName>
        <jdbcType>BIGINT</jdbcType>
        <precision>19</precision>
      </column>
      <column>
        <label>PREMIUM_AMT</label>
        <tableName>CONTRACT</tableName>
        <jdbcType>DECIMAL</jdbcType>
        <precision>17</precision>
        <scale>3</scale>
      </column>
      <column>
        <label>PREMAMT_CUR_TP</label>
        <tableName>CONTRACT</tableName>
        <jdbcType>BIGINT</jdbcType>
        <precision>19</precision>
      </column>
      <column>
        <label>NEXT_BILL_DT</label>
        <tableName>CONTRACT</tableName>
        <jdbcType>TIMESTAMP</jdbcType>
      </column>
      <column>
        <label>CURR_CASH_VAL_AMT</label>
        <tableName>CONTRACT</tableName>
        <jdbcType>DECIMAL</jdbcType>
        <precision>17</precision>
        <scale>3</scale>
      </column>
      <column>
        <label>CASHVAL_CUR_TP</label>
        <tableName>CONTRACT</tableName>
        <jdbcType>BIGINT</jdbcType>
        <precision>19</precision>
      </column>
      <column>
        <label>BRAND_NAME</label>
        <tableName>CONTRACT</tableName>
        <jdbcType>VARCHAR</jdbcType>
        <precision>30</precision>
      </column>
      <column>
        <label>SERVICE_ORG_NAME</label>
        <tableName>CONTRACT</tableName>
        <jdbcType>VARCHAR</jdbcType>
        <precision>70</precision>
      </column>
      <column>
        <label>BUS_ORGUNIT_ID</label>
        <tableName>CONTRACT</tableName>
        <jdbcType>VARCHAR</jdbcType>
        <precision>30</precision>
      </column>
      <column>
        <label>LAST_UPDATE_DT</label>
        <tableName>CONTRACT</tableName>
        <jdbcType>TIMESTAMP</jdbcType>
      </column>
      <column>
        <label>LAST_UPDATE_USER</label>
        <tableName>CONTRACT</tableName>
        <jdbcType>VARCHAR</jdbcType>
        <precision>20</precision>
      </column>
      <column>
        <label>SERVICE_PROV_ID</label>
        <tableName>CONTRACT</tableName>
        <jdbcType>VARCHAR</jdbcType>
        <precision>30</precision>
      </column>
      <column>
        <label>LAST_UPDATE_TX_ID</label>
        <tableName>CONTRACT</tableName>
        <jdbcType>BIGINT</jdbcType>
        <precision>19</precision>
      </column>
      <column>
        <label>ISSUE_LOCATION</label>
        <tableName>CONTRACT</tableName>
        <jdbcType>VARCHAR</jdbcType>
        <precision>30</precision>
      </column>
      <column>
        <label>MANAGED_ACCOUNT_IND</label>
        <tableName>CONTRACT</tableName>
        <jdbcType>CHAR</jdbcType>
        <precision>1</precision>
      </column>
      <column>
        <label>AGREEMENT_NAME</label>
        <tableName>CONTRACT</tableName>
        <jdbcType>VARCHAR</jdbcType>
        <precision>120</precision>
      </column>
      <column>
        <label>AGREEMENT_NICKNAME</label>
        <tableName>CONTRACT</tableName>
        <jdbcType>VARCHAR</jdbcType>
        <precision>120</precision>
      </column>
      <column>
        <label>SIGNED_DT</label>
        <tableName>CONTRACT</tableName>
        <jdbcType>TIMESTAMP</jdbcType>
      </column>
      <column>
        <label>EXECUTED_DT</label>
        <tableName>CONTRACT</tableName>
        <jdbcType>TIMESTAMP</jdbcType>
      </column>
      <column>
        <label>END_DT</label>
        <tableName>CONTRACT</tableName>
        <jdbcType>TIMESTAMP</jdbcType>
      </column>
      <column>
        <label>REPLACES_CONTRACT</label>
        <tableName>CONTRACT</tableName>
        <jdbcType>BIGINT</jdbcType>
        <precision>19</precision>
      </column>
      <column>
        <label>ACCOUNT_LAST_TRANSACTION_DT</label>
        <tableName>CONTRACT</tableName>
        <jdbcType>TIMESTAMP</jdbcType>
      </column>
      <column>
        <label>TERMINATION_DT</label>
        <tableName>CONTRACT</tableName>
        <jdbcType>TIMESTAMP</jdbcType>
      </column>
      <column>
        <label>TERMINATION_REASON_TP_CD</label>
        <tableName>CONTRACT</tableName>
        <jdbcType>BIGINT</jdbcType>
        <precision>19</precision>
      </column>
      <column>
        <label>AGREEMENT_DESCRIPTION</label>
        <tableName>CONTRACT</tableName>
        <jdbcType>VARCHAR</jdbcType>
        <precision>250</precision>
      </column>
      <column>
        <label>AGREEMENT_ST_TP_CD</label>
        <tableName>CONTRACT</tableName>
        <jdbcType>BIGINT</jdbcType>
        <precision>19</precision>
      </column>
      <column>
        <label>AGREEMENT_TP_CD</label>
        <tableName>CONTRACT</tableName>
        <jdbcType>BIGINT</jdbcType>
        <precision>19</precision>
      </column>
      <column>
        <label>SERVICE_LEVEL_TP_CD</label>
        <tableName>CONTRACT</tableName>
        <jdbcType>BIGINT</jdbcType>
        <precision>19</precision>
      </column>
      <column>
        <label>LAST_VERIFIED_DT</label>
        <tableName>CONTRACT</tableName>
        <jdbcType>TIMESTAMP</jdbcType>
      </column>
      <column>
        <label>LAST_REVIEWED_DT</label>
        <tableName>CONTRACT</tableName>
        <jdbcType>TIMESTAMP</jdbcType>
      </column>
      <column>
        <label>PRODUCT_ID</label>
        <tableName>CONTRACT</tableName>
        <jdbcType>BIGINT</jdbcType>
        <precision>19</precision>
      </column>
      <column>
        <label>ADMIN_CONTRACT_ID</label>
        <tableName>CONTRACT</tableName>
        <jdbcType>VARCHAR</jdbcType>
        <precision>150</precision>
      </column>
      <column>
        <label>ADMIN_SYS_TP_CD</label>
        <tableName>CONTRACT</tableName>
        <jdbcType>BIGINT</jdbcType>
        <precision>19</precision>
      </column>
      <column>
        <label>ACCESS_TOKEN_VALUE</label>
        <tableName>CONTRACT</tableName>
        <jdbcType>VARCHAR</jdbcType>
        <precision>50</precision>
      </column>
      <column>
        <label>CLUSTER_KEY</label>
        <tableName>CONTRACT</tableName>
        <jdbcType>BIGINT</jdbcType>
        <precision>19</precision>
      </column>
      <column>
        <label>XCONTRACT_NUM</label>
        <tableName>CONTRACT</tableName>
        <jdbcType>VARCHAR</jdbcType>
        <precision>50</precision>
      </column>
    </columns>
  </statement>
  <statement method='com.ibm.daimler.dsea.entityObject.XContractExtInquiryData#getEObjCONTRACT_IDS_ALL(Object[])'>
    <parameters>
      <parameter>
        <parameterMode>parameterModeIn</parameterMode>
        <jdbcType>BIGINT</jdbcType>
        <precision>19</precision>
      </parameter>
    </parameters>
    <columns>
      <column>
        <label>CONTRACT_ID</label>
        <tableName>CONTRACTCOMPONENT</tableName>
        <jdbcType>BIGINT</jdbcType>
        <precision>19</precision>
      </column>
    </columns>
  </statement>
  <statement method='com.ibm.daimler.dsea.entityObject.XContractExtInquiryData#getEObjCONTRACT_IDS_ACTIVE(Object[])'>
    <parameters>
      <parameter>
        <parameterMode>parameterModeIn</parameterMode>
        <jdbcType>BIGINT</jdbcType>
        <precision>19</precision>
      </parameter>
      <parameter>
        <parameterMode>parameterModeIn</parameterMode>
        <jdbcType>TIMESTAMP</jdbcType>
      </parameter>
    </parameters>
    <columns>
      <column>
        <label>CONTRACT_ID</label>
        <tableName>CONTRACTCOMPONENT</tableName>
        <jdbcType>BIGINT</jdbcType>
        <precision>19</precision>
      </column>
    </columns>
  </statement>
  <statement method='com.ibm.daimler.dsea.entityObject.XContractExtInquiryData#getEObjCONTRACT_IDS_INACTIVE(Object[])'>
    <parameters>
      <parameter>
        <parameterMode>parameterModeIn</parameterMode>
        <jdbcType>BIGINT</jdbcType>
        <precision>19</precision>
      </parameter>
      <parameter>
        <parameterMode>parameterModeIn</parameterMode>
        <jdbcType>TIMESTAMP</jdbcType>
      </parameter>
    </parameters>
    <columns>
      <column>
        <label>CONTRACT_ID</label>
        <tableName>CONTRACTCOMPONENT</tableName>
        <jdbcType>BIGINT</jdbcType>
        <precision>19</precision>
      </column>
    </columns>
  </statement>
  <statement method='com.ibm.daimler.dsea.entityObject.XContractExtInquiryData#getEObjCONTRACT_IDS_HISTORY(Object[])'>
    <parameters>
      <parameter>
        <parameterMode>parameterModeIn</parameterMode>
        <jdbcType>BIGINT</jdbcType>
        <precision>19</precision>
      </parameter>
      <parameter>
        <parameterMode>parameterModeIn</parameterMode>
        <jdbcType>TIMESTAMP</jdbcType>
      </parameter>
      <parameter>
        <parameterMode>parameterModeIn</parameterMode>
        <jdbcType>TIMESTAMP</jdbcType>
      </parameter>
    </parameters>
    <columns>
      <column>
        <label>CONTRACT_ID</label>
        <tableName>CONTRACTCOMPONENT</tableName>
        <jdbcType>BIGINT</jdbcType>
        <precision>19</precision>
      </column>
    </columns>
  </statement>
  <statement method='com.ibm.daimler.dsea.entityObject.XContractExtInquiryData#getEObjCONTRACT_IDS_BY_ADDRESS_ID_HISTORY(Object[])'>
    <parameters>
      <parameter>
        <parameterMode>parameterModeIn</parameterMode>
        <jdbcType>BIGINT</jdbcType>
        <precision>19</precision>
      </parameter>
      <parameter>
        <parameterMode>parameterModeIn</parameterMode>
        <jdbcType>TIMESTAMP</jdbcType>
      </parameter>
      <parameter>
        <parameterMode>parameterModeIn</parameterMode>
        <jdbcType>TIMESTAMP</jdbcType>
      </parameter>
    </parameters>
    <columns>
      <column>
        <label>CONTRACT_ID</label>
        <tableName>CONTRACTCOMPONENT</tableName>
        <jdbcType>BIGINT</jdbcType>
        <precision>19</precision>
      </column>
    </columns>
  </statement>
  <statement method='com.ibm.daimler.dsea.entityObject.XContractExtInquiryData#getEObjCONTRACT_IDS_BY_ADDRESS_ID_ALL(Object[])'>
    <parameters>
      <parameter>
        <parameterMode>parameterModeIn</parameterMode>
        <jdbcType>BIGINT</jdbcType>
        <precision>19</precision>
      </parameter>
    </parameters>
    <columns>
      <column>
        <label>CONTRACT_ID</label>
        <tableName>CONTRACTCOMPONENT</tableName>
        <jdbcType>BIGINT</jdbcType>
        <precision>19</precision>
      </column>
    </columns>
  </statement>
  <statement method='com.ibm.daimler.dsea.entityObject.XContractExtInquiryData#getEObjCONTRACT_IDS_BY_CONTACT_METHOD_ID_HISTORY(Object[])'>
    <parameters>
      <parameter>
        <parameterMode>parameterModeIn</parameterMode>
        <jdbcType>BIGINT</jdbcType>
        <precision>19</precision>
      </parameter>
      <parameter>
        <parameterMode>parameterModeIn</parameterMode>
        <jdbcType>TIMESTAMP</jdbcType>
      </parameter>
      <parameter>
        <parameterMode>parameterModeIn</parameterMode>
        <jdbcType>TIMESTAMP</jdbcType>
      </parameter>
    </parameters>
    <columns>
      <column>
        <label>CONTRACT_ID</label>
        <tableName>CONTRACTCOMPONENT</tableName>
        <jdbcType>BIGINT</jdbcType>
        <precision>19</precision>
      </column>
    </columns>
  </statement>
  <statement method='com.ibm.daimler.dsea.entityObject.XContractExtInquiryData#getEObjCONTRACT_IDS_BY_CONTACT_METHOD_ID_ALL(Object[])'>
    <parameters>
      <parameter>
        <parameterMode>parameterModeIn</parameterMode>
        <jdbcType>BIGINT</jdbcType>
        <precision>19</precision>
      </parameter>
    </parameters>
    <columns>
      <column>
        <label>CONTRACT_ID</label>
        <tableName>CONTRACTCOMPONENT</tableName>
        <jdbcType>BIGINT</jdbcType>
        <precision>19</precision>
      </column>
    </columns>
  </statement>
  <statement method='com.ibm.daimler.dsea.entityObject.XContractExtInquiryData#getEObjCONTRACTS_LIGHT_IMAGES(Object[])'>
    <parameters>
      <parameter>
        <parameterMode>parameterModeIn</parameterMode>
        <jdbcType>BIGINT</jdbcType>
        <precision>19</precision>
      </parameter>
      <parameter>
        <parameterMode>parameterModeIn</parameterMode>
        <jdbcType>TIMESTAMP</jdbcType>
      </parameter>
      <parameter>
        <parameterMode>parameterModeIn</parameterMode>
        <jdbcType>TIMESTAMP</jdbcType>
      </parameter>
    </parameters>
    <columns>
      <column>
        <label>CONTRACT_ID</label>
        <tableName>CONTRACT</tableName>
        <jdbcType>BIGINT</jdbcType>
        <precision>19</precision>
      </column>
      <column>
        <label>LAST_UPDATE_DT</label>
        <tableName>CONTRACT</tableName>
        <jdbcType>TIMESTAMP</jdbcType>
      </column>
      <column>
        <label>ACCESS_TOKEN_VALUE</label>
        <tableName>CONTRACT</tableName>
        <jdbcType>VARCHAR</jdbcType>
        <precision>50</precision>
      </column>
      <column>
        <label>XCONTRACT_NUM</label>
        <tableName>CONTRACT</tableName>
        <jdbcType>VARCHAR</jdbcType>
        <precision>50</precision>
      </column>
    </columns>
  </statement>
</metadata>
