<?xml version='1.0' encoding='utf-8'?>
<!DOCTYPE metadata>
<metadata>
  <statement method='com.ibm.daimler.dsea.entityObject.XCustomerVehicleJPNInquiryData#getXCustomerVehicleJPN(Object[])'>
    <parameters>
      <parameter>
        <parameterMode>parameterModeIn</parameterMode>
        <jdbcType>BIGINT</jdbcType>
        <precision>19</precision>
      </parameter>
    </parameters>
    <columns>
      <column>
        <label>XCUSTOMER_VEHICLE_JPNPK_ID</label>
        <tableName>XCUSTOMERVEHICLEJPN</tableName>
        <jdbcType>BIGINT</jdbcType>
        <precision>19</precision>
      </column>
      <column>
        <label>CONT_ID</label>
        <tableName>XCUSTOMERVEHICLEJPN</tableName>
        <jdbcType>BIGINT</jdbcType>
        <precision>19</precision>
      </column>
      <column>
        <label>VEHICLE_ID</label>
        <tableName>XCUSTOMERVEHICLEJPN</tableName>
        <jdbcType>BIGINT</jdbcType>
        <precision>19</precision>
      </column>
      <column>
        <label>RETAILER_ID</label>
        <tableName>XCUSTOMERVEHICLEJPN</tableName>
        <jdbcType>BIGINT</jdbcType>
        <precision>19</precision>
      </column>
      <column>
        <label>CONNECTME_USAGE_TP_CD</label>
        <tableName>XCUSTOMERVEHICLEJPN</tableName>
        <jdbcType>BIGINT</jdbcType>
        <precision>19</precision>
      </column>
      <column>
        <label>LICENSE_PLATE</label>
        <tableName>XCUSTOMERVEHICLEJPN</tableName>
        <jdbcType>VARCHAR</jdbcType>
        <precision>20</precision>
      </column>
      <column>
        <label>VEHICLE_SALES_TP_CD</label>
        <tableName>XCUSTOMERVEHICLEJPN</tableName>
        <jdbcType>BIGINT</jdbcType>
        <precision>19</precision>
      </column>
      <column>
        <label>VEHICLE_USAGE_TP_CD</label>
        <tableName>XCUSTOMERVEHICLEJPN</tableName>
        <jdbcType>BIGINT</jdbcType>
        <precision>19</precision>
      </column>
      <column>
        <label>VEHICLE_OWNERSHIP</label>
        <tableName>XCUSTOMERVEHICLEJPN</tableName>
        <jdbcType>VARCHAR</jdbcType>
        <precision>250</precision>
      </column>
      <column>
        <label>START_DT</label>
        <tableName>XCUSTOMERVEHICLEJPN</tableName>
        <jdbcType>TIMESTAMP</jdbcType>
      </column>
      <column>
        <label>END_DT</label>
        <tableName>XCUSTOMERVEHICLEJPN</tableName>
        <jdbcType>TIMESTAMP</jdbcType>
      </column>
      <column>
        <label>SOURCE_IDENT_TP_CD</label>
        <tableName>XCUSTOMERVEHICLEJPN</tableName>
        <jdbcType>BIGINT</jdbcType>
        <precision>19</precision>
      </column>
      <column>
        <label>CUSTVEHRET_FLAG</label>
        <tableName>XCUSTOMERVEHICLEJPN</tableName>
        <jdbcType>VARCHAR</jdbcType>
        <precision>5</precision>
      </column>
      <column>
        <label>DELETE_FLAG</label>
        <tableName>XCUSTOMERVEHICLEJPN</tableName>
        <jdbcType>VARCHAR</jdbcType>
        <precision>10</precision>
      </column>
      <column>
        <label>SFDC_ID</label>
        <tableName>XCUSTOMERVEHICLEJPN</tableName>
        <jdbcType>VARCHAR</jdbcType>
        <precision>50</precision>
      </column>
      <column>
        <label>SERVICE_NAME</label>
        <tableName>XCUSTOMERVEHICLEJPN</tableName>
        <jdbcType>VARCHAR</jdbcType>
        <precision>120</precision>
      </column>
      <column>
        <label>LAST_UPDATE_DT</label>
        <tableName>XCUSTOMERVEHICLEJPN</tableName>
        <jdbcType>TIMESTAMP</jdbcType>
      </column>
      <column>
        <label>LAST_UPDATE_USER</label>
        <tableName>XCUSTOMERVEHICLEJPN</tableName>
        <jdbcType>VARCHAR</jdbcType>
        <precision>20</precision>
      </column>
      <column>
        <label>LAST_UPDATE_TX_ID</label>
        <tableName>XCUSTOMERVEHICLEJPN</tableName>
        <jdbcType>BIGINT</jdbcType>
        <precision>19</precision>
      </column>
    </columns>
  </statement>
  <statement method='com.ibm.daimler.dsea.entityObject.XCustomerVehicleJPNInquiryData#getXCustomerVehicleJPNHistory(Object[])'>
    <parameters>
      <parameter>
        <parameterMode>parameterModeIn</parameterMode>
        <jdbcType>BIGINT</jdbcType>
        <precision>19</precision>
      </parameter>
      <parameter>
        <parameterMode>parameterModeIn</parameterMode>
        <jdbcType>TIMESTAMP</jdbcType>
      </parameter>
      <parameter>
        <parameterMode>parameterModeIn</parameterMode>
        <jdbcType>TIMESTAMP</jdbcType>
      </parameter>
    </parameters>
    <columns>
      <column>
        <label>historyIdPK</label>
        <tableName>XCUSTOMERVEHICLEJPN</tableName>
        <jdbcType>BIGINT</jdbcType>
        <precision>19</precision>
      </column>
      <column>
        <label>H_ACTION_CODE</label>
        <tableName>XCUSTOMERVEHICLEJPN</tableName>
        <jdbcType>CHAR</jdbcType>
        <precision>1</precision>
      </column>
      <column>
        <label>H_CREATED_BY</label>
        <tableName>XCUSTOMERVEHICLEJPN</tableName>
        <jdbcType>VARCHAR</jdbcType>
        <precision>20</precision>
      </column>
      <column>
        <label>H_CREATE_DT</label>
        <tableName>XCUSTOMERVEHICLEJPN</tableName>
        <jdbcType>TIMESTAMP</jdbcType>
      </column>
      <column>
        <label>H_END_DT</label>
        <tableName>XCUSTOMERVEHICLEJPN</tableName>
        <jdbcType>TIMESTAMP</jdbcType>
      </column>
      <column>
        <label>XCUSTOMER_VEHICLE_JPNPK_ID</label>
        <tableName>XCUSTOMERVEHICLEJPN</tableName>
        <jdbcType>BIGINT</jdbcType>
        <precision>19</precision>
      </column>
      <column>
        <label>CONT_ID</label>
        <tableName>XCUSTOMERVEHICLEJPN</tableName>
        <jdbcType>BIGINT</jdbcType>
        <precision>19</precision>
      </column>
      <column>
        <label>VEHICLE_ID</label>
        <tableName>XCUSTOMERVEHICLEJPN</tableName>
        <jdbcType>BIGINT</jdbcType>
        <precision>19</precision>
      </column>
      <column>
        <label>RETAILER_ID</label>
        <tableName>XCUSTOMERVEHICLEJPN</tableName>
        <jdbcType>BIGINT</jdbcType>
        <precision>19</precision>
      </column>
      <column>
        <label>CONNECTME_USAGE_TP_CD</label>
        <tableName>XCUSTOMERVEHICLEJPN</tableName>
        <jdbcType>BIGINT</jdbcType>
        <precision>19</precision>
      </column>
      <column>
        <label>LICENSE_PLATE</label>
        <tableName>XCUSTOMERVEHICLEJPN</tableName>
        <jdbcType>VARCHAR</jdbcType>
        <precision>20</precision>
      </column>
      <column>
        <label>VEHICLE_SALES_TP_CD</label>
        <tableName>XCUSTOMERVEHICLEJPN</tableName>
        <jdbcType>BIGINT</jdbcType>
        <precision>19</precision>
      </column>
      <column>
        <label>VEHICLE_USAGE_TP_CD</label>
        <tableName>XCUSTOMERVEHICLEJPN</tableName>
        <jdbcType>BIGINT</jdbcType>
        <precision>19</precision>
      </column>
      <column>
        <label>VEHICLE_OWNERSHIP</label>
        <tableName>XCUSTOMERVEHICLEJPN</tableName>
        <jdbcType>VARCHAR</jdbcType>
        <precision>250</precision>
      </column>
      <column>
        <label>START_DT</label>
        <tableName>XCUSTOMERVEHICLEJPN</tableName>
        <jdbcType>TIMESTAMP</jdbcType>
      </column>
      <column>
        <label>END_DT</label>
        <tableName>XCUSTOMERVEHICLEJPN</tableName>
        <jdbcType>TIMESTAMP</jdbcType>
      </column>
      <column>
        <label>SOURCE_IDENT_TP_CD</label>
        <tableName>XCUSTOMERVEHICLEJPN</tableName>
        <jdbcType>BIGINT</jdbcType>
        <precision>19</precision>
      </column>
      <column>
        <label>CUSTVEHRET_FLAG</label>
        <tableName>XCUSTOMERVEHICLEJPN</tableName>
        <jdbcType>VARCHAR</jdbcType>
        <precision>5</precision>
      </column>
      <column>
        <label>DELETE_FLAG</label>
        <tableName>XCUSTOMERVEHICLEJPN</tableName>
        <jdbcType>VARCHAR</jdbcType>
        <precision>10</precision>
      </column>
      <column>
        <label>SFDC_ID</label>
        <tableName>XCUSTOMERVEHICLEJPN</tableName>
        <jdbcType>VARCHAR</jdbcType>
        <precision>50</precision>
      </column>
      <column>
        <label>SERVICE_NAME</label>
        <tableName>XCUSTOMERVEHICLEJPN</tableName>
        <jdbcType>VARCHAR</jdbcType>
        <precision>120</precision>
      </column>
      <column>
        <label>LAST_UPDATE_DT</label>
        <tableName>XCUSTOMERVEHICLEJPN</tableName>
        <jdbcType>TIMESTAMP</jdbcType>
      </column>
      <column>
        <label>LAST_UPDATE_USER</label>
        <tableName>XCUSTOMERVEHICLEJPN</tableName>
        <jdbcType>VARCHAR</jdbcType>
        <precision>20</precision>
      </column>
      <column>
        <label>LAST_UPDATE_TX_ID</label>
        <tableName>XCUSTOMERVEHICLEJPN</tableName>
        <jdbcType>BIGINT</jdbcType>
        <precision>19</precision>
      </column>
    </columns>
  </statement>
  <statement method='com.ibm.daimler.dsea.entityObject.XCustomerVehicleJPNInquiryData#getAllXCustomerVehicleJPNByPartyId(Object[])'>
    <parameters>
      <parameter>
        <parameterMode>parameterModeIn</parameterMode>
        <jdbcType>BIGINT</jdbcType>
        <precision>19</precision>
      </parameter>
    </parameters>
    <columns>
      <column>
        <label>XCUSTOMER_VEHICLE_JPNPK_ID</label>
        <tableName>XCUSTOMERVEHICLEJPN</tableName>
        <jdbcType>BIGINT</jdbcType>
        <precision>19</precision>
      </column>
      <column>
        <label>CONT_ID</label>
        <tableName>XCUSTOMERVEHICLEJPN</tableName>
        <jdbcType>BIGINT</jdbcType>
        <precision>19</precision>
      </column>
      <column>
        <label>VEHICLE_ID</label>
        <tableName>XCUSTOMERVEHICLEJPN</tableName>
        <jdbcType>BIGINT</jdbcType>
        <precision>19</precision>
      </column>
      <column>
        <label>RETAILER_ID</label>
        <tableName>XCUSTOMERVEHICLEJPN</tableName>
        <jdbcType>BIGINT</jdbcType>
        <precision>19</precision>
      </column>
      <column>
        <label>CONNECTME_USAGE_TP_CD</label>
        <tableName>XCUSTOMERVEHICLEJPN</tableName>
        <jdbcType>BIGINT</jdbcType>
        <precision>19</precision>
      </column>
      <column>
        <label>LICENSE_PLATE</label>
        <tableName>XCUSTOMERVEHICLEJPN</tableName>
        <jdbcType>VARCHAR</jdbcType>
        <precision>20</precision>
      </column>
      <column>
        <label>VEHICLE_SALES_TP_CD</label>
        <tableName>XCUSTOMERVEHICLEJPN</tableName>
        <jdbcType>BIGINT</jdbcType>
        <precision>19</precision>
      </column>
      <column>
        <label>VEHICLE_USAGE_TP_CD</label>
        <tableName>XCUSTOMERVEHICLEJPN</tableName>
        <jdbcType>BIGINT</jdbcType>
        <precision>19</precision>
      </column>
      <column>
        <label>VEHICLE_OWNERSHIP</label>
        <tableName>XCUSTOMERVEHICLEJPN</tableName>
        <jdbcType>VARCHAR</jdbcType>
        <precision>250</precision>
      </column>
      <column>
        <label>START_DT</label>
        <tableName>XCUSTOMERVEHICLEJPN</tableName>
        <jdbcType>TIMESTAMP</jdbcType>
      </column>
      <column>
        <label>END_DT</label>
        <tableName>XCUSTOMERVEHICLEJPN</tableName>
        <jdbcType>TIMESTAMP</jdbcType>
      </column>
      <column>
        <label>SOURCE_IDENT_TP_CD</label>
        <tableName>XCUSTOMERVEHICLEJPN</tableName>
        <jdbcType>BIGINT</jdbcType>
        <precision>19</precision>
      </column>
      <column>
        <label>CUSTVEHRET_FLAG</label>
        <tableName>XCUSTOMERVEHICLEJPN</tableName>
        <jdbcType>VARCHAR</jdbcType>
        <precision>5</precision>
      </column>
      <column>
        <label>DELETE_FLAG</label>
        <tableName>XCUSTOMERVEHICLEJPN</tableName>
        <jdbcType>VARCHAR</jdbcType>
        <precision>10</precision>
      </column>
      <column>
        <label>SFDC_ID</label>
        <tableName>XCUSTOMERVEHICLEJPN</tableName>
        <jdbcType>VARCHAR</jdbcType>
        <precision>50</precision>
      </column>
      <column>
        <label>SERVICE_NAME</label>
        <tableName>XCUSTOMERVEHICLEJPN</tableName>
        <jdbcType>VARCHAR</jdbcType>
        <precision>120</precision>
      </column>
      <column>
        <label>LAST_UPDATE_DT</label>
        <tableName>XCUSTOMERVEHICLEJPN</tableName>
        <jdbcType>TIMESTAMP</jdbcType>
      </column>
      <column>
        <label>LAST_UPDATE_USER</label>
        <tableName>XCUSTOMERVEHICLEJPN</tableName>
        <jdbcType>VARCHAR</jdbcType>
        <precision>20</precision>
      </column>
      <column>
        <label>LAST_UPDATE_TX_ID</label>
        <tableName>XCUSTOMERVEHICLEJPN</tableName>
        <jdbcType>BIGINT</jdbcType>
        <precision>19</precision>
      </column>
    </columns>
  </statement>
  <statement method='com.ibm.daimler.dsea.entityObject.XCustomerVehicleJPNInquiryData#getAllXCustomerVehicleJPNByPartyIdHistory(Object[])'>
    <parameters>
      <parameter>
        <parameterMode>parameterModeIn</parameterMode>
        <jdbcType>BIGINT</jdbcType>
        <precision>19</precision>
      </parameter>
      <parameter>
        <parameterMode>parameterModeIn</parameterMode>
        <jdbcType>TIMESTAMP</jdbcType>
      </parameter>
      <parameter>
        <parameterMode>parameterModeIn</parameterMode>
        <jdbcType>TIMESTAMP</jdbcType>
      </parameter>
    </parameters>
    <columns>
      <column>
        <label>historyIdPK</label>
        <tableName>XCUSTOMERVEHICLEJPN</tableName>
        <jdbcType>BIGINT</jdbcType>
        <precision>19</precision>
      </column>
      <column>
        <label>H_ACTION_CODE</label>
        <tableName>XCUSTOMERVEHICLEJPN</tableName>
        <jdbcType>CHAR</jdbcType>
        <precision>1</precision>
      </column>
      <column>
        <label>H_CREATED_BY</label>
        <tableName>XCUSTOMERVEHICLEJPN</tableName>
        <jdbcType>VARCHAR</jdbcType>
        <precision>20</precision>
      </column>
      <column>
        <label>H_CREATE_DT</label>
        <tableName>XCUSTOMERVEHICLEJPN</tableName>
        <jdbcType>TIMESTAMP</jdbcType>
      </column>
      <column>
        <label>H_END_DT</label>
        <tableName>XCUSTOMERVEHICLEJPN</tableName>
        <jdbcType>TIMESTAMP</jdbcType>
      </column>
      <column>
        <label>XCUSTOMER_VEHICLE_JPNPK_ID</label>
        <tableName>XCUSTOMERVEHICLEJPN</tableName>
        <jdbcType>BIGINT</jdbcType>
        <precision>19</precision>
      </column>
      <column>
        <label>CONT_ID</label>
        <tableName>XCUSTOMERVEHICLEJPN</tableName>
        <jdbcType>BIGINT</jdbcType>
        <precision>19</precision>
      </column>
      <column>
        <label>VEHICLE_ID</label>
        <tableName>XCUSTOMERVEHICLEJPN</tableName>
        <jdbcType>BIGINT</jdbcType>
        <precision>19</precision>
      </column>
      <column>
        <label>RETAILER_ID</label>
        <tableName>XCUSTOMERVEHICLEJPN</tableName>
        <jdbcType>BIGINT</jdbcType>
        <precision>19</precision>
      </column>
      <column>
        <label>CONNECTME_USAGE_TP_CD</label>
        <tableName>XCUSTOMERVEHICLEJPN</tableName>
        <jdbcType>BIGINT</jdbcType>
        <precision>19</precision>
      </column>
      <column>
        <label>LICENSE_PLATE</label>
        <tableName>XCUSTOMERVEHICLEJPN</tableName>
        <jdbcType>VARCHAR</jdbcType>
        <precision>20</precision>
      </column>
      <column>
        <label>VEHICLE_SALES_TP_CD</label>
        <tableName>XCUSTOMERVEHICLEJPN</tableName>
        <jdbcType>BIGINT</jdbcType>
        <precision>19</precision>
      </column>
      <column>
        <label>VEHICLE_USAGE_TP_CD</label>
        <tableName>XCUSTOMERVEHICLEJPN</tableName>
        <jdbcType>BIGINT</jdbcType>
        <precision>19</precision>
      </column>
      <column>
        <label>VEHICLE_OWNERSHIP</label>
        <tableName>XCUSTOMERVEHICLEJPN</tableName>
        <jdbcType>VARCHAR</jdbcType>
        <precision>250</precision>
      </column>
      <column>
        <label>START_DT</label>
        <tableName>XCUSTOMERVEHICLEJPN</tableName>
        <jdbcType>TIMESTAMP</jdbcType>
      </column>
      <column>
        <label>END_DT</label>
        <tableName>XCUSTOMERVEHICLEJPN</tableName>
        <jdbcType>TIMESTAMP</jdbcType>
      </column>
      <column>
        <label>SOURCE_IDENT_TP_CD</label>
        <tableName>XCUSTOMERVEHICLEJPN</tableName>
        <jdbcType>BIGINT</jdbcType>
        <precision>19</precision>
      </column>
      <column>
        <label>CUSTVEHRET_FLAG</label>
        <tableName>XCUSTOMERVEHICLEJPN</tableName>
        <jdbcType>VARCHAR</jdbcType>
        <precision>5</precision>
      </column>
      <column>
        <label>DELETE_FLAG</label>
        <tableName>XCUSTOMERVEHICLEJPN</tableName>
        <jdbcType>VARCHAR</jdbcType>
        <precision>10</precision>
      </column>
      <column>
        <label>SFDC_ID</label>
        <tableName>XCUSTOMERVEHICLEJPN</tableName>
        <jdbcType>VARCHAR</jdbcType>
        <precision>50</precision>
      </column>
      <column>
        <label>SERVICE_NAME</label>
        <tableName>XCUSTOMERVEHICLEJPN</tableName>
        <jdbcType>VARCHAR</jdbcType>
        <precision>120</precision>
      </column>
      <column>
        <label>LAST_UPDATE_DT</label>
        <tableName>XCUSTOMERVEHICLEJPN</tableName>
        <jdbcType>TIMESTAMP</jdbcType>
      </column>
      <column>
        <label>LAST_UPDATE_USER</label>
        <tableName>XCUSTOMERVEHICLEJPN</tableName>
        <jdbcType>VARCHAR</jdbcType>
        <precision>20</precision>
      </column>
      <column>
        <label>LAST_UPDATE_TX_ID</label>
        <tableName>XCUSTOMERVEHICLEJPN</tableName>
        <jdbcType>BIGINT</jdbcType>
        <precision>19</precision>
      </column>
    </columns>
  </statement>
  <statement method='com.ibm.daimler.dsea.entityObject.XCustomerVehicleJPNInquiryData#getAllCVRByVehicleId(Object[])'>
    <parameters>
      <parameter>
        <parameterMode>parameterModeIn</parameterMode>
        <jdbcType>BIGINT</jdbcType>
        <precision>19</precision>
      </parameter>
    </parameters>
    <columns>
      <column>
        <label>XCUSTOMER_VEHICLE_JPNPK_ID</label>
        <tableName>XCUSTOMERVEHICLEJPN</tableName>
        <jdbcType>BIGINT</jdbcType>
        <precision>19</precision>
      </column>
      <column>
        <label>CONT_ID</label>
        <tableName>XCUSTOMERVEHICLEJPN</tableName>
        <jdbcType>BIGINT</jdbcType>
        <precision>19</precision>
      </column>
      <column>
        <label>VEHICLE_ID</label>
        <tableName>XCUSTOMERVEHICLEJPN</tableName>
        <jdbcType>BIGINT</jdbcType>
        <precision>19</precision>
      </column>
      <column>
        <label>RETAILER_ID</label>
        <tableName>XCUSTOMERVEHICLEJPN</tableName>
        <jdbcType>BIGINT</jdbcType>
        <precision>19</precision>
      </column>
      <column>
        <label>CONNECTME_USAGE_TP_CD</label>
        <tableName>XCUSTOMERVEHICLEJPN</tableName>
        <jdbcType>BIGINT</jdbcType>
        <precision>19</precision>
      </column>
      <column>
        <label>LICENSE_PLATE</label>
        <tableName>XCUSTOMERVEHICLEJPN</tableName>
        <jdbcType>VARCHAR</jdbcType>
        <precision>20</precision>
      </column>
      <column>
        <label>VEHICLE_SALES_TP_CD</label>
        <tableName>XCUSTOMERVEHICLEJPN</tableName>
        <jdbcType>BIGINT</jdbcType>
        <precision>19</precision>
      </column>
      <column>
        <label>VEHICLE_USAGE_TP_CD</label>
        <tableName>XCUSTOMERVEHICLEJPN</tableName>
        <jdbcType>BIGINT</jdbcType>
        <precision>19</precision>
      </column>
      <column>
        <label>VEHICLE_OWNERSHIP</label>
        <tableName>XCUSTOMERVEHICLEJPN</tableName>
        <jdbcType>VARCHAR</jdbcType>
        <precision>250</precision>
      </column>
      <column>
        <label>START_DT</label>
        <tableName>XCUSTOMERVEHICLEJPN</tableName>
        <jdbcType>TIMESTAMP</jdbcType>
      </column>
      <column>
        <label>END_DT</label>
        <tableName>XCUSTOMERVEHICLEJPN</tableName>
        <jdbcType>TIMESTAMP</jdbcType>
      </column>
      <column>
        <label>SOURCE_IDENT_TP_CD</label>
        <tableName>XCUSTOMERVEHICLEJPN</tableName>
        <jdbcType>BIGINT</jdbcType>
        <precision>19</precision>
      </column>
      <column>
        <label>CUSTVEHRET_FLAG</label>
        <tableName>XCUSTOMERVEHICLEJPN</tableName>
        <jdbcType>VARCHAR</jdbcType>
        <precision>5</precision>
      </column>
      <column>
        <label>DELETE_FLAG</label>
        <tableName>XCUSTOMERVEHICLEJPN</tableName>
        <jdbcType>VARCHAR</jdbcType>
        <precision>10</precision>
      </column>
      <column>
        <label>SFDC_ID</label>
        <tableName>XCUSTOMERVEHICLEJPN</tableName>
        <jdbcType>VARCHAR</jdbcType>
        <precision>50</precision>
      </column>
      <column>
        <label>SERVICE_NAME</label>
        <tableName>XCUSTOMERVEHICLEJPN</tableName>
        <jdbcType>VARCHAR</jdbcType>
        <precision>120</precision>
      </column>
      <column>
        <label>LAST_UPDATE_DT</label>
        <tableName>XCUSTOMERVEHICLEJPN</tableName>
        <jdbcType>TIMESTAMP</jdbcType>
      </column>
      <column>
        <label>LAST_UPDATE_USER</label>
        <tableName>XCUSTOMERVEHICLEJPN</tableName>
        <jdbcType>VARCHAR</jdbcType>
        <precision>20</precision>
      </column>
      <column>
        <label>LAST_UPDATE_TX_ID</label>
        <tableName>XCUSTOMERVEHICLEJPN</tableName>
        <jdbcType>BIGINT</jdbcType>
        <precision>19</precision>
      </column>
    </columns>
  </statement>
  <statement method='com.ibm.daimler.dsea.entityObject.XCustomerVehicleJPNInquiryData#getAllCVRByVehicleIdHistory(Object[])'>
    <parameters>
      <parameter>
        <parameterMode>parameterModeIn</parameterMode>
        <jdbcType>BIGINT</jdbcType>
        <precision>19</precision>
      </parameter>
      <parameter>
        <parameterMode>parameterModeIn</parameterMode>
        <jdbcType>TIMESTAMP</jdbcType>
      </parameter>
      <parameter>
        <parameterMode>parameterModeIn</parameterMode>
        <jdbcType>TIMESTAMP</jdbcType>
      </parameter>
    </parameters>
    <columns>
      <column>
        <label>historyIdPK</label>
        <tableName>XCUSTOMERVEHICLEJPN</tableName>
        <jdbcType>BIGINT</jdbcType>
        <precision>19</precision>
      </column>
      <column>
        <label>H_ACTION_CODE</label>
        <tableName>XCUSTOMERVEHICLEJPN</tableName>
        <jdbcType>CHAR</jdbcType>
        <precision>1</precision>
      </column>
      <column>
        <label>H_CREATED_BY</label>
        <tableName>XCUSTOMERVEHICLEJPN</tableName>
        <jdbcType>VARCHAR</jdbcType>
        <precision>20</precision>
      </column>
      <column>
        <label>H_CREATE_DT</label>
        <tableName>XCUSTOMERVEHICLEJPN</tableName>
        <jdbcType>TIMESTAMP</jdbcType>
      </column>
      <column>
        <label>H_END_DT</label>
        <tableName>XCUSTOMERVEHICLEJPN</tableName>
        <jdbcType>TIMESTAMP</jdbcType>
      </column>
      <column>
        <label>XCUSTOMER_VEHICLE_JPNPK_ID</label>
        <tableName>XCUSTOMERVEHICLEJPN</tableName>
        <jdbcType>BIGINT</jdbcType>
        <precision>19</precision>
      </column>
      <column>
        <label>CONT_ID</label>
        <tableName>XCUSTOMERVEHICLEJPN</tableName>
        <jdbcType>BIGINT</jdbcType>
        <precision>19</precision>
      </column>
      <column>
        <label>VEHICLE_ID</label>
        <tableName>XCUSTOMERVEHICLEJPN</tableName>
        <jdbcType>BIGINT</jdbcType>
        <precision>19</precision>
      </column>
      <column>
        <label>RETAILER_ID</label>
        <tableName>XCUSTOMERVEHICLEJPN</tableName>
        <jdbcType>BIGINT</jdbcType>
        <precision>19</precision>
      </column>
      <column>
        <label>CONNECTME_USAGE_TP_CD</label>
        <tableName>XCUSTOMERVEHICLEJPN</tableName>
        <jdbcType>BIGINT</jdbcType>
        <precision>19</precision>
      </column>
      <column>
        <label>LICENSE_PLATE</label>
        <tableName>XCUSTOMERVEHICLEJPN</tableName>
        <jdbcType>VARCHAR</jdbcType>
        <precision>20</precision>
      </column>
      <column>
        <label>VEHICLE_SALES_TP_CD</label>
        <tableName>XCUSTOMERVEHICLEJPN</tableName>
        <jdbcType>BIGINT</jdbcType>
        <precision>19</precision>
      </column>
      <column>
        <label>VEHICLE_USAGE_TP_CD</label>
        <tableName>XCUSTOMERVEHICLEJPN</tableName>
        <jdbcType>BIGINT</jdbcType>
        <precision>19</precision>
      </column>
      <column>
        <label>VEHICLE_OWNERSHIP</label>
        <tableName>XCUSTOMERVEHICLEJPN</tableName>
        <jdbcType>VARCHAR</jdbcType>
        <precision>250</precision>
      </column>
      <column>
        <label>START_DT</label>
        <tableName>XCUSTOMERVEHICLEJPN</tableName>
        <jdbcType>TIMESTAMP</jdbcType>
      </column>
      <column>
        <label>END_DT</label>
        <tableName>XCUSTOMERVEHICLEJPN</tableName>
        <jdbcType>TIMESTAMP</jdbcType>
      </column>
      <column>
        <label>SOURCE_IDENT_TP_CD</label>
        <tableName>XCUSTOMERVEHICLEJPN</tableName>
        <jdbcType>BIGINT</jdbcType>
        <precision>19</precision>
      </column>
      <column>
        <label>CUSTVEHRET_FLAG</label>
        <tableName>XCUSTOMERVEHICLEJPN</tableName>
        <jdbcType>VARCHAR</jdbcType>
        <precision>5</precision>
      </column>
      <column>
        <label>DELETE_FLAG</label>
        <tableName>XCUSTOMERVEHICLEJPN</tableName>
        <jdbcType>VARCHAR</jdbcType>
        <precision>10</precision>
      </column>
      <column>
        <label>SFDC_ID</label>
        <tableName>XCUSTOMERVEHICLEJPN</tableName>
        <jdbcType>VARCHAR</jdbcType>
        <precision>50</precision>
      </column>
      <column>
        <label>SERVICE_NAME</label>
        <tableName>XCUSTOMERVEHICLEJPN</tableName>
        <jdbcType>VARCHAR</jdbcType>
        <precision>120</precision>
      </column>
      <column>
        <label>LAST_UPDATE_DT</label>
        <tableName>XCUSTOMERVEHICLEJPN</tableName>
        <jdbcType>TIMESTAMP</jdbcType>
      </column>
      <column>
        <label>LAST_UPDATE_USER</label>
        <tableName>XCUSTOMERVEHICLEJPN</tableName>
        <jdbcType>VARCHAR</jdbcType>
        <precision>20</precision>
      </column>
      <column>
        <label>LAST_UPDATE_TX_ID</label>
        <tableName>XCUSTOMERVEHICLEJPN</tableName>
        <jdbcType>BIGINT</jdbcType>
        <precision>19</precision>
      </column>
    </columns>
  </statement>
</metadata>
