<?xml version='1.0' encoding='utf-8'?>
<!DOCTYPE metadata>
<metadata>
  <statement method='com.ibm.daimler.dsea.entityObject.XCustomerVehicleRoleInquiryData#getXCustomerVehicleRole(Object[])'>
    <parameters>
      <parameter>
        <parameterMode>parameterModeIn</parameterMode>
        <jdbcType>BIGINT</jdbcType>
        <precision>19</precision>
      </parameter>
    </parameters>
    <columns>
      <column>
        <label>CUSTOMERVEHICLEROLEPK_ID</label>
        <tableName>XCUSTOMERVEHICLEROLE</tableName>
        <jdbcType>BIGINT</jdbcType>
        <precision>19</precision>
      </column>
      <column>
        <label>CUSTOMER_VEHICLE_ID</label>
        <tableName>XCUSTOMERVEHICLEROLE</tableName>
        <jdbcType>BIGINT</jdbcType>
        <precision>19</precision>
      </column>
      <column>
        <label>VEHICLE_ROLE_TP_CD</label>
        <tableName>XCUSTOMERVEHICLEROLE</tableName>
        <jdbcType>BIGINT</jdbcType>
        <precision>19</precision>
      </column>
      <column>
        <label>START_DT</label>
        <tableName>XCUSTOMERVEHICLEROLE</tableName>
        <jdbcType>TIMESTAMP</jdbcType>
      </column>
      <column>
        <label>END_DT</label>
        <tableName>XCUSTOMERVEHICLEROLE</tableName>
        <jdbcType>TIMESTAMP</jdbcType>
      </column>
      <column>
        <label>SOURCE_IDENT_TP_CD</label>
        <tableName>XCUSTOMERVEHICLEROLE</tableName>
        <jdbcType>BIGINT</jdbcType>
        <precision>19</precision>
      </column>
      <column>
        <label>CHANGED_DT</label>
        <tableName>XCUSTOMERVEHICLEROLE</tableName>
        <jdbcType>TIMESTAMP</jdbcType>
      </column>
      <column>
        <label>LAST_UPDATE_DT</label>
        <tableName>XCUSTOMERVEHICLEROLE</tableName>
        <jdbcType>TIMESTAMP</jdbcType>
      </column>
      <column>
        <label>LAST_UPDATE_USER</label>
        <tableName>XCUSTOMERVEHICLEROLE</tableName>
        <jdbcType>VARCHAR</jdbcType>
        <precision>20</precision>
      </column>
      <column>
        <label>LAST_UPDATE_TX_ID</label>
        <tableName>XCUSTOMERVEHICLEROLE</tableName>
        <jdbcType>BIGINT</jdbcType>
        <precision>19</precision>
      </column>
    </columns>
  </statement>
  <statement method='com.ibm.daimler.dsea.entityObject.XCustomerVehicleRoleInquiryData#getXCustomerVehicleRoleHistory(Object[])'>
    <parameters>
      <parameter>
        <parameterMode>parameterModeIn</parameterMode>
        <jdbcType>BIGINT</jdbcType>
        <precision>19</precision>
      </parameter>
      <parameter>
        <parameterMode>parameterModeIn</parameterMode>
        <jdbcType>TIMESTAMP</jdbcType>
      </parameter>
      <parameter>
        <parameterMode>parameterModeIn</parameterMode>
        <jdbcType>TIMESTAMP</jdbcType>
      </parameter>
    </parameters>
    <columns>
      <column>
        <label>historyIdPK</label>
        <tableName>XCUSTOMERVEHICLEROLE</tableName>
        <jdbcType>BIGINT</jdbcType>
        <precision>19</precision>
      </column>
      <column>
        <label>H_ACTION_CODE</label>
        <tableName>XCUSTOMERVEHICLEROLE</tableName>
        <jdbcType>CHAR</jdbcType>
        <precision>1</precision>
      </column>
      <column>
        <label>H_CREATED_BY</label>
        <tableName>XCUSTOMERVEHICLEROLE</tableName>
        <jdbcType>VARCHAR</jdbcType>
        <precision>20</precision>
      </column>
      <column>
        <label>H_CREATE_DT</label>
        <tableName>XCUSTOMERVEHICLEROLE</tableName>
        <jdbcType>TIMESTAMP</jdbcType>
      </column>
      <column>
        <label>H_END_DT</label>
        <tableName>XCUSTOMERVEHICLEROLE</tableName>
        <jdbcType>TIMESTAMP</jdbcType>
      </column>
      <column>
        <label>CUSTOMERVEHICLEROLEPK_ID</label>
        <tableName>XCUSTOMERVEHICLEROLE</tableName>
        <jdbcType>BIGINT</jdbcType>
        <precision>19</precision>
      </column>
      <column>
        <label>CUSTOMER_VEHICLE_ID</label>
        <tableName>XCUSTOMERVEHICLEROLE</tableName>
        <jdbcType>BIGINT</jdbcType>
        <precision>19</precision>
      </column>
      <column>
        <label>VEHICLE_ROLE_TP_CD</label>
        <tableName>XCUSTOMERVEHICLEROLE</tableName>
        <jdbcType>BIGINT</jdbcType>
        <precision>19</precision>
      </column>
      <column>
        <label>START_DT</label>
        <tableName>XCUSTOMERVEHICLEROLE</tableName>
        <jdbcType>TIMESTAMP</jdbcType>
      </column>
      <column>
        <label>END_DT</label>
        <tableName>XCUSTOMERVEHICLEROLE</tableName>
        <jdbcType>TIMESTAMP</jdbcType>
      </column>
      <column>
        <label>SOURCE_IDENT_TP_CD</label>
        <tableName>XCUSTOMERVEHICLEROLE</tableName>
        <jdbcType>BIGINT</jdbcType>
        <precision>19</precision>
      </column>
      <column>
        <label>CHANGED_DT</label>
        <tableName>XCUSTOMERVEHICLEROLE</tableName>
        <jdbcType>TIMESTAMP</jdbcType>
      </column>
      <column>
        <label>LAST_UPDATE_DT</label>
        <tableName>XCUSTOMERVEHICLEROLE</tableName>
        <jdbcType>TIMESTAMP</jdbcType>
      </column>
      <column>
        <label>LAST_UPDATE_USER</label>
        <tableName>XCUSTOMERVEHICLEROLE</tableName>
        <jdbcType>VARCHAR</jdbcType>
        <precision>20</precision>
      </column>
      <column>
        <label>LAST_UPDATE_TX_ID</label>
        <tableName>XCUSTOMERVEHICLEROLE</tableName>
        <jdbcType>BIGINT</jdbcType>
        <precision>19</precision>
      </column>
    </columns>
  </statement>
  <statement method='com.ibm.daimler.dsea.entityObject.XCustomerVehicleRoleInquiryData#getAllVehicleRoleByCustomerVehicleId(Object[])'>
    <parameters>
      <parameter>
        <parameterMode>parameterModeIn</parameterMode>
        <jdbcType>BIGINT</jdbcType>
        <precision>19</precision>
      </parameter>
    </parameters>
    <columns>
      <column>
        <label>CUSTOMERVEHICLEROLEPK_ID</label>
        <tableName>XCUSTOMERVEHICLEROLE</tableName>
        <jdbcType>BIGINT</jdbcType>
        <precision>19</precision>
      </column>
      <column>
        <label>CUSTOMER_VEHICLE_ID</label>
        <tableName>XCUSTOMERVEHICLEROLE</tableName>
        <jdbcType>BIGINT</jdbcType>
        <precision>19</precision>
      </column>
      <column>
        <label>VEHICLE_ROLE_TP_CD</label>
        <tableName>XCUSTOMERVEHICLEROLE</tableName>
        <jdbcType>BIGINT</jdbcType>
        <precision>19</precision>
      </column>
      <column>
        <label>START_DT</label>
        <tableName>XCUSTOMERVEHICLEROLE</tableName>
        <jdbcType>TIMESTAMP</jdbcType>
      </column>
      <column>
        <label>END_DT</label>
        <tableName>XCUSTOMERVEHICLEROLE</tableName>
        <jdbcType>TIMESTAMP</jdbcType>
      </column>
      <column>
        <label>SOURCE_IDENT_TP_CD</label>
        <tableName>XCUSTOMERVEHICLEROLE</tableName>
        <jdbcType>BIGINT</jdbcType>
        <precision>19</precision>
      </column>
      <column>
        <label>CHANGED_DT</label>
        <tableName>XCUSTOMERVEHICLEROLE</tableName>
        <jdbcType>TIMESTAMP</jdbcType>
      </column>
      <column>
        <label>LAST_UPDATE_DT</label>
        <tableName>XCUSTOMERVEHICLEROLE</tableName>
        <jdbcType>TIMESTAMP</jdbcType>
      </column>
      <column>
        <label>LAST_UPDATE_USER</label>
        <tableName>XCUSTOMERVEHICLEROLE</tableName>
        <jdbcType>VARCHAR</jdbcType>
        <precision>20</precision>
      </column>
      <column>
        <label>LAST_UPDATE_TX_ID</label>
        <tableName>XCUSTOMERVEHICLEROLE</tableName>
        <jdbcType>BIGINT</jdbcType>
        <precision>19</precision>
      </column>
    </columns>
  </statement>
  <statement method='com.ibm.daimler.dsea.entityObject.XCustomerVehicleRoleInquiryData#getAllVehicleRoleByCustomerVehicleIdHistory(Object[])'>
    <parameters>
      <parameter>
        <parameterMode>parameterModeIn</parameterMode>
        <jdbcType>BIGINT</jdbcType>
        <precision>19</precision>
      </parameter>
      <parameter>
        <parameterMode>parameterModeIn</parameterMode>
        <jdbcType>TIMESTAMP</jdbcType>
      </parameter>
      <parameter>
        <parameterMode>parameterModeIn</parameterMode>
        <jdbcType>TIMESTAMP</jdbcType>
      </parameter>
    </parameters>
    <columns>
      <column>
        <label>historyIdPK</label>
        <tableName>XCUSTOMERVEHICLEROLE</tableName>
        <jdbcType>BIGINT</jdbcType>
        <precision>19</precision>
      </column>
      <column>
        <label>H_ACTION_CODE</label>
        <tableName>XCUSTOMERVEHICLEROLE</tableName>
        <jdbcType>CHAR</jdbcType>
        <precision>1</precision>
      </column>
      <column>
        <label>H_CREATED_BY</label>
        <tableName>XCUSTOMERVEHICLEROLE</tableName>
        <jdbcType>VARCHAR</jdbcType>
        <precision>20</precision>
      </column>
      <column>
        <label>H_CREATE_DT</label>
        <tableName>XCUSTOMERVEHICLEROLE</tableName>
        <jdbcType>TIMESTAMP</jdbcType>
      </column>
      <column>
        <label>H_END_DT</label>
        <tableName>XCUSTOMERVEHICLEROLE</tableName>
        <jdbcType>TIMESTAMP</jdbcType>
      </column>
      <column>
        <label>CUSTOMERVEHICLEROLEPK_ID</label>
        <tableName>XCUSTOMERVEHICLEROLE</tableName>
        <jdbcType>BIGINT</jdbcType>
        <precision>19</precision>
      </column>
      <column>
        <label>CUSTOMER_VEHICLE_ID</label>
        <tableName>XCUSTOMERVEHICLEROLE</tableName>
        <jdbcType>BIGINT</jdbcType>
        <precision>19</precision>
      </column>
      <column>
        <label>VEHICLE_ROLE_TP_CD</label>
        <tableName>XCUSTOMERVEHICLEROLE</tableName>
        <jdbcType>BIGINT</jdbcType>
        <precision>19</precision>
      </column>
      <column>
        <label>START_DT</label>
        <tableName>XCUSTOMERVEHICLEROLE</tableName>
        <jdbcType>TIMESTAMP</jdbcType>
      </column>
      <column>
        <label>END_DT</label>
        <tableName>XCUSTOMERVEHICLEROLE</tableName>
        <jdbcType>TIMESTAMP</jdbcType>
      </column>
      <column>
        <label>SOURCE_IDENT_TP_CD</label>
        <tableName>XCUSTOMERVEHICLEROLE</tableName>
        <jdbcType>BIGINT</jdbcType>
        <precision>19</precision>
      </column>
      <column>
        <label>CHANGED_DT</label>
        <tableName>XCUSTOMERVEHICLEROLE</tableName>
        <jdbcType>TIMESTAMP</jdbcType>
      </column>
      <column>
        <label>LAST_UPDATE_DT</label>
        <tableName>XCUSTOMERVEHICLEROLE</tableName>
        <jdbcType>TIMESTAMP</jdbcType>
      </column>
      <column>
        <label>LAST_UPDATE_USER</label>
        <tableName>XCUSTOMERVEHICLEROLE</tableName>
        <jdbcType>VARCHAR</jdbcType>
        <precision>20</precision>
      </column>
      <column>
        <label>LAST_UPDATE_TX_ID</label>
        <tableName>XCUSTOMERVEHICLEROLE</tableName>
        <jdbcType>BIGINT</jdbcType>
        <precision>19</precision>
      </column>
    </columns>
  </statement>
</metadata>
