<?xml version='1.0' encoding='utf-8'?>
<!DOCTYPE metadata>
<metadata>
  <statement method='com.ibm.daimler.dsea.entityObject.XCustomerVehicleRoleKORInquiryData#getXCustomerVehicleRoleKOR(Object[])'>
    <parameters>
      <parameter>
        <parameterMode>parameterModeIn</parameterMode>
        <jdbcType>BIGINT</jdbcType>
        <precision>19</precision>
      </parameter>
    </parameters>
    <columns>
      <column>
        <label>XCUSTOMERVEHICLEROLEKORPK_ID</label>
        <tableName>XCUSTOMERVEHICLEROLEKOR</tableName>
        <jdbcType>BIGINT</jdbcType>
        <precision>19</precision>
      </column>
      <column>
        <label>CUSTOMER_VEHICLE_ID</label>
        <tableName>XCUSTOMERVEHICLEROLEKOR</tableName>
        <jdbcType>BIGINT</jdbcType>
        <precision>19</precision>
      </column>
      <column>
        <label>VEHICLE_ROLE_TP_CD</label>
        <tableName>XCUSTOMERVEHICLEROLEKOR</tableName>
        <jdbcType>BIGINT</jdbcType>
        <precision>19</precision>
      </column>
      <column>
        <label>START_DT</label>
        <tableName>XCUSTOMERVEHICLEROLEKOR</tableName>
        <jdbcType>TIMESTAMP</jdbcType>
      </column>
      <column>
        <label>END_DT</label>
        <tableName>XCUSTOMERVEHICLEROLEKOR</tableName>
        <jdbcType>TIMESTAMP</jdbcType>
      </column>
      <column>
        <label>SOURCE_IDENT_TP_CD</label>
        <tableName>XCUSTOMERVEHICLEROLEKOR</tableName>
        <jdbcType>BIGINT</jdbcType>
        <precision>19</precision>
      </column>
      <column>
        <label>CHANGED_DT</label>
        <tableName>XCUSTOMERVEHICLEROLEKOR</tableName>
        <jdbcType>TIMESTAMP</jdbcType>
      </column>
      <column>
        <label>LAST_UPDATE_DT</label>
        <tableName>XCUSTOMERVEHICLEROLEKOR</tableName>
        <jdbcType>TIMESTAMP</jdbcType>
      </column>
      <column>
        <label>LAST_UPDATE_USER</label>
        <tableName>XCUSTOMERVEHICLEROLEKOR</tableName>
        <jdbcType>VARCHAR</jdbcType>
        <precision>20</precision>
      </column>
      <column>
        <label>LAST_UPDATE_TX_ID</label>
        <tableName>XCUSTOMERVEHICLEROLEKOR</tableName>
        <jdbcType>BIGINT</jdbcType>
        <precision>19</precision>
      </column>
    </columns>
  </statement>
  <statement method='com.ibm.daimler.dsea.entityObject.XCustomerVehicleRoleKORInquiryData#getXCustomerVehicleRoleKORHistory(Object[])'>
    <parameters>
      <parameter>
        <parameterMode>parameterModeIn</parameterMode>
        <jdbcType>BIGINT</jdbcType>
        <precision>19</precision>
      </parameter>
      <parameter>
        <parameterMode>parameterModeIn</parameterMode>
        <jdbcType>TIMESTAMP</jdbcType>
      </parameter>
      <parameter>
        <parameterMode>parameterModeIn</parameterMode>
        <jdbcType>TIMESTAMP</jdbcType>
      </parameter>
    </parameters>
    <columns>
      <column>
        <label>historyIdPK</label>
        <tableName>XCUSTOMERVEHICLEROLEKOR</tableName>
        <jdbcType>BIGINT</jdbcType>
        <precision>19</precision>
      </column>
      <column>
        <label>H_ACTION_CODE</label>
        <tableName>XCUSTOMERVEHICLEROLEKOR</tableName>
        <jdbcType>CHAR</jdbcType>
        <precision>1</precision>
      </column>
      <column>
        <label>H_CREATED_BY</label>
        <tableName>XCUSTOMERVEHICLEROLEKOR</tableName>
        <jdbcType>VARCHAR</jdbcType>
        <precision>20</precision>
      </column>
      <column>
        <label>H_CREATE_DT</label>
        <tableName>XCUSTOMERVEHICLEROLEKOR</tableName>
        <jdbcType>TIMESTAMP</jdbcType>
      </column>
      <column>
        <label>H_END_DT</label>
        <tableName>XCUSTOMERVEHICLEROLEKOR</tableName>
        <jdbcType>TIMESTAMP</jdbcType>
      </column>
      <column>
        <label>XCUSTOMERVEHICLEROLEKORPK_ID</label>
        <tableName>XCUSTOMERVEHICLEROLEKOR</tableName>
        <jdbcType>BIGINT</jdbcType>
        <precision>19</precision>
      </column>
      <column>
        <label>CUSTOMER_VEHICLE_ID</label>
        <tableName>XCUSTOMERVEHICLEROLEKOR</tableName>
        <jdbcType>BIGINT</jdbcType>
        <precision>19</precision>
      </column>
      <column>
        <label>VEHICLE_ROLE_TP_CD</label>
        <tableName>XCUSTOMERVEHICLEROLEKOR</tableName>
        <jdbcType>BIGINT</jdbcType>
        <precision>19</precision>
      </column>
      <column>
        <label>START_DT</label>
        <tableName>XCUSTOMERVEHICLEROLEKOR</tableName>
        <jdbcType>TIMESTAMP</jdbcType>
      </column>
      <column>
        <label>END_DT</label>
        <tableName>XCUSTOMERVEHICLEROLEKOR</tableName>
        <jdbcType>TIMESTAMP</jdbcType>
      </column>
      <column>
        <label>SOURCE_IDENT_TP_CD</label>
        <tableName>XCUSTOMERVEHICLEROLEKOR</tableName>
        <jdbcType>BIGINT</jdbcType>
        <precision>19</precision>
      </column>
      <column>
        <label>CHANGED_DT</label>
        <tableName>XCUSTOMERVEHICLEROLEKOR</tableName>
        <jdbcType>TIMESTAMP</jdbcType>
      </column>
      <column>
        <label>LAST_UPDATE_DT</label>
        <tableName>XCUSTOMERVEHICLEROLEKOR</tableName>
        <jdbcType>TIMESTAMP</jdbcType>
      </column>
      <column>
        <label>LAST_UPDATE_USER</label>
        <tableName>XCUSTOMERVEHICLEROLEKOR</tableName>
        <jdbcType>VARCHAR</jdbcType>
        <precision>20</precision>
      </column>
      <column>
        <label>LAST_UPDATE_TX_ID</label>
        <tableName>XCUSTOMERVEHICLEROLEKOR</tableName>
        <jdbcType>BIGINT</jdbcType>
        <precision>19</precision>
      </column>
    </columns>
  </statement>
  <statement method='com.ibm.daimler.dsea.entityObject.XCustomerVehicleRoleKORInquiryData#getAllVehicleRoleByCustomerVehicleKORId(Object[])'>
    <parameters>
      <parameter>
        <parameterMode>parameterModeIn</parameterMode>
        <jdbcType>BIGINT</jdbcType>
        <precision>19</precision>
      </parameter>
    </parameters>
    <columns>
      <column>
        <label>XCUSTOMERVEHICLEROLEKORPK_ID</label>
        <tableName>XCUSTOMERVEHICLEROLEKOR</tableName>
        <jdbcType>BIGINT</jdbcType>
        <precision>19</precision>
      </column>
      <column>
        <label>CUSTOMER_VEHICLE_ID</label>
        <tableName>XCUSTOMERVEHICLEROLEKOR</tableName>
        <jdbcType>BIGINT</jdbcType>
        <precision>19</precision>
      </column>
      <column>
        <label>VEHICLE_ROLE_TP_CD</label>
        <tableName>XCUSTOMERVEHICLEROLEKOR</tableName>
        <jdbcType>BIGINT</jdbcType>
        <precision>19</precision>
      </column>
      <column>
        <label>START_DT</label>
        <tableName>XCUSTOMERVEHICLEROLEKOR</tableName>
        <jdbcType>TIMESTAMP</jdbcType>
      </column>
      <column>
        <label>END_DT</label>
        <tableName>XCUSTOMERVEHICLEROLEKOR</tableName>
        <jdbcType>TIMESTAMP</jdbcType>
      </column>
      <column>
        <label>SOURCE_IDENT_TP_CD</label>
        <tableName>XCUSTOMERVEHICLEROLEKOR</tableName>
        <jdbcType>BIGINT</jdbcType>
        <precision>19</precision>
      </column>
      <column>
        <label>CHANGED_DT</label>
        <tableName>XCUSTOMERVEHICLEROLEKOR</tableName>
        <jdbcType>TIMESTAMP</jdbcType>
      </column>
      <column>
        <label>LAST_UPDATE_DT</label>
        <tableName>XCUSTOMERVEHICLEROLEKOR</tableName>
        <jdbcType>TIMESTAMP</jdbcType>
      </column>
      <column>
        <label>LAST_UPDATE_USER</label>
        <tableName>XCUSTOMERVEHICLEROLEKOR</tableName>
        <jdbcType>VARCHAR</jdbcType>
        <precision>20</precision>
      </column>
      <column>
        <label>LAST_UPDATE_TX_ID</label>
        <tableName>XCUSTOMERVEHICLEROLEKOR</tableName>
        <jdbcType>BIGINT</jdbcType>
        <precision>19</precision>
      </column>
    </columns>
  </statement>
  <statement method='com.ibm.daimler.dsea.entityObject.XCustomerVehicleRoleKORInquiryData#getAllVehicleRoleByCustomerVehicleKORIdHistory(Object[])'>
    <parameters>
      <parameter>
        <parameterMode>parameterModeIn</parameterMode>
        <jdbcType>BIGINT</jdbcType>
        <precision>19</precision>
      </parameter>
      <parameter>
        <parameterMode>parameterModeIn</parameterMode>
        <jdbcType>TIMESTAMP</jdbcType>
      </parameter>
      <parameter>
        <parameterMode>parameterModeIn</parameterMode>
        <jdbcType>TIMESTAMP</jdbcType>
      </parameter>
    </parameters>
    <columns>
      <column>
        <label>historyIdPK</label>
        <tableName>XCUSTOMERVEHICLEROLEKOR</tableName>
        <jdbcType>BIGINT</jdbcType>
        <precision>19</precision>
      </column>
      <column>
        <label>H_ACTION_CODE</label>
        <tableName>XCUSTOMERVEHICLEROLEKOR</tableName>
        <jdbcType>CHAR</jdbcType>
        <precision>1</precision>
      </column>
      <column>
        <label>H_CREATED_BY</label>
        <tableName>XCUSTOMERVEHICLEROLEKOR</tableName>
        <jdbcType>VARCHAR</jdbcType>
        <precision>20</precision>
      </column>
      <column>
        <label>H_CREATE_DT</label>
        <tableName>XCUSTOMERVEHICLEROLEKOR</tableName>
        <jdbcType>TIMESTAMP</jdbcType>
      </column>
      <column>
        <label>H_END_DT</label>
        <tableName>XCUSTOMERVEHICLEROLEKOR</tableName>
        <jdbcType>TIMESTAMP</jdbcType>
      </column>
      <column>
        <label>XCUSTOMERVEHICLEROLEKORPK_ID</label>
        <tableName>XCUSTOMERVEHICLEROLEKOR</tableName>
        <jdbcType>BIGINT</jdbcType>
        <precision>19</precision>
      </column>
      <column>
        <label>CUSTOMER_VEHICLE_ID</label>
        <tableName>XCUSTOMERVEHICLEROLEKOR</tableName>
        <jdbcType>BIGINT</jdbcType>
        <precision>19</precision>
      </column>
      <column>
        <label>VEHICLE_ROLE_TP_CD</label>
        <tableName>XCUSTOMERVEHICLEROLEKOR</tableName>
        <jdbcType>BIGINT</jdbcType>
        <precision>19</precision>
      </column>
      <column>
        <label>START_DT</label>
        <tableName>XCUSTOMERVEHICLEROLEKOR</tableName>
        <jdbcType>TIMESTAMP</jdbcType>
      </column>
      <column>
        <label>END_DT</label>
        <tableName>XCUSTOMERVEHICLEROLEKOR</tableName>
        <jdbcType>TIMESTAMP</jdbcType>
      </column>
      <column>
        <label>SOURCE_IDENT_TP_CD</label>
        <tableName>XCUSTOMERVEHICLEROLEKOR</tableName>
        <jdbcType>BIGINT</jdbcType>
        <precision>19</precision>
      </column>
      <column>
        <label>CHANGED_DT</label>
        <tableName>XCUSTOMERVEHICLEROLEKOR</tableName>
        <jdbcType>TIMESTAMP</jdbcType>
      </column>
      <column>
        <label>LAST_UPDATE_DT</label>
        <tableName>XCUSTOMERVEHICLEROLEKOR</tableName>
        <jdbcType>TIMESTAMP</jdbcType>
      </column>
      <column>
        <label>LAST_UPDATE_USER</label>
        <tableName>XCUSTOMERVEHICLEROLEKOR</tableName>
        <jdbcType>VARCHAR</jdbcType>
        <precision>20</precision>
      </column>
      <column>
        <label>LAST_UPDATE_TX_ID</label>
        <tableName>XCUSTOMERVEHICLEROLEKOR</tableName>
        <jdbcType>BIGINT</jdbcType>
        <precision>19</precision>
      </column>
    </columns>
  </statement>
</metadata>
