<?xml version='1.0' encoding='utf-8'?>
<!DOCTYPE metadata>
<metadata>
  <statement method='com.ibm.daimler.dsea.entityObject.XDataSharingInquiryData#getXDataSharing(Object[])'>
    <parameters>
      <parameter>
        <parameterMode>parameterModeIn</parameterMode>
        <jdbcType>BIGINT</jdbcType>
        <precision>19</precision>
      </parameter>
    </parameters>
    <columns>
      <column>
        <label>DATASHARINGPK_ID</label>
        <tableName>XDATASHARING</tableName>
        <jdbcType>BIGINT</jdbcType>
        <precision>19</precision>
      </column>
      <column>
        <label>DATA_SHARING_FLAG</label>
        <tableName>XDATASHARING</tableName>
        <jdbcType>VARCHAR</jdbcType>
        <precision>10</precision>
      </column>
      <column>
        <label>CONT_ID</label>
        <tableName>XDATASHARING</tableName>
        <jdbcType>BIGINT</jdbcType>
        <precision>19</precision>
      </column>
      <column>
        <label>CUSTOMER_MERGE_IND</label>
        <tableName>XDATASHARING</tableName>
        <jdbcType>VARCHAR</jdbcType>
        <precision>250</precision>
      </column>
      <column>
        <label>GCUPDATE_DATE</label>
        <tableName>XDATASHARING</tableName>
        <jdbcType>TIMESTAMP</jdbcType>
      </column>
      <column>
        <label>DATA_SHARING_WHOLESALE</label>
        <tableName>XDATASHARING</tableName>
        <jdbcType>VARCHAR</jdbcType>
        <precision>250</precision>
      </column>
      <column>
        <label>WSDATA_SHARING_UPDATE_DATE</label>
        <tableName>XDATASHARING</tableName>
        <jdbcType>TIMESTAMP</jdbcType>
      </column>
      <column>
        <label>RETAILER_ID</label>
        <tableName>XDATASHARING</tableName>
        <jdbcType>BIGINT</jdbcType>
        <precision>19</precision>
      </column>
      <column>
        <label>RETAILER_FLAG</label>
        <tableName>XDATASHARING</tableName>
        <jdbcType>VARCHAR</jdbcType>
        <precision>10</precision>
      </column>
      <column>
        <label>SOURCE_IDENT_TP_CD</label>
        <tableName>XDATASHARING</tableName>
        <jdbcType>BIGINT</jdbcType>
        <precision>19</precision>
      </column>
      <column>
        <label>START_DT</label>
        <tableName>XDATASHARING</tableName>
        <jdbcType>TIMESTAMP</jdbcType>
      </column>
      <column>
        <label>MODIFY_SYS_DT</label>
        <tableName>XDATASHARING</tableName>
        <jdbcType>TIMESTAMP</jdbcType>
      </column>
      <column>
        <label>LAST_UPDATE_DT</label>
        <tableName>XDATASHARING</tableName>
        <jdbcType>TIMESTAMP</jdbcType>
      </column>
      <column>
        <label>LAST_UPDATE_USER</label>
        <tableName>XDATASHARING</tableName>
        <jdbcType>VARCHAR</jdbcType>
        <precision>20</precision>
      </column>
      <column>
        <label>LAST_UPDATE_TX_ID</label>
        <tableName>XDATASHARING</tableName>
        <jdbcType>BIGINT</jdbcType>
        <precision>19</precision>
      </column>
    </columns>
  </statement>
  <statement method='com.ibm.daimler.dsea.entityObject.XDataSharingInquiryData#getXDataSharingHistory(Object[])'>
    <parameters>
      <parameter>
        <parameterMode>parameterModeIn</parameterMode>
        <jdbcType>BIGINT</jdbcType>
        <precision>19</precision>
      </parameter>
      <parameter>
        <parameterMode>parameterModeIn</parameterMode>
        <jdbcType>TIMESTAMP</jdbcType>
      </parameter>
      <parameter>
        <parameterMode>parameterModeIn</parameterMode>
        <jdbcType>TIMESTAMP</jdbcType>
      </parameter>
    </parameters>
    <columns>
      <column>
        <label>historyIdPK</label>
        <tableName>XDATASHARING</tableName>
        <jdbcType>BIGINT</jdbcType>
        <precision>19</precision>
      </column>
      <column>
        <label>H_ACTION_CODE</label>
        <tableName>XDATASHARING</tableName>
        <jdbcType>CHAR</jdbcType>
        <precision>1</precision>
      </column>
      <column>
        <label>H_CREATED_BY</label>
        <tableName>XDATASHARING</tableName>
        <jdbcType>VARCHAR</jdbcType>
        <precision>20</precision>
      </column>
      <column>
        <label>H_CREATE_DT</label>
        <tableName>XDATASHARING</tableName>
        <jdbcType>TIMESTAMP</jdbcType>
      </column>
      <column>
        <label>H_END_DT</label>
        <tableName>XDATASHARING</tableName>
        <jdbcType>TIMESTAMP</jdbcType>
      </column>
      <column>
        <label>DATASHARINGPK_ID</label>
        <tableName>XDATASHARING</tableName>
        <jdbcType>BIGINT</jdbcType>
        <precision>19</precision>
      </column>
      <column>
        <label>DATA_SHARING_FLAG</label>
        <tableName>XDATASHARING</tableName>
        <jdbcType>VARCHAR</jdbcType>
        <precision>10</precision>
      </column>
      <column>
        <label>CONT_ID</label>
        <tableName>XDATASHARING</tableName>
        <jdbcType>BIGINT</jdbcType>
        <precision>19</precision>
      </column>
      <column>
        <label>CUSTOMER_MERGE_IND</label>
        <tableName>XDATASHARING</tableName>
        <jdbcType>VARCHAR</jdbcType>
        <precision>250</precision>
      </column>
      <column>
        <label>GCUPDATE_DATE</label>
        <tableName>XDATASHARING</tableName>
        <jdbcType>TIMESTAMP</jdbcType>
      </column>
      <column>
        <label>DATA_SHARING_WHOLESALE</label>
        <tableName>XDATASHARING</tableName>
        <jdbcType>VARCHAR</jdbcType>
        <precision>250</precision>
      </column>
      <column>
        <label>WSDATA_SHARING_UPDATE_DATE</label>
        <tableName>XDATASHARING</tableName>
        <jdbcType>TIMESTAMP</jdbcType>
      </column>
      <column>
        <label>RETAILER_ID</label>
        <tableName>XDATASHARING</tableName>
        <jdbcType>BIGINT</jdbcType>
        <precision>19</precision>
      </column>
      <column>
        <label>RETAILER_FLAG</label>
        <tableName>XDATASHARING</tableName>
        <jdbcType>VARCHAR</jdbcType>
        <precision>10</precision>
      </column>
      <column>
        <label>SOURCE_IDENT_TP_CD</label>
        <tableName>XDATASHARING</tableName>
        <jdbcType>BIGINT</jdbcType>
        <precision>19</precision>
      </column>
      <column>
        <label>START_DT</label>
        <tableName>XDATASHARING</tableName>
        <jdbcType>TIMESTAMP</jdbcType>
      </column>
      <column>
        <label>MODIFY_SYS_DT</label>
        <tableName>XDATASHARING</tableName>
        <jdbcType>TIMESTAMP</jdbcType>
      </column>
      <column>
        <label>LAST_UPDATE_DT</label>
        <tableName>XDATASHARING</tableName>
        <jdbcType>TIMESTAMP</jdbcType>
      </column>
      <column>
        <label>LAST_UPDATE_USER</label>
        <tableName>XDATASHARING</tableName>
        <jdbcType>VARCHAR</jdbcType>
        <precision>20</precision>
      </column>
      <column>
        <label>LAST_UPDATE_TX_ID</label>
        <tableName>XDATASHARING</tableName>
        <jdbcType>BIGINT</jdbcType>
        <precision>19</precision>
      </column>
    </columns>
  </statement>
  <statement method='com.ibm.daimler.dsea.entityObject.XDataSharingInquiryData#getDataSharingByPartyId(Object[])'>
    <parameters>
      <parameter>
        <parameterMode>parameterModeIn</parameterMode>
        <jdbcType>BIGINT</jdbcType>
        <precision>19</precision>
      </parameter>
    </parameters>
    <columns>
      <column>
        <label>DATASHARINGPK_ID</label>
        <tableName>XDATASHARING</tableName>
        <jdbcType>BIGINT</jdbcType>
        <precision>19</precision>
      </column>
      <column>
        <label>DATA_SHARING_FLAG</label>
        <tableName>XDATASHARING</tableName>
        <jdbcType>VARCHAR</jdbcType>
        <precision>10</precision>
      </column>
      <column>
        <label>CONT_ID</label>
        <tableName>XDATASHARING</tableName>
        <jdbcType>BIGINT</jdbcType>
        <precision>19</precision>
      </column>
      <column>
        <label>CUSTOMER_MERGE_IND</label>
        <tableName>XDATASHARING</tableName>
        <jdbcType>VARCHAR</jdbcType>
        <precision>250</precision>
      </column>
      <column>
        <label>GCUPDATE_DATE</label>
        <tableName>XDATASHARING</tableName>
        <jdbcType>TIMESTAMP</jdbcType>
      </column>
      <column>
        <label>DATA_SHARING_WHOLESALE</label>
        <tableName>XDATASHARING</tableName>
        <jdbcType>VARCHAR</jdbcType>
        <precision>250</precision>
      </column>
      <column>
        <label>WSDATA_SHARING_UPDATE_DATE</label>
        <tableName>XDATASHARING</tableName>
        <jdbcType>TIMESTAMP</jdbcType>
      </column>
      <column>
        <label>RETAILER_ID</label>
        <tableName>XDATASHARING</tableName>
        <jdbcType>BIGINT</jdbcType>
        <precision>19</precision>
      </column>
      <column>
        <label>RETAILER_FLAG</label>
        <tableName>XDATASHARING</tableName>
        <jdbcType>VARCHAR</jdbcType>
        <precision>10</precision>
      </column>
      <column>
        <label>SOURCE_IDENT_TP_CD</label>
        <tableName>XDATASHARING</tableName>
        <jdbcType>BIGINT</jdbcType>
        <precision>19</precision>
      </column>
      <column>
        <label>START_DT</label>
        <tableName>XDATASHARING</tableName>
        <jdbcType>TIMESTAMP</jdbcType>
      </column>
      <column>
        <label>MODIFY_SYS_DT</label>
        <tableName>XDATASHARING</tableName>
        <jdbcType>TIMESTAMP</jdbcType>
      </column>
      <column>
        <label>LAST_UPDATE_DT</label>
        <tableName>XDATASHARING</tableName>
        <jdbcType>TIMESTAMP</jdbcType>
      </column>
      <column>
        <label>LAST_UPDATE_USER</label>
        <tableName>XDATASHARING</tableName>
        <jdbcType>VARCHAR</jdbcType>
        <precision>20</precision>
      </column>
      <column>
        <label>LAST_UPDATE_TX_ID</label>
        <tableName>XDATASHARING</tableName>
        <jdbcType>BIGINT</jdbcType>
        <precision>19</precision>
      </column>
    </columns>
  </statement>
  <statement method='com.ibm.daimler.dsea.entityObject.XDataSharingInquiryData#getDataSharingByPartyIdHistory(Object[])'>
    <parameters>
      <parameter>
        <parameterMode>parameterModeIn</parameterMode>
        <jdbcType>BIGINT</jdbcType>
        <precision>19</precision>
      </parameter>
      <parameter>
        <parameterMode>parameterModeIn</parameterMode>
        <jdbcType>TIMESTAMP</jdbcType>
      </parameter>
      <parameter>
        <parameterMode>parameterModeIn</parameterMode>
        <jdbcType>TIMESTAMP</jdbcType>
      </parameter>
    </parameters>
    <columns>
      <column>
        <label>historyIdPK</label>
        <tableName>XDATASHARING</tableName>
        <jdbcType>BIGINT</jdbcType>
        <precision>19</precision>
      </column>
      <column>
        <label>H_ACTION_CODE</label>
        <tableName>XDATASHARING</tableName>
        <jdbcType>CHAR</jdbcType>
        <precision>1</precision>
      </column>
      <column>
        <label>H_CREATED_BY</label>
        <tableName>XDATASHARING</tableName>
        <jdbcType>VARCHAR</jdbcType>
        <precision>20</precision>
      </column>
      <column>
        <label>H_CREATE_DT</label>
        <tableName>XDATASHARING</tableName>
        <jdbcType>TIMESTAMP</jdbcType>
      </column>
      <column>
        <label>H_END_DT</label>
        <tableName>XDATASHARING</tableName>
        <jdbcType>TIMESTAMP</jdbcType>
      </column>
      <column>
        <label>DATASHARINGPK_ID</label>
        <tableName>XDATASHARING</tableName>
        <jdbcType>BIGINT</jdbcType>
        <precision>19</precision>
      </column>
      <column>
        <label>DATA_SHARING_FLAG</label>
        <tableName>XDATASHARING</tableName>
        <jdbcType>VARCHAR</jdbcType>
        <precision>10</precision>
      </column>
      <column>
        <label>CONT_ID</label>
        <tableName>XDATASHARING</tableName>
        <jdbcType>BIGINT</jdbcType>
        <precision>19</precision>
      </column>
      <column>
        <label>CUSTOMER_MERGE_IND</label>
        <tableName>XDATASHARING</tableName>
        <jdbcType>VARCHAR</jdbcType>
        <precision>250</precision>
      </column>
      <column>
        <label>GCUPDATE_DATE</label>
        <tableName>XDATASHARING</tableName>
        <jdbcType>TIMESTAMP</jdbcType>
      </column>
      <column>
        <label>DATA_SHARING_WHOLESALE</label>
        <tableName>XDATASHARING</tableName>
        <jdbcType>VARCHAR</jdbcType>
        <precision>250</precision>
      </column>
      <column>
        <label>WSDATA_SHARING_UPDATE_DATE</label>
        <tableName>XDATASHARING</tableName>
        <jdbcType>TIMESTAMP</jdbcType>
      </column>
      <column>
        <label>RETAILER_ID</label>
        <tableName>XDATASHARING</tableName>
        <jdbcType>BIGINT</jdbcType>
        <precision>19</precision>
      </column>
      <column>
        <label>RETAILER_FLAG</label>
        <tableName>XDATASHARING</tableName>
        <jdbcType>VARCHAR</jdbcType>
        <precision>10</precision>
      </column>
      <column>
        <label>SOURCE_IDENT_TP_CD</label>
        <tableName>XDATASHARING</tableName>
        <jdbcType>BIGINT</jdbcType>
        <precision>19</precision>
      </column>
      <column>
        <label>START_DT</label>
        <tableName>XDATASHARING</tableName>
        <jdbcType>TIMESTAMP</jdbcType>
      </column>
      <column>
        <label>MODIFY_SYS_DT</label>
        <tableName>XDATASHARING</tableName>
        <jdbcType>TIMESTAMP</jdbcType>
      </column>
      <column>
        <label>LAST_UPDATE_DT</label>
        <tableName>XDATASHARING</tableName>
        <jdbcType>TIMESTAMP</jdbcType>
      </column>
      <column>
        <label>LAST_UPDATE_USER</label>
        <tableName>XDATASHARING</tableName>
        <jdbcType>VARCHAR</jdbcType>
        <precision>20</precision>
      </column>
      <column>
        <label>LAST_UPDATE_TX_ID</label>
        <tableName>XDATASHARING</tableName>
        <jdbcType>BIGINT</jdbcType>
        <precision>19</precision>
      </column>
    </columns>
  </statement>
</metadata>
