<?xml version='1.0' encoding='utf-8'?>
<!DOCTYPE metadata>
<metadata>
  <statement method='com.ibm.daimler.dsea.entityObject.XIdentifierExtInquiryData#getPartyIdentifiersHistoryByType(Object[])'>
    <parameters>
      <parameter>
        <parameterMode>parameterModeIn</parameterMode>
        <jdbcType>BIGINT</jdbcType>
        <precision>19</precision>
      </parameter>
      <parameter>
        <parameterMode>parameterModeIn</parameterMode>
        <jdbcType>BIGINT</jdbcType>
        <precision>19</precision>
      </parameter>
      <parameter>
        <parameterMode>parameterModeIn</parameterMode>
        <jdbcType>TIMESTAMP</jdbcType>
      </parameter>
      <parameter>
        <parameterMode>parameterModeIn</parameterMode>
        <jdbcType>TIMESTAMP</jdbcType>
      </parameter>
    </parameters>
    <columns>
      <column>
        <label>HIST_ID_PK</label>
        <tableName>IDENTIFIER</tableName>
        <jdbcType>BIGINT</jdbcType>
        <precision>19</precision>
      </column>
      <column>
        <label>H_ACTION_CODE</label>
        <tableName>IDENTIFIER</tableName>
        <jdbcType>CHAR</jdbcType>
        <precision>1</precision>
      </column>
      <column>
        <label>H_CREATED_BY</label>
        <tableName>IDENTIFIER</tableName>
        <jdbcType>VARCHAR</jdbcType>
        <precision>20</precision>
      </column>
      <column>
        <label>H_CREATE_DT</label>
        <tableName>IDENTIFIER</tableName>
        <jdbcType>TIMESTAMP</jdbcType>
      </column>
      <column>
        <label>H_END_DT</label>
        <tableName>IDENTIFIER</tableName>
        <jdbcType>TIMESTAMP</jdbcType>
      </column>
      <column>
        <label>IDENTIFIER_ID</label>
        <tableName>IDENTIFIER</tableName>
        <jdbcType>BIGINT</jdbcType>
        <precision>19</precision>
      </column>
      <column>
        <label>ID_STATUS_TP_CD</label>
        <tableName>IDENTIFIER</tableName>
        <jdbcType>BIGINT</jdbcType>
        <precision>19</precision>
      </column>
      <column>
        <label>CONT_ID</label>
        <tableName>IDENTIFIER</tableName>
        <jdbcType>BIGINT</jdbcType>
        <precision>19</precision>
      </column>
      <column>
        <label>ID_TP_CD</label>
        <tableName>IDENTIFIER</tableName>
        <jdbcType>BIGINT</jdbcType>
        <precision>19</precision>
      </column>
      <column>
        <label>REF_NUM</label>
        <tableName>IDENTIFIER</tableName>
        <jdbcType>VARCHAR</jdbcType>
        <precision>50</precision>
      </column>
      <column>
        <label>START_DT</label>
        <tableName>IDENTIFIER</tableName>
        <jdbcType>TIMESTAMP</jdbcType>
      </column>
      <column>
        <label>END_DT</label>
        <tableName>IDENTIFIER</tableName>
        <jdbcType>TIMESTAMP</jdbcType>
      </column>
      <column>
        <label>EXPIRY_DT</label>
        <tableName>IDENTIFIER</tableName>
        <jdbcType>TIMESTAMP</jdbcType>
      </column>
      <column>
        <label>LAST_UPDATE_DT</label>
        <tableName>IDENTIFIER</tableName>
        <jdbcType>TIMESTAMP</jdbcType>
      </column>
      <column>
        <label>LAST_UPDATE_USER</label>
        <tableName>IDENTIFIER</tableName>
        <jdbcType>VARCHAR</jdbcType>
        <precision>20</precision>
      </column>
      <column>
        <label>LAST_UPDATE_TX_ID</label>
        <tableName>IDENTIFIER</tableName>
        <jdbcType>BIGINT</jdbcType>
        <precision>19</precision>
      </column>
      <column>
        <label>ASSIGNED_BY</label>
        <tableName>IDENTIFIER</tableName>
        <jdbcType>BIGINT</jdbcType>
        <precision>19</precision>
      </column>
      <column>
        <label>IDENTIFIER_DESC</label>
        <tableName>IDENTIFIER</tableName>
        <jdbcType>VARCHAR</jdbcType>
        <precision>255</precision>
      </column>
      <column>
        <label>ISSUE_LOCATION</label>
        <tableName>IDENTIFIER</tableName>
        <jdbcType>VARCHAR</jdbcType>
        <precision>30</precision>
      </column>
      <column>
        <label>LAST_USED_DT</label>
        <tableName>IDENTIFIER</tableName>
        <jdbcType>TIMESTAMP</jdbcType>
      </column>
      <column>
        <label>LAST_VERIFIED_DT</label>
        <tableName>IDENTIFIER</tableName>
        <jdbcType>TIMESTAMP</jdbcType>
      </column>
      <column>
        <label>SOURCE_IDENT_TP_CD</label>
        <tableName>IDENTIFIER</tableName>
        <jdbcType>BIGINT</jdbcType>
        <precision>19</precision>
      </column>
      <column>
        <label>XMODIFY_SYS_DT</label>
        <tableName>IDENTIFIER</tableName>
        <jdbcType>TIMESTAMP</jdbcType>
      </column>
      <column>
        <label>XRETAILER_ID</label>
        <tableName>IDENTIFIER</tableName>
        <jdbcType>BIGINT</jdbcType>
        <precision>19</precision>
      </column>
      <column>
        <label>XIDEN_RETAILER_FLAG</label>
        <tableName>IDENTIFIER</tableName>
        <jdbcType>VARCHAR</jdbcType>
        <precision>5</precision>
      </column>
      <column>
        <label>X_BPID</label>
        <tableName>IDENTIFIER</tableName>
        <jdbcType>VARCHAR</jdbcType>
        <precision>50</precision>
      </column>
    </columns>
  </statement>
  <statement method='com.ibm.daimler.dsea.entityObject.XIdentifierExtInquiryData#getPartyIdentifiersByType(Object[])'>
    <parameters>
      <parameter>
        <parameterMode>parameterModeIn</parameterMode>
        <jdbcType>BIGINT</jdbcType>
        <precision>19</precision>
      </parameter>
      <parameter>
        <parameterMode>parameterModeIn</parameterMode>
        <jdbcType>BIGINT</jdbcType>
        <precision>19</precision>
      </parameter>
      <parameter>
        <parameterMode>parameterModeIn</parameterMode>
        <jdbcType>TIMESTAMP</jdbcType>
      </parameter>
    </parameters>
    <columns>
      <column>
        <label>IDENTIFIER_ID</label>
        <tableName>IDENTIFIER</tableName>
        <jdbcType>BIGINT</jdbcType>
        <precision>19</precision>
      </column>
      <column>
        <label>ID_STATUS_TP_CD</label>
        <tableName>IDENTIFIER</tableName>
        <jdbcType>BIGINT</jdbcType>
        <precision>19</precision>
      </column>
      <column>
        <label>CONT_ID</label>
        <tableName>IDENTIFIER</tableName>
        <jdbcType>BIGINT</jdbcType>
        <precision>19</precision>
      </column>
      <column>
        <label>ID_TP_CD</label>
        <tableName>IDENTIFIER</tableName>
        <jdbcType>BIGINT</jdbcType>
        <precision>19</precision>
      </column>
      <column>
        <label>REF_NUM</label>
        <tableName>IDENTIFIER</tableName>
        <jdbcType>VARCHAR</jdbcType>
        <precision>50</precision>
      </column>
      <column>
        <label>START_DT</label>
        <tableName>IDENTIFIER</tableName>
        <jdbcType>TIMESTAMP</jdbcType>
      </column>
      <column>
        <label>END_DT</label>
        <tableName>IDENTIFIER</tableName>
        <jdbcType>TIMESTAMP</jdbcType>
      </column>
      <column>
        <label>EXPIRY_DT</label>
        <tableName>IDENTIFIER</tableName>
        <jdbcType>TIMESTAMP</jdbcType>
      </column>
      <column>
        <label>LAST_UPDATE_DT</label>
        <tableName>IDENTIFIER</tableName>
        <jdbcType>TIMESTAMP</jdbcType>
      </column>
      <column>
        <label>LAST_UPDATE_USER</label>
        <tableName>IDENTIFIER</tableName>
        <jdbcType>VARCHAR</jdbcType>
        <precision>20</precision>
      </column>
      <column>
        <label>LAST_UPDATE_TX_ID</label>
        <tableName>IDENTIFIER</tableName>
        <jdbcType>BIGINT</jdbcType>
        <precision>19</precision>
      </column>
      <column>
        <label>ASSIGNED_BY</label>
        <tableName>IDENTIFIER</tableName>
        <jdbcType>BIGINT</jdbcType>
        <precision>19</precision>
      </column>
      <column>
        <label>IDENTIFIER_DESC</label>
        <tableName>IDENTIFIER</tableName>
        <jdbcType>VARCHAR</jdbcType>
        <precision>255</precision>
      </column>
      <column>
        <label>ISSUE_LOCATION</label>
        <tableName>IDENTIFIER</tableName>
        <jdbcType>VARCHAR</jdbcType>
        <precision>30</precision>
      </column>
      <column>
        <label>LAST_USED_DT</label>
        <tableName>IDENTIFIER</tableName>
        <jdbcType>TIMESTAMP</jdbcType>
      </column>
      <column>
        <label>LAST_VERIFIED_DT</label>
        <tableName>IDENTIFIER</tableName>
        <jdbcType>TIMESTAMP</jdbcType>
      </column>
      <column>
        <label>SOURCE_IDENT_TP_CD</label>
        <tableName>IDENTIFIER</tableName>
        <jdbcType>BIGINT</jdbcType>
        <precision>19</precision>
      </column>
      <column>
        <label>XMODIFY_SYS_DT</label>
        <tableName>IDENTIFIER</tableName>
        <jdbcType>TIMESTAMP</jdbcType>
      </column>
      <column>
        <label>XRETAILER_ID</label>
        <tableName>IDENTIFIER</tableName>
        <jdbcType>BIGINT</jdbcType>
        <precision>19</precision>
      </column>
      <column>
        <label>XIDEN_RETAILER_FLAG</label>
        <tableName>IDENTIFIER</tableName>
        <jdbcType>VARCHAR</jdbcType>
        <precision>5</precision>
      </column>
      <column>
        <label>X_BPID</label>
        <tableName>IDENTIFIER</tableName>
        <jdbcType>VARCHAR</jdbcType>
        <precision>50</precision>
      </column>
    </columns>
  </statement>
  <statement method='com.ibm.daimler.dsea.entityObject.XIdentifierExtInquiryData#getPartyIdentifiersHistory(Object[])'>
    <parameters>
      <parameter>
        <parameterMode>parameterModeIn</parameterMode>
        <jdbcType>BIGINT</jdbcType>
        <precision>19</precision>
      </parameter>
      <parameter>
        <parameterMode>parameterModeIn</parameterMode>
        <jdbcType>TIMESTAMP</jdbcType>
      </parameter>
      <parameter>
        <parameterMode>parameterModeIn</parameterMode>
        <jdbcType>TIMESTAMP</jdbcType>
      </parameter>
    </parameters>
    <columns>
      <column>
        <label>HIST_ID_PK</label>
        <tableName>IDENTIFIER</tableName>
        <jdbcType>BIGINT</jdbcType>
        <precision>19</precision>
      </column>
      <column>
        <label>H_ACTION_CODE</label>
        <tableName>IDENTIFIER</tableName>
        <jdbcType>CHAR</jdbcType>
        <precision>1</precision>
      </column>
      <column>
        <label>H_CREATED_BY</label>
        <tableName>IDENTIFIER</tableName>
        <jdbcType>VARCHAR</jdbcType>
        <precision>20</precision>
      </column>
      <column>
        <label>H_CREATE_DT</label>
        <tableName>IDENTIFIER</tableName>
        <jdbcType>TIMESTAMP</jdbcType>
      </column>
      <column>
        <label>H_END_DT</label>
        <tableName>IDENTIFIER</tableName>
        <jdbcType>TIMESTAMP</jdbcType>
      </column>
      <column>
        <label>IDENTIFIER_ID</label>
        <tableName>IDENTIFIER</tableName>
        <jdbcType>BIGINT</jdbcType>
        <precision>19</precision>
      </column>
      <column>
        <label>ID_STATUS_TP_CD</label>
        <tableName>IDENTIFIER</tableName>
        <jdbcType>BIGINT</jdbcType>
        <precision>19</precision>
      </column>
      <column>
        <label>CONT_ID</label>
        <tableName>IDENTIFIER</tableName>
        <jdbcType>BIGINT</jdbcType>
        <precision>19</precision>
      </column>
      <column>
        <label>ID_TP_CD</label>
        <tableName>IDENTIFIER</tableName>
        <jdbcType>BIGINT</jdbcType>
        <precision>19</precision>
      </column>
      <column>
        <label>REF_NUM</label>
        <tableName>IDENTIFIER</tableName>
        <jdbcType>VARCHAR</jdbcType>
        <precision>50</precision>
      </column>
      <column>
        <label>START_DT</label>
        <tableName>IDENTIFIER</tableName>
        <jdbcType>TIMESTAMP</jdbcType>
      </column>
      <column>
        <label>END_DT</label>
        <tableName>IDENTIFIER</tableName>
        <jdbcType>TIMESTAMP</jdbcType>
      </column>
      <column>
        <label>EXPIRY_DT</label>
        <tableName>IDENTIFIER</tableName>
        <jdbcType>TIMESTAMP</jdbcType>
      </column>
      <column>
        <label>LAST_UPDATE_DT</label>
        <tableName>IDENTIFIER</tableName>
        <jdbcType>TIMESTAMP</jdbcType>
      </column>
      <column>
        <label>LAST_UPDATE_USER</label>
        <tableName>IDENTIFIER</tableName>
        <jdbcType>VARCHAR</jdbcType>
        <precision>20</precision>
      </column>
      <column>
        <label>LAST_UPDATE_TX_ID</label>
        <tableName>IDENTIFIER</tableName>
        <jdbcType>BIGINT</jdbcType>
        <precision>19</precision>
      </column>
      <column>
        <label>ASSIGNED_BY</label>
        <tableName>IDENTIFIER</tableName>
        <jdbcType>BIGINT</jdbcType>
        <precision>19</precision>
      </column>
      <column>
        <label>IDENTIFIER_DESC</label>
        <tableName>IDENTIFIER</tableName>
        <jdbcType>VARCHAR</jdbcType>
        <precision>255</precision>
      </column>
      <column>
        <label>ISSUE_LOCATION</label>
        <tableName>IDENTIFIER</tableName>
        <jdbcType>VARCHAR</jdbcType>
        <precision>30</precision>
      </column>
      <column>
        <label>LAST_USED_DT</label>
        <tableName>IDENTIFIER</tableName>
        <jdbcType>TIMESTAMP</jdbcType>
      </column>
      <column>
        <label>LAST_VERIFIED_DT</label>
        <tableName>IDENTIFIER</tableName>
        <jdbcType>TIMESTAMP</jdbcType>
      </column>
      <column>
        <label>SOURCE_IDENT_TP_CD</label>
        <tableName>IDENTIFIER</tableName>
        <jdbcType>BIGINT</jdbcType>
        <precision>19</precision>
      </column>
      <column>
        <label>XMODIFY_SYS_DT</label>
        <tableName>IDENTIFIER</tableName>
        <jdbcType>TIMESTAMP</jdbcType>
      </column>
      <column>
        <label>XRETAILER_ID</label>
        <tableName>IDENTIFIER</tableName>
        <jdbcType>BIGINT</jdbcType>
        <precision>19</precision>
      </column>
      <column>
        <label>XIDEN_RETAILER_FLAG</label>
        <tableName>IDENTIFIER</tableName>
        <jdbcType>VARCHAR</jdbcType>
        <precision>5</precision>
      </column>
      <column>
        <label>X_BPID</label>
        <tableName>IDENTIFIER</tableName>
        <jdbcType>VARCHAR</jdbcType>
        <precision>50</precision>
      </column>
    </columns>
  </statement>
  <statement method='com.ibm.daimler.dsea.entityObject.XIdentifierExtInquiryData#getPartyIdentifiersActive(Object[])'>
    <parameters>
      <parameter>
        <parameterMode>parameterModeIn</parameterMode>
        <jdbcType>BIGINT</jdbcType>
        <precision>19</precision>
      </parameter>
      <parameter>
        <parameterMode>parameterModeIn</parameterMode>
        <jdbcType>TIMESTAMP</jdbcType>
      </parameter>
    </parameters>
    <columns>
      <column>
        <label>IDENTIFIER_ID</label>
        <tableName>IDENTIFIER</tableName>
        <jdbcType>BIGINT</jdbcType>
        <precision>19</precision>
      </column>
      <column>
        <label>ID_STATUS_TP_CD</label>
        <tableName>IDENTIFIER</tableName>
        <jdbcType>BIGINT</jdbcType>
        <precision>19</precision>
      </column>
      <column>
        <label>CONT_ID</label>
        <tableName>IDENTIFIER</tableName>
        <jdbcType>BIGINT</jdbcType>
        <precision>19</precision>
      </column>
      <column>
        <label>ID_TP_CD</label>
        <tableName>IDENTIFIER</tableName>
        <jdbcType>BIGINT</jdbcType>
        <precision>19</precision>
      </column>
      <column>
        <label>REF_NUM</label>
        <tableName>IDENTIFIER</tableName>
        <jdbcType>VARCHAR</jdbcType>
        <precision>50</precision>
      </column>
      <column>
        <label>START_DT</label>
        <tableName>IDENTIFIER</tableName>
        <jdbcType>TIMESTAMP</jdbcType>
      </column>
      <column>
        <label>END_DT</label>
        <tableName>IDENTIFIER</tableName>
        <jdbcType>TIMESTAMP</jdbcType>
      </column>
      <column>
        <label>EXPIRY_DT</label>
        <tableName>IDENTIFIER</tableName>
        <jdbcType>TIMESTAMP</jdbcType>
      </column>
      <column>
        <label>LAST_UPDATE_DT</label>
        <tableName>IDENTIFIER</tableName>
        <jdbcType>TIMESTAMP</jdbcType>
      </column>
      <column>
        <label>LAST_UPDATE_USER</label>
        <tableName>IDENTIFIER</tableName>
        <jdbcType>VARCHAR</jdbcType>
        <precision>20</precision>
      </column>
      <column>
        <label>LAST_UPDATE_TX_ID</label>
        <tableName>IDENTIFIER</tableName>
        <jdbcType>BIGINT</jdbcType>
        <precision>19</precision>
      </column>
      <column>
        <label>ASSIGNED_BY</label>
        <tableName>IDENTIFIER</tableName>
        <jdbcType>BIGINT</jdbcType>
        <precision>19</precision>
      </column>
      <column>
        <label>IDENTIFIER_DESC</label>
        <tableName>IDENTIFIER</tableName>
        <jdbcType>VARCHAR</jdbcType>
        <precision>255</precision>
      </column>
      <column>
        <label>ISSUE_LOCATION</label>
        <tableName>IDENTIFIER</tableName>
        <jdbcType>VARCHAR</jdbcType>
        <precision>30</precision>
      </column>
      <column>
        <label>LAST_USED_DT</label>
        <tableName>IDENTIFIER</tableName>
        <jdbcType>TIMESTAMP</jdbcType>
      </column>
      <column>
        <label>LAST_VERIFIED_DT</label>
        <tableName>IDENTIFIER</tableName>
        <jdbcType>TIMESTAMP</jdbcType>
      </column>
      <column>
        <label>SOURCE_IDENT_TP_CD</label>
        <tableName>IDENTIFIER</tableName>
        <jdbcType>BIGINT</jdbcType>
        <precision>19</precision>
      </column>
      <column>
        <label>XMODIFY_SYS_DT</label>
        <tableName>IDENTIFIER</tableName>
        <jdbcType>TIMESTAMP</jdbcType>
      </column>
      <column>
        <label>XRETAILER_ID</label>
        <tableName>IDENTIFIER</tableName>
        <jdbcType>BIGINT</jdbcType>
        <precision>19</precision>
      </column>
      <column>
        <label>XIDEN_RETAILER_FLAG</label>
        <tableName>IDENTIFIER</tableName>
        <jdbcType>VARCHAR</jdbcType>
        <precision>5</precision>
      </column>
      <column>
        <label>X_BPID</label>
        <tableName>IDENTIFIER</tableName>
        <jdbcType>VARCHAR</jdbcType>
        <precision>50</precision>
      </column>
    </columns>
  </statement>
  <statement method='com.ibm.daimler.dsea.entityObject.XIdentifierExtInquiryData#getPartyIdentifiersInactive(Object[])'>
    <parameters>
      <parameter>
        <parameterMode>parameterModeIn</parameterMode>
        <jdbcType>BIGINT</jdbcType>
        <precision>19</precision>
      </parameter>
      <parameter>
        <parameterMode>parameterModeIn</parameterMode>
        <jdbcType>TIMESTAMP</jdbcType>
      </parameter>
    </parameters>
    <columns>
      <column>
        <label>IDENTIFIER_ID</label>
        <tableName>IDENTIFIER</tableName>
        <jdbcType>BIGINT</jdbcType>
        <precision>19</precision>
      </column>
      <column>
        <label>ID_STATUS_TP_CD</label>
        <tableName>IDENTIFIER</tableName>
        <jdbcType>BIGINT</jdbcType>
        <precision>19</precision>
      </column>
      <column>
        <label>CONT_ID</label>
        <tableName>IDENTIFIER</tableName>
        <jdbcType>BIGINT</jdbcType>
        <precision>19</precision>
      </column>
      <column>
        <label>ID_TP_CD</label>
        <tableName>IDENTIFIER</tableName>
        <jdbcType>BIGINT</jdbcType>
        <precision>19</precision>
      </column>
      <column>
        <label>REF_NUM</label>
        <tableName>IDENTIFIER</tableName>
        <jdbcType>VARCHAR</jdbcType>
        <precision>50</precision>
      </column>
      <column>
        <label>START_DT</label>
        <tableName>IDENTIFIER</tableName>
        <jdbcType>TIMESTAMP</jdbcType>
      </column>
      <column>
        <label>END_DT</label>
        <tableName>IDENTIFIER</tableName>
        <jdbcType>TIMESTAMP</jdbcType>
      </column>
      <column>
        <label>EXPIRY_DT</label>
        <tableName>IDENTIFIER</tableName>
        <jdbcType>TIMESTAMP</jdbcType>
      </column>
      <column>
        <label>LAST_UPDATE_DT</label>
        <tableName>IDENTIFIER</tableName>
        <jdbcType>TIMESTAMP</jdbcType>
      </column>
      <column>
        <label>LAST_UPDATE_USER</label>
        <tableName>IDENTIFIER</tableName>
        <jdbcType>VARCHAR</jdbcType>
        <precision>20</precision>
      </column>
      <column>
        <label>LAST_UPDATE_TX_ID</label>
        <tableName>IDENTIFIER</tableName>
        <jdbcType>BIGINT</jdbcType>
        <precision>19</precision>
      </column>
      <column>
        <label>ASSIGNED_BY</label>
        <tableName>IDENTIFIER</tableName>
        <jdbcType>BIGINT</jdbcType>
        <precision>19</precision>
      </column>
      <column>
        <label>IDENTIFIER_DESC</label>
        <tableName>IDENTIFIER</tableName>
        <jdbcType>VARCHAR</jdbcType>
        <precision>255</precision>
      </column>
      <column>
        <label>ISSUE_LOCATION</label>
        <tableName>IDENTIFIER</tableName>
        <jdbcType>VARCHAR</jdbcType>
        <precision>30</precision>
      </column>
      <column>
        <label>LAST_USED_DT</label>
        <tableName>IDENTIFIER</tableName>
        <jdbcType>TIMESTAMP</jdbcType>
      </column>
      <column>
        <label>LAST_VERIFIED_DT</label>
        <tableName>IDENTIFIER</tableName>
        <jdbcType>TIMESTAMP</jdbcType>
      </column>
      <column>
        <label>SOURCE_IDENT_TP_CD</label>
        <tableName>IDENTIFIER</tableName>
        <jdbcType>BIGINT</jdbcType>
        <precision>19</precision>
      </column>
      <column>
        <label>XMODIFY_SYS_DT</label>
        <tableName>IDENTIFIER</tableName>
        <jdbcType>TIMESTAMP</jdbcType>
      </column>
      <column>
        <label>XRETAILER_ID</label>
        <tableName>IDENTIFIER</tableName>
        <jdbcType>BIGINT</jdbcType>
        <precision>19</precision>
      </column>
      <column>
        <label>XIDEN_RETAILER_FLAG</label>
        <tableName>IDENTIFIER</tableName>
        <jdbcType>VARCHAR</jdbcType>
        <precision>5</precision>
      </column>
      <column>
        <label>X_BPID</label>
        <tableName>IDENTIFIER</tableName>
        <jdbcType>VARCHAR</jdbcType>
        <precision>50</precision>
      </column>
    </columns>
  </statement>
  <statement method='com.ibm.daimler.dsea.entityObject.XIdentifierExtInquiryData#getPartyIdentifiersAll(Object[])'>
    <parameters>
      <parameter>
        <parameterMode>parameterModeIn</parameterMode>
        <jdbcType>BIGINT</jdbcType>
        <precision>19</precision>
      </parameter>
    </parameters>
    <columns>
      <column>
        <label>IDENTIFIER_ID</label>
        <tableName>IDENTIFIER</tableName>
        <jdbcType>BIGINT</jdbcType>
        <precision>19</precision>
      </column>
      <column>
        <label>ID_STATUS_TP_CD</label>
        <tableName>IDENTIFIER</tableName>
        <jdbcType>BIGINT</jdbcType>
        <precision>19</precision>
      </column>
      <column>
        <label>CONT_ID</label>
        <tableName>IDENTIFIER</tableName>
        <jdbcType>BIGINT</jdbcType>
        <precision>19</precision>
      </column>
      <column>
        <label>ID_TP_CD</label>
        <tableName>IDENTIFIER</tableName>
        <jdbcType>BIGINT</jdbcType>
        <precision>19</precision>
      </column>
      <column>
        <label>REF_NUM</label>
        <tableName>IDENTIFIER</tableName>
        <jdbcType>VARCHAR</jdbcType>
        <precision>50</precision>
      </column>
      <column>
        <label>START_DT</label>
        <tableName>IDENTIFIER</tableName>
        <jdbcType>TIMESTAMP</jdbcType>
      </column>
      <column>
        <label>END_DT</label>
        <tableName>IDENTIFIER</tableName>
        <jdbcType>TIMESTAMP</jdbcType>
      </column>
      <column>
        <label>EXPIRY_DT</label>
        <tableName>IDENTIFIER</tableName>
        <jdbcType>TIMESTAMP</jdbcType>
      </column>
      <column>
        <label>LAST_UPDATE_DT</label>
        <tableName>IDENTIFIER</tableName>
        <jdbcType>TIMESTAMP</jdbcType>
      </column>
      <column>
        <label>LAST_UPDATE_USER</label>
        <tableName>IDENTIFIER</tableName>
        <jdbcType>VARCHAR</jdbcType>
        <precision>20</precision>
      </column>
      <column>
        <label>LAST_UPDATE_TX_ID</label>
        <tableName>IDENTIFIER</tableName>
        <jdbcType>BIGINT</jdbcType>
        <precision>19</precision>
      </column>
      <column>
        <label>ASSIGNED_BY</label>
        <tableName>IDENTIFIER</tableName>
        <jdbcType>BIGINT</jdbcType>
        <precision>19</precision>
      </column>
      <column>
        <label>IDENTIFIER_DESC</label>
        <tableName>IDENTIFIER</tableName>
        <jdbcType>VARCHAR</jdbcType>
        <precision>255</precision>
      </column>
      <column>
        <label>ISSUE_LOCATION</label>
        <tableName>IDENTIFIER</tableName>
        <jdbcType>VARCHAR</jdbcType>
        <precision>30</precision>
      </column>
      <column>
        <label>LAST_USED_DT</label>
        <tableName>IDENTIFIER</tableName>
        <jdbcType>TIMESTAMP</jdbcType>
      </column>
      <column>
        <label>LAST_VERIFIED_DT</label>
        <tableName>IDENTIFIER</tableName>
        <jdbcType>TIMESTAMP</jdbcType>
      </column>
      <column>
        <label>SOURCE_IDENT_TP_CD</label>
        <tableName>IDENTIFIER</tableName>
        <jdbcType>BIGINT</jdbcType>
        <precision>19</precision>
      </column>
      <column>
        <label>XMODIFY_SYS_DT</label>
        <tableName>IDENTIFIER</tableName>
        <jdbcType>TIMESTAMP</jdbcType>
      </column>
      <column>
        <label>XRETAILER_ID</label>
        <tableName>IDENTIFIER</tableName>
        <jdbcType>BIGINT</jdbcType>
        <precision>19</precision>
      </column>
      <column>
        <label>XIDEN_RETAILER_FLAG</label>
        <tableName>IDENTIFIER</tableName>
        <jdbcType>VARCHAR</jdbcType>
        <precision>5</precision>
      </column>
      <column>
        <label>X_BPID</label>
        <tableName>IDENTIFIER</tableName>
        <jdbcType>VARCHAR</jdbcType>
        <precision>50</precision>
      </column>
    </columns>
  </statement>
  <statement method='com.ibm.daimler.dsea.entityObject.XIdentifierExtInquiryData#getPartyIdentifierById(Object[])'>
    <parameters>
      <parameter>
        <parameterMode>parameterModeIn</parameterMode>
        <jdbcType>BIGINT</jdbcType>
        <precision>19</precision>
      </parameter>
    </parameters>
    <columns>
      <column>
        <label>IDENTIFIER_ID</label>
        <tableName>IDENTIFIER</tableName>
        <jdbcType>BIGINT</jdbcType>
        <precision>19</precision>
      </column>
      <column>
        <label>ID_STATUS_TP_CD</label>
        <tableName>IDENTIFIER</tableName>
        <jdbcType>BIGINT</jdbcType>
        <precision>19</precision>
      </column>
      <column>
        <label>CONT_ID</label>
        <tableName>IDENTIFIER</tableName>
        <jdbcType>BIGINT</jdbcType>
        <precision>19</precision>
      </column>
      <column>
        <label>ID_TP_CD</label>
        <tableName>IDENTIFIER</tableName>
        <jdbcType>BIGINT</jdbcType>
        <precision>19</precision>
      </column>
      <column>
        <label>REF_NUM</label>
        <tableName>IDENTIFIER</tableName>
        <jdbcType>VARCHAR</jdbcType>
        <precision>50</precision>
      </column>
      <column>
        <label>START_DT</label>
        <tableName>IDENTIFIER</tableName>
        <jdbcType>TIMESTAMP</jdbcType>
      </column>
      <column>
        <label>END_DT</label>
        <tableName>IDENTIFIER</tableName>
        <jdbcType>TIMESTAMP</jdbcType>
      </column>
      <column>
        <label>EXPIRY_DT</label>
        <tableName>IDENTIFIER</tableName>
        <jdbcType>TIMESTAMP</jdbcType>
      </column>
      <column>
        <label>LAST_UPDATE_DT</label>
        <tableName>IDENTIFIER</tableName>
        <jdbcType>TIMESTAMP</jdbcType>
      </column>
      <column>
        <label>LAST_UPDATE_USER</label>
        <tableName>IDENTIFIER</tableName>
        <jdbcType>VARCHAR</jdbcType>
        <precision>20</precision>
      </column>
      <column>
        <label>LAST_UPDATE_TX_ID</label>
        <tableName>IDENTIFIER</tableName>
        <jdbcType>BIGINT</jdbcType>
        <precision>19</precision>
      </column>
      <column>
        <label>ASSIGNED_BY</label>
        <tableName>IDENTIFIER</tableName>
        <jdbcType>BIGINT</jdbcType>
        <precision>19</precision>
      </column>
      <column>
        <label>IDENTIFIER_DESC</label>
        <tableName>IDENTIFIER</tableName>
        <jdbcType>VARCHAR</jdbcType>
        <precision>255</precision>
      </column>
      <column>
        <label>ISSUE_LOCATION</label>
        <tableName>IDENTIFIER</tableName>
        <jdbcType>VARCHAR</jdbcType>
        <precision>30</precision>
      </column>
      <column>
        <label>LAST_USED_DT</label>
        <tableName>IDENTIFIER</tableName>
        <jdbcType>TIMESTAMP</jdbcType>
      </column>
      <column>
        <label>LAST_VERIFIED_DT</label>
        <tableName>IDENTIFIER</tableName>
        <jdbcType>TIMESTAMP</jdbcType>
      </column>
      <column>
        <label>SOURCE_IDENT_TP_CD</label>
        <tableName>IDENTIFIER</tableName>
        <jdbcType>BIGINT</jdbcType>
        <precision>19</precision>
      </column>
      <column>
        <label>XMODIFY_SYS_DT</label>
        <tableName>IDENTIFIER</tableName>
        <jdbcType>TIMESTAMP</jdbcType>
      </column>
      <column>
        <label>XRETAILER_ID</label>
        <tableName>IDENTIFIER</tableName>
        <jdbcType>BIGINT</jdbcType>
        <precision>19</precision>
      </column>
      <column>
        <label>XIDEN_RETAILER_FLAG</label>
        <tableName>IDENTIFIER</tableName>
        <jdbcType>VARCHAR</jdbcType>
        <precision>5</precision>
      </column>
      <column>
        <label>X_BPID</label>
        <tableName>IDENTIFIER</tableName>
        <jdbcType>VARCHAR</jdbcType>
        <precision>50</precision>
      </column>
    </columns>
  </statement>
  <statement method='com.ibm.daimler.dsea.entityObject.XIdentifierExtInquiryData#getPartyIdentifierHistoryById(Object[])'>
    <parameters>
      <parameter>
        <parameterMode>parameterModeIn</parameterMode>
        <jdbcType>BIGINT</jdbcType>
        <precision>19</precision>
      </parameter>
      <parameter>
        <parameterMode>parameterModeIn</parameterMode>
        <jdbcType>TIMESTAMP</jdbcType>
      </parameter>
      <parameter>
        <parameterMode>parameterModeIn</parameterMode>
        <jdbcType>TIMESTAMP</jdbcType>
      </parameter>
    </parameters>
    <columns>
      <column>
        <label>HIST_ID_PK</label>
        <tableName>IDENTIFIER</tableName>
        <jdbcType>BIGINT</jdbcType>
        <precision>19</precision>
      </column>
      <column>
        <label>H_ACTION_CODE</label>
        <tableName>IDENTIFIER</tableName>
        <jdbcType>CHAR</jdbcType>
        <precision>1</precision>
      </column>
      <column>
        <label>H_CREATED_BY</label>
        <tableName>IDENTIFIER</tableName>
        <jdbcType>VARCHAR</jdbcType>
        <precision>20</precision>
      </column>
      <column>
        <label>H_CREATE_DT</label>
        <tableName>IDENTIFIER</tableName>
        <jdbcType>TIMESTAMP</jdbcType>
      </column>
      <column>
        <label>H_END_DT</label>
        <tableName>IDENTIFIER</tableName>
        <jdbcType>TIMESTAMP</jdbcType>
      </column>
      <column>
        <label>IDENTIFIER_ID</label>
        <tableName>IDENTIFIER</tableName>
        <jdbcType>BIGINT</jdbcType>
        <precision>19</precision>
      </column>
      <column>
        <label>ID_STATUS_TP_CD</label>
        <tableName>IDENTIFIER</tableName>
        <jdbcType>BIGINT</jdbcType>
        <precision>19</precision>
      </column>
      <column>
        <label>CONT_ID</label>
        <tableName>IDENTIFIER</tableName>
        <jdbcType>BIGINT</jdbcType>
        <precision>19</precision>
      </column>
      <column>
        <label>ID_TP_CD</label>
        <tableName>IDENTIFIER</tableName>
        <jdbcType>BIGINT</jdbcType>
        <precision>19</precision>
      </column>
      <column>
        <label>REF_NUM</label>
        <tableName>IDENTIFIER</tableName>
        <jdbcType>VARCHAR</jdbcType>
        <precision>50</precision>
      </column>
      <column>
        <label>START_DT</label>
        <tableName>IDENTIFIER</tableName>
        <jdbcType>TIMESTAMP</jdbcType>
      </column>
      <column>
        <label>END_DT</label>
        <tableName>IDENTIFIER</tableName>
        <jdbcType>TIMESTAMP</jdbcType>
      </column>
      <column>
        <label>EXPIRY_DT</label>
        <tableName>IDENTIFIER</tableName>
        <jdbcType>TIMESTAMP</jdbcType>
      </column>
      <column>
        <label>LAST_UPDATE_DT</label>
        <tableName>IDENTIFIER</tableName>
        <jdbcType>TIMESTAMP</jdbcType>
      </column>
      <column>
        <label>LAST_UPDATE_USER</label>
        <tableName>IDENTIFIER</tableName>
        <jdbcType>VARCHAR</jdbcType>
        <precision>20</precision>
      </column>
      <column>
        <label>LAST_UPDATE_TX_ID</label>
        <tableName>IDENTIFIER</tableName>
        <jdbcType>BIGINT</jdbcType>
        <precision>19</precision>
      </column>
      <column>
        <label>ASSIGNED_BY</label>
        <tableName>IDENTIFIER</tableName>
        <jdbcType>BIGINT</jdbcType>
        <precision>19</precision>
      </column>
      <column>
        <label>IDENTIFIER_DESC</label>
        <tableName>IDENTIFIER</tableName>
        <jdbcType>VARCHAR</jdbcType>
        <precision>255</precision>
      </column>
      <column>
        <label>ISSUE_LOCATION</label>
        <tableName>IDENTIFIER</tableName>
        <jdbcType>VARCHAR</jdbcType>
        <precision>30</precision>
      </column>
      <column>
        <label>LAST_USED_DT</label>
        <tableName>IDENTIFIER</tableName>
        <jdbcType>TIMESTAMP</jdbcType>
      </column>
      <column>
        <label>LAST_VERIFIED_DT</label>
        <tableName>IDENTIFIER</tableName>
        <jdbcType>TIMESTAMP</jdbcType>
      </column>
      <column>
        <label>SOURCE_IDENT_TP_CD</label>
        <tableName>IDENTIFIER</tableName>
        <jdbcType>BIGINT</jdbcType>
        <precision>19</precision>
      </column>
      <column>
        <label>XMODIFY_SYS_DT</label>
        <tableName>IDENTIFIER</tableName>
        <jdbcType>TIMESTAMP</jdbcType>
      </column>
      <column>
        <label>XRETAILER_ID</label>
        <tableName>IDENTIFIER</tableName>
        <jdbcType>BIGINT</jdbcType>
        <precision>19</precision>
      </column>
      <column>
        <label>XIDEN_RETAILER_FLAG</label>
        <tableName>IDENTIFIER</tableName>
        <jdbcType>VARCHAR</jdbcType>
        <precision>5</precision>
      </column>
      <column>
        <label>X_BPID</label>
        <tableName>IDENTIFIER</tableName>
        <jdbcType>VARCHAR</jdbcType>
        <precision>50</precision>
      </column>
    </columns>
  </statement>
  <statement method='com.ibm.daimler.dsea.entityObject.XIdentifierExtInquiryData#getPartyIdentifierImage(Object[])'>
    <parameters>
      <parameter>
        <parameterMode>parameterModeIn</parameterMode>
        <jdbcType>BIGINT</jdbcType>
        <precision>19</precision>
      </parameter>
      <parameter>
        <parameterMode>parameterModeIn</parameterMode>
        <jdbcType>TIMESTAMP</jdbcType>
      </parameter>
      <parameter>
        <parameterMode>parameterModeIn</parameterMode>
        <jdbcType>TIMESTAMP</jdbcType>
      </parameter>
    </parameters>
    <columns>
      <column>
        <label>HIST_ID_PK</label>
        <tableName>IDENTIFIER</tableName>
        <jdbcType>BIGINT</jdbcType>
        <precision>19</precision>
      </column>
      <column>
        <label>H_ACTION_CODE</label>
        <tableName>IDENTIFIER</tableName>
        <jdbcType>CHAR</jdbcType>
        <precision>1</precision>
      </column>
      <column>
        <label>H_CREATED_BY</label>
        <tableName>IDENTIFIER</tableName>
        <jdbcType>VARCHAR</jdbcType>
        <precision>20</precision>
      </column>
      <column>
        <label>H_CREATE_DT</label>
        <tableName>IDENTIFIER</tableName>
        <jdbcType>TIMESTAMP</jdbcType>
      </column>
      <column>
        <label>H_END_DT</label>
        <tableName>IDENTIFIER</tableName>
        <jdbcType>TIMESTAMP</jdbcType>
      </column>
      <column>
        <label>IDENTIFIER_ID</label>
        <tableName>IDENTIFIER</tableName>
        <jdbcType>BIGINT</jdbcType>
        <precision>19</precision>
      </column>
      <column>
        <label>ID_STATUS_TP_CD</label>
        <tableName>IDENTIFIER</tableName>
        <jdbcType>BIGINT</jdbcType>
        <precision>19</precision>
      </column>
      <column>
        <label>CONT_ID</label>
        <tableName>IDENTIFIER</tableName>
        <jdbcType>BIGINT</jdbcType>
        <precision>19</precision>
      </column>
      <column>
        <label>ID_TP_CD</label>
        <tableName>IDENTIFIER</tableName>
        <jdbcType>BIGINT</jdbcType>
        <precision>19</precision>
      </column>
      <column>
        <label>REF_NUM</label>
        <tableName>IDENTIFIER</tableName>
        <jdbcType>VARCHAR</jdbcType>
        <precision>50</precision>
      </column>
      <column>
        <label>START_DT</label>
        <tableName>IDENTIFIER</tableName>
        <jdbcType>TIMESTAMP</jdbcType>
      </column>
      <column>
        <label>END_DT</label>
        <tableName>IDENTIFIER</tableName>
        <jdbcType>TIMESTAMP</jdbcType>
      </column>
      <column>
        <label>EXPIRY_DT</label>
        <tableName>IDENTIFIER</tableName>
        <jdbcType>TIMESTAMP</jdbcType>
      </column>
      <column>
        <label>LAST_UPDATE_DT</label>
        <tableName>IDENTIFIER</tableName>
        <jdbcType>TIMESTAMP</jdbcType>
      </column>
      <column>
        <label>LAST_UPDATE_USER</label>
        <tableName>IDENTIFIER</tableName>
        <jdbcType>VARCHAR</jdbcType>
        <precision>20</precision>
      </column>
      <column>
        <label>LAST_UPDATE_TX_ID</label>
        <tableName>IDENTIFIER</tableName>
        <jdbcType>BIGINT</jdbcType>
        <precision>19</precision>
      </column>
      <column>
        <label>ASSIGNED_BY</label>
        <tableName>IDENTIFIER</tableName>
        <jdbcType>BIGINT</jdbcType>
        <precision>19</precision>
      </column>
      <column>
        <label>IDENTIFIER_DESC</label>
        <tableName>IDENTIFIER</tableName>
        <jdbcType>VARCHAR</jdbcType>
        <precision>255</precision>
      </column>
      <column>
        <label>ISSUE_LOCATION</label>
        <tableName>IDENTIFIER</tableName>
        <jdbcType>VARCHAR</jdbcType>
        <precision>30</precision>
      </column>
      <column>
        <label>LAST_USED_DT</label>
        <tableName>IDENTIFIER</tableName>
        <jdbcType>TIMESTAMP</jdbcType>
      </column>
      <column>
        <label>LAST_VERIFIED_DT</label>
        <tableName>IDENTIFIER</tableName>
        <jdbcType>TIMESTAMP</jdbcType>
      </column>
      <column>
        <label>SOURCE_IDENT_TP_CD</label>
        <tableName>IDENTIFIER</tableName>
        <jdbcType>BIGINT</jdbcType>
        <precision>19</precision>
      </column>
      <column>
        <label>XMODIFY_SYS_DT</label>
        <tableName>IDENTIFIER</tableName>
        <jdbcType>TIMESTAMP</jdbcType>
      </column>
      <column>
        <label>XRETAILER_ID</label>
        <tableName>IDENTIFIER</tableName>
        <jdbcType>BIGINT</jdbcType>
        <precision>19</precision>
      </column>
      <column>
        <label>XIDEN_RETAILER_FLAG</label>
        <tableName>IDENTIFIER</tableName>
        <jdbcType>VARCHAR</jdbcType>
        <precision>5</precision>
      </column>
      <column>
        <label>X_BPID</label>
        <tableName>IDENTIFIER</tableName>
        <jdbcType>VARCHAR</jdbcType>
        <precision>50</precision>
      </column>
    </columns>
  </statement>
  <statement method='com.ibm.daimler.dsea.entityObject.XIdentifierExtInquiryData#getPartyIdentificationLightImages(Object[])'>
    <parameters>
      <parameter>
        <parameterMode>parameterModeIn</parameterMode>
        <jdbcType>BIGINT</jdbcType>
        <precision>19</precision>
      </parameter>
      <parameter>
        <parameterMode>parameterModeIn</parameterMode>
        <jdbcType>TIMESTAMP</jdbcType>
      </parameter>
      <parameter>
        <parameterMode>parameterModeIn</parameterMode>
        <jdbcType>TIMESTAMP</jdbcType>
      </parameter>
    </parameters>
    <columns>
      <column>
        <label>IDENTIFIER_ID</label>
        <tableName>IDENTIFIER</tableName>
        <jdbcType>BIGINT</jdbcType>
        <precision>19</precision>
      </column>
      <column>
        <label>LAST_UPDATE_DT</label>
        <tableName>IDENTIFIER</tableName>
        <jdbcType>TIMESTAMP</jdbcType>
      </column>
      <column>
        <label>XMODIFY_SYS_DT</label>
        <tableName>IDENTIFIER</tableName>
        <jdbcType>TIMESTAMP</jdbcType>
      </column>
      <column>
        <label>XRETAILER_ID</label>
        <tableName>IDENTIFIER</tableName>
        <jdbcType>BIGINT</jdbcType>
        <precision>19</precision>
      </column>
      <column>
        <label>XIDEN_RETAILER_FLAG</label>
        <tableName>IDENTIFIER</tableName>
        <jdbcType>VARCHAR</jdbcType>
        <precision>5</precision>
      </column>
      <column>
        <label>X_BPID</label>
        <tableName>IDENTIFIER</tableName>
        <jdbcType>VARCHAR</jdbcType>
        <precision>50</precision>
      </column>
    </columns>
  </statement>
  <statement method='com.ibm.daimler.dsea.entityObject.XIdentifierExtInquiryData#getPartyIdentifiersByAssignedByHistory(Object[])'>
    <parameters>
      <parameter>
        <parameterMode>parameterModeIn</parameterMode>
        <jdbcType>BIGINT</jdbcType>
        <precision>19</precision>
      </parameter>
      <parameter>
        <parameterMode>parameterModeIn</parameterMode>
        <jdbcType>TIMESTAMP</jdbcType>
      </parameter>
      <parameter>
        <parameterMode>parameterModeIn</parameterMode>
        <jdbcType>TIMESTAMP</jdbcType>
      </parameter>
    </parameters>
    <columns>
      <column>
        <label>HIST_ID_PK</label>
        <tableName>IDENTIFIER</tableName>
        <jdbcType>BIGINT</jdbcType>
        <precision>19</precision>
      </column>
      <column>
        <label>H_ACTION_CODE</label>
        <tableName>IDENTIFIER</tableName>
        <jdbcType>CHAR</jdbcType>
        <precision>1</precision>
      </column>
      <column>
        <label>H_CREATED_BY</label>
        <tableName>IDENTIFIER</tableName>
        <jdbcType>VARCHAR</jdbcType>
        <precision>20</precision>
      </column>
      <column>
        <label>H_CREATE_DT</label>
        <tableName>IDENTIFIER</tableName>
        <jdbcType>TIMESTAMP</jdbcType>
      </column>
      <column>
        <label>H_END_DT</label>
        <tableName>IDENTIFIER</tableName>
        <jdbcType>TIMESTAMP</jdbcType>
      </column>
      <column>
        <label>IDENTIFIER_ID</label>
        <tableName>IDENTIFIER</tableName>
        <jdbcType>BIGINT</jdbcType>
        <precision>19</precision>
      </column>
      <column>
        <label>ID_STATUS_TP_CD</label>
        <tableName>IDENTIFIER</tableName>
        <jdbcType>BIGINT</jdbcType>
        <precision>19</precision>
      </column>
      <column>
        <label>CONT_ID</label>
        <tableName>IDENTIFIER</tableName>
        <jdbcType>BIGINT</jdbcType>
        <precision>19</precision>
      </column>
      <column>
        <label>ID_TP_CD</label>
        <tableName>IDENTIFIER</tableName>
        <jdbcType>BIGINT</jdbcType>
        <precision>19</precision>
      </column>
      <column>
        <label>REF_NUM</label>
        <tableName>IDENTIFIER</tableName>
        <jdbcType>VARCHAR</jdbcType>
        <precision>50</precision>
      </column>
      <column>
        <label>START_DT</label>
        <tableName>IDENTIFIER</tableName>
        <jdbcType>TIMESTAMP</jdbcType>
      </column>
      <column>
        <label>END_DT</label>
        <tableName>IDENTIFIER</tableName>
        <jdbcType>TIMESTAMP</jdbcType>
      </column>
      <column>
        <label>EXPIRY_DT</label>
        <tableName>IDENTIFIER</tableName>
        <jdbcType>TIMESTAMP</jdbcType>
      </column>
      <column>
        <label>LAST_UPDATE_DT</label>
        <tableName>IDENTIFIER</tableName>
        <jdbcType>TIMESTAMP</jdbcType>
      </column>
      <column>
        <label>LAST_UPDATE_USER</label>
        <tableName>IDENTIFIER</tableName>
        <jdbcType>VARCHAR</jdbcType>
        <precision>20</precision>
      </column>
      <column>
        <label>LAST_UPDATE_TX_ID</label>
        <tableName>IDENTIFIER</tableName>
        <jdbcType>BIGINT</jdbcType>
        <precision>19</precision>
      </column>
      <column>
        <label>ASSIGNED_BY</label>
        <tableName>IDENTIFIER</tableName>
        <jdbcType>BIGINT</jdbcType>
        <precision>19</precision>
      </column>
      <column>
        <label>IDENTIFIER_DESC</label>
        <tableName>IDENTIFIER</tableName>
        <jdbcType>VARCHAR</jdbcType>
        <precision>255</precision>
      </column>
      <column>
        <label>ISSUE_LOCATION</label>
        <tableName>IDENTIFIER</tableName>
        <jdbcType>VARCHAR</jdbcType>
        <precision>30</precision>
      </column>
      <column>
        <label>XMODIFY_SYS_DT</label>
        <tableName>IDENTIFIER</tableName>
        <jdbcType>TIMESTAMP</jdbcType>
      </column>
      <column>
        <label>XRETAILER_ID</label>
        <tableName>IDENTIFIER</tableName>
        <jdbcType>BIGINT</jdbcType>
        <precision>19</precision>
      </column>
      <column>
        <label>XIDEN_RETAILER_FLAG</label>
        <tableName>IDENTIFIER</tableName>
        <jdbcType>VARCHAR</jdbcType>
        <precision>5</precision>
      </column>
      <column>
        <label>X_BPID</label>
        <tableName>IDENTIFIER</tableName>
        <jdbcType>VARCHAR</jdbcType>
        <precision>50</precision>
      </column>
    </columns>
  </statement>
  <statement method='com.ibm.daimler.dsea.entityObject.XIdentifierExtInquiryData#getPartyIdentifiersByAssignedByActive(Object[])'>
    <parameters>
      <parameter>
        <parameterMode>parameterModeIn</parameterMode>
        <jdbcType>BIGINT</jdbcType>
        <precision>19</precision>
      </parameter>
      <parameter>
        <parameterMode>parameterModeIn</parameterMode>
        <jdbcType>TIMESTAMP</jdbcType>
      </parameter>
    </parameters>
    <columns>
      <column>
        <label>IDENTIFIER_ID</label>
        <tableName>IDENTIFIER</tableName>
        <jdbcType>BIGINT</jdbcType>
        <precision>19</precision>
      </column>
      <column>
        <label>ID_STATUS_TP_CD</label>
        <tableName>IDENTIFIER</tableName>
        <jdbcType>BIGINT</jdbcType>
        <precision>19</precision>
      </column>
      <column>
        <label>CONT_ID</label>
        <tableName>IDENTIFIER</tableName>
        <jdbcType>BIGINT</jdbcType>
        <precision>19</precision>
      </column>
      <column>
        <label>ID_TP_CD</label>
        <tableName>IDENTIFIER</tableName>
        <jdbcType>BIGINT</jdbcType>
        <precision>19</precision>
      </column>
      <column>
        <label>REF_NUM</label>
        <tableName>IDENTIFIER</tableName>
        <jdbcType>VARCHAR</jdbcType>
        <precision>50</precision>
      </column>
      <column>
        <label>START_DT</label>
        <tableName>IDENTIFIER</tableName>
        <jdbcType>TIMESTAMP</jdbcType>
      </column>
      <column>
        <label>END_DT</label>
        <tableName>IDENTIFIER</tableName>
        <jdbcType>TIMESTAMP</jdbcType>
      </column>
      <column>
        <label>EXPIRY_DT</label>
        <tableName>IDENTIFIER</tableName>
        <jdbcType>TIMESTAMP</jdbcType>
      </column>
      <column>
        <label>LAST_UPDATE_DT</label>
        <tableName>IDENTIFIER</tableName>
        <jdbcType>TIMESTAMP</jdbcType>
      </column>
      <column>
        <label>LAST_UPDATE_USER</label>
        <tableName>IDENTIFIER</tableName>
        <jdbcType>VARCHAR</jdbcType>
        <precision>20</precision>
      </column>
      <column>
        <label>LAST_UPDATE_TX_ID</label>
        <tableName>IDENTIFIER</tableName>
        <jdbcType>BIGINT</jdbcType>
        <precision>19</precision>
      </column>
      <column>
        <label>ASSIGNED_BY</label>
        <tableName>IDENTIFIER</tableName>
        <jdbcType>BIGINT</jdbcType>
        <precision>19</precision>
      </column>
      <column>
        <label>IDENTIFIER_DESC</label>
        <tableName>IDENTIFIER</tableName>
        <jdbcType>VARCHAR</jdbcType>
        <precision>255</precision>
      </column>
      <column>
        <label>ISSUE_LOCATION</label>
        <tableName>IDENTIFIER</tableName>
        <jdbcType>VARCHAR</jdbcType>
        <precision>30</precision>
      </column>
      <column>
        <label>XMODIFY_SYS_DT</label>
        <tableName>IDENTIFIER</tableName>
        <jdbcType>TIMESTAMP</jdbcType>
      </column>
      <column>
        <label>XRETAILER_ID</label>
        <tableName>IDENTIFIER</tableName>
        <jdbcType>BIGINT</jdbcType>
        <precision>19</precision>
      </column>
      <column>
        <label>XIDEN_RETAILER_FLAG</label>
        <tableName>IDENTIFIER</tableName>
        <jdbcType>VARCHAR</jdbcType>
        <precision>5</precision>
      </column>
      <column>
        <label>X_BPID</label>
        <tableName>IDENTIFIER</tableName>
        <jdbcType>VARCHAR</jdbcType>
        <precision>50</precision>
      </column>
    </columns>
  </statement>
  <statement method='com.ibm.daimler.dsea.entityObject.XIdentifierExtInquiryData#getPartyIdentifiersByAssignedByInactive(Object[])'>
    <parameters>
      <parameter>
        <parameterMode>parameterModeIn</parameterMode>
        <jdbcType>BIGINT</jdbcType>
        <precision>19</precision>
      </parameter>
      <parameter>
        <parameterMode>parameterModeIn</parameterMode>
        <jdbcType>TIMESTAMP</jdbcType>
      </parameter>
    </parameters>
    <columns>
      <column>
        <label>IDENTIFIER_ID</label>
        <tableName>IDENTIFIER</tableName>
        <jdbcType>BIGINT</jdbcType>
        <precision>19</precision>
      </column>
      <column>
        <label>ID_STATUS_TP_CD</label>
        <tableName>IDENTIFIER</tableName>
        <jdbcType>BIGINT</jdbcType>
        <precision>19</precision>
      </column>
      <column>
        <label>CONT_ID</label>
        <tableName>IDENTIFIER</tableName>
        <jdbcType>BIGINT</jdbcType>
        <precision>19</precision>
      </column>
      <column>
        <label>ID_TP_CD</label>
        <tableName>IDENTIFIER</tableName>
        <jdbcType>BIGINT</jdbcType>
        <precision>19</precision>
      </column>
      <column>
        <label>REF_NUM</label>
        <tableName>IDENTIFIER</tableName>
        <jdbcType>VARCHAR</jdbcType>
        <precision>50</precision>
      </column>
      <column>
        <label>START_DT</label>
        <tableName>IDENTIFIER</tableName>
        <jdbcType>TIMESTAMP</jdbcType>
      </column>
      <column>
        <label>END_DT</label>
        <tableName>IDENTIFIER</tableName>
        <jdbcType>TIMESTAMP</jdbcType>
      </column>
      <column>
        <label>EXPIRY_DT</label>
        <tableName>IDENTIFIER</tableName>
        <jdbcType>TIMESTAMP</jdbcType>
      </column>
      <column>
        <label>LAST_UPDATE_DT</label>
        <tableName>IDENTIFIER</tableName>
        <jdbcType>TIMESTAMP</jdbcType>
      </column>
      <column>
        <label>LAST_UPDATE_USER</label>
        <tableName>IDENTIFIER</tableName>
        <jdbcType>VARCHAR</jdbcType>
        <precision>20</precision>
      </column>
      <column>
        <label>LAST_UPDATE_TX_ID</label>
        <tableName>IDENTIFIER</tableName>
        <jdbcType>BIGINT</jdbcType>
        <precision>19</precision>
      </column>
      <column>
        <label>ASSIGNED_BY</label>
        <tableName>IDENTIFIER</tableName>
        <jdbcType>BIGINT</jdbcType>
        <precision>19</precision>
      </column>
      <column>
        <label>IDENTIFIER_DESC</label>
        <tableName>IDENTIFIER</tableName>
        <jdbcType>VARCHAR</jdbcType>
        <precision>255</precision>
      </column>
      <column>
        <label>ISSUE_LOCATION</label>
        <tableName>IDENTIFIER</tableName>
        <jdbcType>VARCHAR</jdbcType>
        <precision>30</precision>
      </column>
      <column>
        <label>XMODIFY_SYS_DT</label>
        <tableName>IDENTIFIER</tableName>
        <jdbcType>TIMESTAMP</jdbcType>
      </column>
      <column>
        <label>XRETAILER_ID</label>
        <tableName>IDENTIFIER</tableName>
        <jdbcType>BIGINT</jdbcType>
        <precision>19</precision>
      </column>
      <column>
        <label>XIDEN_RETAILER_FLAG</label>
        <tableName>IDENTIFIER</tableName>
        <jdbcType>VARCHAR</jdbcType>
        <precision>5</precision>
      </column>
      <column>
        <label>X_BPID</label>
        <tableName>IDENTIFIER</tableName>
        <jdbcType>VARCHAR</jdbcType>
        <precision>50</precision>
      </column>
    </columns>
  </statement>
  <statement method='com.ibm.daimler.dsea.entityObject.XIdentifierExtInquiryData#getPartyIdentifiersByAssignedByAll(Object[])'>
    <parameters>
      <parameter>
        <parameterMode>parameterModeIn</parameterMode>
        <jdbcType>BIGINT</jdbcType>
        <precision>19</precision>
      </parameter>
    </parameters>
    <columns>
      <column>
        <label>IDENTIFIER_ID</label>
        <tableName>IDENTIFIER</tableName>
        <jdbcType>BIGINT</jdbcType>
        <precision>19</precision>
      </column>
      <column>
        <label>ID_STATUS_TP_CD</label>
        <tableName>IDENTIFIER</tableName>
        <jdbcType>BIGINT</jdbcType>
        <precision>19</precision>
      </column>
      <column>
        <label>CONT_ID</label>
        <tableName>IDENTIFIER</tableName>
        <jdbcType>BIGINT</jdbcType>
        <precision>19</precision>
      </column>
      <column>
        <label>ID_TP_CD</label>
        <tableName>IDENTIFIER</tableName>
        <jdbcType>BIGINT</jdbcType>
        <precision>19</precision>
      </column>
      <column>
        <label>REF_NUM</label>
        <tableName>IDENTIFIER</tableName>
        <jdbcType>VARCHAR</jdbcType>
        <precision>50</precision>
      </column>
      <column>
        <label>START_DT</label>
        <tableName>IDENTIFIER</tableName>
        <jdbcType>TIMESTAMP</jdbcType>
      </column>
      <column>
        <label>END_DT</label>
        <tableName>IDENTIFIER</tableName>
        <jdbcType>TIMESTAMP</jdbcType>
      </column>
      <column>
        <label>EXPIRY_DT</label>
        <tableName>IDENTIFIER</tableName>
        <jdbcType>TIMESTAMP</jdbcType>
      </column>
      <column>
        <label>LAST_UPDATE_DT</label>
        <tableName>IDENTIFIER</tableName>
        <jdbcType>TIMESTAMP</jdbcType>
      </column>
      <column>
        <label>LAST_UPDATE_USER</label>
        <tableName>IDENTIFIER</tableName>
        <jdbcType>VARCHAR</jdbcType>
        <precision>20</precision>
      </column>
      <column>
        <label>LAST_UPDATE_TX_ID</label>
        <tableName>IDENTIFIER</tableName>
        <jdbcType>BIGINT</jdbcType>
        <precision>19</precision>
      </column>
      <column>
        <label>ASSIGNED_BY</label>
        <tableName>IDENTIFIER</tableName>
        <jdbcType>BIGINT</jdbcType>
        <precision>19</precision>
      </column>
      <column>
        <label>IDENTIFIER_DESC</label>
        <tableName>IDENTIFIER</tableName>
        <jdbcType>VARCHAR</jdbcType>
        <precision>255</precision>
      </column>
      <column>
        <label>ISSUE_LOCATION</label>
        <tableName>IDENTIFIER</tableName>
        <jdbcType>VARCHAR</jdbcType>
        <precision>30</precision>
      </column>
      <column>
        <label>LAST_USED_DT</label>
        <tableName>IDENTIFIER</tableName>
        <jdbcType>TIMESTAMP</jdbcType>
      </column>
      <column>
        <label>LAST_VERIFIED_DT</label>
        <tableName>IDENTIFIER</tableName>
        <jdbcType>TIMESTAMP</jdbcType>
      </column>
      <column>
        <label>SOURCE_IDENT_TP_CD</label>
        <tableName>IDENTIFIER</tableName>
        <jdbcType>BIGINT</jdbcType>
        <precision>19</precision>
      </column>
      <column>
        <label>XMODIFY_SYS_DT</label>
        <tableName>IDENTIFIER</tableName>
        <jdbcType>TIMESTAMP</jdbcType>
      </column>
      <column>
        <label>XRETAILER_ID</label>
        <tableName>IDENTIFIER</tableName>
        <jdbcType>BIGINT</jdbcType>
        <precision>19</precision>
      </column>
      <column>
        <label>XIDEN_RETAILER_FLAG</label>
        <tableName>IDENTIFIER</tableName>
        <jdbcType>VARCHAR</jdbcType>
        <precision>5</precision>
      </column>
      <column>
        <label>X_BPID</label>
        <tableName>IDENTIFIER</tableName>
        <jdbcType>VARCHAR</jdbcType>
        <precision>50</precision>
      </column>
    </columns>
  </statement>
  <statement method='com.ibm.daimler.dsea.entityObject.XIdentifierExtInquiryData#getPartyIdentifierMacroRole(Object[])'>
    <parameters>
      <parameter>
        <parameterMode>parameterModeIn</parameterMode>
        <jdbcType>BIGINT</jdbcType>
        <precision>19</precision>
      </parameter>
      <parameter>
        <parameterMode>parameterModeIn</parameterMode>
        <jdbcType>BIGINT</jdbcType>
        <precision>19</precision>
      </parameter>
      <parameter>
        <parameterMode>parameterModeIn</parameterMode>
        <jdbcType>BIGINT</jdbcType>
        <precision>19</precision>
      </parameter>
      <parameter>
        <parameterMode>parameterModeIn</parameterMode>
        <jdbcType>TIMESTAMP</jdbcType>
      </parameter>
    </parameters>
    <columns>
      <column>
        <label>IDENTIFIER_ID</label>
        <tableName>IDENTIFIER</tableName>
        <jdbcType>BIGINT</jdbcType>
        <precision>19</precision>
      </column>
      <column>
        <label>ID_STATUS_TP_CD</label>
        <tableName>IDENTIFIER</tableName>
        <jdbcType>BIGINT</jdbcType>
        <precision>19</precision>
      </column>
      <column>
        <label>CONT_ID</label>
        <tableName>IDENTIFIER</tableName>
        <jdbcType>BIGINT</jdbcType>
        <precision>19</precision>
      </column>
      <column>
        <label>ID_TP_CD</label>
        <tableName>IDENTIFIER</tableName>
        <jdbcType>BIGINT</jdbcType>
        <precision>19</precision>
      </column>
      <column>
        <label>REF_NUM</label>
        <tableName>IDENTIFIER</tableName>
        <jdbcType>VARCHAR</jdbcType>
        <precision>50</precision>
      </column>
      <column>
        <label>START_DT</label>
        <tableName>IDENTIFIER</tableName>
        <jdbcType>TIMESTAMP</jdbcType>
      </column>
      <column>
        <label>END_DT</label>
        <tableName>IDENTIFIER</tableName>
        <jdbcType>TIMESTAMP</jdbcType>
      </column>
      <column>
        <label>EXPIRY_DT</label>
        <tableName>IDENTIFIER</tableName>
        <jdbcType>TIMESTAMP</jdbcType>
      </column>
      <column>
        <label>LAST_UPDATE_DT</label>
        <tableName>IDENTIFIER</tableName>
        <jdbcType>TIMESTAMP</jdbcType>
      </column>
      <column>
        <label>LAST_UPDATE_USER</label>
        <tableName>IDENTIFIER</tableName>
        <jdbcType>VARCHAR</jdbcType>
        <precision>20</precision>
      </column>
      <column>
        <label>LAST_UPDATE_TX_ID</label>
        <tableName>IDENTIFIER</tableName>
        <jdbcType>BIGINT</jdbcType>
        <precision>19</precision>
      </column>
      <column>
        <label>ASSIGNED_BY</label>
        <tableName>IDENTIFIER</tableName>
        <jdbcType>BIGINT</jdbcType>
        <precision>19</precision>
      </column>
      <column>
        <label>IDENTIFIER_DESC</label>
        <tableName>IDENTIFIER</tableName>
        <jdbcType>VARCHAR</jdbcType>
        <precision>255</precision>
      </column>
      <column>
        <label>ISSUE_LOCATION</label>
        <tableName>IDENTIFIER</tableName>
        <jdbcType>VARCHAR</jdbcType>
        <precision>30</precision>
      </column>
      <column>
        <label>LAST_USED_DT</label>
        <tableName>IDENTIFIER</tableName>
        <jdbcType>TIMESTAMP</jdbcType>
      </column>
      <column>
        <label>LAST_VERIFIED_DT</label>
        <tableName>IDENTIFIER</tableName>
        <jdbcType>TIMESTAMP</jdbcType>
      </column>
      <column>
        <label>SOURCE_IDENT_TP_CD</label>
        <tableName>IDENTIFIER</tableName>
        <jdbcType>BIGINT</jdbcType>
        <precision>19</precision>
      </column>
      <column>
        <label>XMODIFY_SYS_DT</label>
        <tableName>IDENTIFIER</tableName>
        <jdbcType>TIMESTAMP</jdbcType>
      </column>
      <column>
        <label>XRETAILER_ID</label>
        <tableName>IDENTIFIER</tableName>
        <jdbcType>BIGINT</jdbcType>
        <precision>19</precision>
      </column>
      <column>
        <label>XIDEN_RETAILER_FLAG</label>
        <tableName>IDENTIFIER</tableName>
        <jdbcType>VARCHAR</jdbcType>
        <precision>5</precision>
      </column>
      <column>
        <label>X_BPID</label>
        <tableName>IDENTIFIER</tableName>
        <jdbcType>VARCHAR</jdbcType>
        <precision>50</precision>
      </column>
    </columns>
  </statement>
</metadata>
