<?xml version='1.0' encoding='utf-8'?>
<!DOCTYPE metadata>
<metadata>
  <statement method='com.ibm.daimler.dsea.entityObject.XOrgExtInquiryData#getOrganizationHistory(Object[])'>
    <parameters>
      <parameter>
        <parameterMode>parameterModeIn</parameterMode>
        <jdbcType>BIGINT</jdbcType>
        <precision>19</precision>
      </parameter>
      <parameter>
        <parameterMode>parameterModeIn</parameterMode>
        <jdbcType>TIMESTAMP</jdbcType>
      </parameter>
      <parameter>
        <parameterMode>parameterModeIn</parameterMode>
        <jdbcType>TIMESTAMP</jdbcType>
      </parameter>
      <parameter>
        <parameterMode>parameterModeIn</parameterMode>
        <jdbcType>TIMESTAMP</jdbcType>
      </parameter>
      <parameter>
        <parameterMode>parameterModeIn</parameterMode>
        <jdbcType>TIMESTAMP</jdbcType>
      </parameter>
    </parameters>
    <columns>
      <column>
        <label>H_CONT_ID_ORG</label>
        <tableName>ORG</tableName>
        <jdbcType>BIGINT</jdbcType>
        <precision>19</precision>
      </column>
      <column>
        <label>H_ACTION_CODE</label>
        <tableName>ORG</tableName>
        <jdbcType>CHAR</jdbcType>
        <precision>1</precision>
      </column>
      <column>
        <label>H_CREATED_BY</label>
        <tableName>ORG</tableName>
        <jdbcType>VARCHAR</jdbcType>
        <precision>20</precision>
      </column>
      <column>
        <label>H_CREATE_DT</label>
        <tableName>ORG</tableName>
        <jdbcType>TIMESTAMP</jdbcType>
      </column>
      <column>
        <label>H_END_DT</label>
        <tableName>ORG</tableName>
        <jdbcType>TIMESTAMP</jdbcType>
      </column>
      <column>
        <label>CONT_ID</label>
        <tableName>ORG</tableName>
        <jdbcType>BIGINT</jdbcType>
        <precision>19</precision>
      </column>
      <column>
        <label>ORG_TP_CD</label>
        <tableName>ORG</tableName>
        <jdbcType>BIGINT</jdbcType>
        <precision>19</precision>
      </column>
      <column>
        <label>INDUSTRY_TP_CD</label>
        <tableName>ORG</tableName>
        <jdbcType>BIGINT</jdbcType>
        <precision>19</precision>
      </column>
      <column>
        <label>ESTABLISHED_DT</label>
        <tableName>ORG</tableName>
        <jdbcType>TIMESTAMP</jdbcType>
      </column>
      <column>
        <label>BUY_SELL_AGR_TP_CD</label>
        <tableName>ORG</tableName>
        <jdbcType>BIGINT</jdbcType>
        <precision>19</precision>
      </column>
      <column>
        <label>PROFIT_IND</label>
        <tableName>ORG</tableName>
        <jdbcType>CHAR</jdbcType>
        <precision>1</precision>
      </column>
      <column>
        <label>LAST_UPDATE_DT</label>
        <tableName>ORG</tableName>
        <jdbcType>TIMESTAMP</jdbcType>
      </column>
      <column>
        <label>LAST_UPDATE_USER</label>
        <tableName>ORG</tableName>
        <jdbcType>VARCHAR</jdbcType>
        <precision>20</precision>
      </column>
      <column>
        <label>LAST_UPDATE_TX_ID</label>
        <tableName>ORG</tableName>
        <jdbcType>BIGINT</jdbcType>
        <precision>19</precision>
      </column>
      <column>
        <label>H_CONT_ID</label>
        <tableName>CONTACT</tableName>
        <jdbcType>BIGINT</jdbcType>
        <precision>19</precision>
      </column>
      <column>
        <label>H_ACTION_CODE</label>
        <tableName>CONTACT</tableName>
        <jdbcType>CHAR</jdbcType>
        <precision>1</precision>
      </column>
      <column>
        <label>H_CREATED_BY</label>
        <tableName>CONTACT</tableName>
        <jdbcType>VARCHAR</jdbcType>
        <precision>20</precision>
      </column>
      <column>
        <label>H_CREATE_DT</label>
        <tableName>CONTACT</tableName>
        <jdbcType>TIMESTAMP</jdbcType>
      </column>
      <column>
        <label>H_END_DT</label>
        <tableName>CONTACT</tableName>
        <jdbcType>TIMESTAMP</jdbcType>
      </column>
      <column>
        <label>CONT_ID</label>
        <tableName>CONTACT</tableName>
        <jdbcType>BIGINT</jdbcType>
        <precision>19</precision>
      </column>
      <column>
        <label>ACCE_COMP_TP_CD</label>
        <tableName>CONTACT</tableName>
        <jdbcType>BIGINT</jdbcType>
        <precision>19</precision>
      </column>
      <column>
        <label>PREF_LANG_TP_CD</label>
        <tableName>CONTACT</tableName>
        <jdbcType>BIGINT</jdbcType>
        <precision>19</precision>
      </column>
      <column>
        <label>CREATED_DT</label>
        <tableName>CONTACT</tableName>
        <jdbcType>TIMESTAMP</jdbcType>
      </column>
      <column>
        <label>SINCE_DT</label>
        <tableName>CONTACT</tableName>
        <jdbcType>TIMESTAMP</jdbcType>
      </column>
      <column>
        <label>LEFT_DT</label>
        <tableName>CONTACT</tableName>
        <jdbcType>TIMESTAMP</jdbcType>
      </column>
      <column>
        <label>INACTIVATED_DT</label>
        <tableName>CONTACT</tableName>
        <jdbcType>TIMESTAMP</jdbcType>
      </column>
      <column>
        <label>CONTACT_NAME</label>
        <tableName>CONTACT</tableName>
        <jdbcType>VARCHAR</jdbcType>
        <precision>255</precision>
      </column>
      <column>
        <label>PERSON_ORG_CODE</label>
        <tableName>CONTACT</tableName>
        <jdbcType>CHAR</jdbcType>
        <precision>1</precision>
      </column>
      <column>
        <label>SOLICIT_IND</label>
        <tableName>CONTACT</tableName>
        <jdbcType>CHAR</jdbcType>
        <precision>1</precision>
      </column>
      <column>
        <label>CONFIDENTIAL_IND</label>
        <tableName>CONTACT</tableName>
        <jdbcType>CHAR</jdbcType>
        <precision>1</precision>
      </column>
      <column>
        <label>CLIENT_IMP_TP_CD</label>
        <tableName>CONTACT</tableName>
        <jdbcType>BIGINT</jdbcType>
        <precision>19</precision>
      </column>
      <column>
        <label>CLIENT_ST_TP_CD</label>
        <tableName>CONTACT</tableName>
        <jdbcType>BIGINT</jdbcType>
        <precision>19</precision>
      </column>
      <column>
        <label>CLIENT_POTEN_TP_CD</label>
        <tableName>CONTACT</tableName>
        <jdbcType>BIGINT</jdbcType>
        <precision>19</precision>
      </column>
      <column>
        <label>RPTING_FREQ_TP_CD</label>
        <tableName>CONTACT</tableName>
        <jdbcType>BIGINT</jdbcType>
        <precision>19</precision>
      </column>
      <column>
        <label>LAST_STATEMENT_DT</label>
        <tableName>CONTACT</tableName>
        <jdbcType>TIMESTAMP</jdbcType>
      </column>
      <column>
        <label>PROVIDED_BY_CONT</label>
        <tableName>CONTACT</tableName>
        <jdbcType>BIGINT</jdbcType>
        <precision>19</precision>
      </column>
      <column>
        <label>LAST_UPDATE_DT</label>
        <tableName>CONTACT</tableName>
        <jdbcType>TIMESTAMP</jdbcType>
      </column>
      <column>
        <label>LAST_UPDATE_USER</label>
        <tableName>CONTACT</tableName>
        <jdbcType>VARCHAR</jdbcType>
        <precision>20</precision>
      </column>
      <column>
        <label>LAST_UPDATE_TX_ID</label>
        <tableName>CONTACT</tableName>
        <jdbcType>BIGINT</jdbcType>
        <precision>19</precision>
      </column>
      <column>
        <label>LAST_USED_DT</label>
        <tableName>CONTACT</tableName>
        <jdbcType>TIMESTAMP</jdbcType>
      </column>
      <column>
        <label>LAST_VERIFIED_DT</label>
        <tableName>CONTACT</tableName>
        <jdbcType>TIMESTAMP</jdbcType>
      </column>
      <column>
        <label>SOURCE_IDENT_TP_CD</label>
        <tableName>CONTACT</tableName>
        <jdbcType>BIGINT</jdbcType>
        <precision>19</precision>
      </column>
      <column>
        <label>DO_NOT_DELETE_IND</label>
        <tableName>CONTACT</tableName>
        <jdbcType>CHAR</jdbcType>
        <precision>1</precision>
      </column>
      <column>
        <label>ALERT_IND</label>
        <tableName>CONTACT</tableName>
        <jdbcType>CHAR</jdbcType>
        <precision>1</precision>
      </column>
      <column>
        <label>ACCESS_TOKEN_VALUE</label>
        <tableName>CONTACT</tableName>
        <jdbcType>VARCHAR</jdbcType>
        <precision>50</precision>
      </column>
      <column>
        <label>PENDING_CDC_IND</label>
        <tableName>CONTACT</tableName>
        <jdbcType>CHAR</jdbcType>
        <precision>1</precision>
      </column>
      <column>
        <label>ENTITYLINK_ST_TP_CD</label>
        <tableName>CONTACT</tableName>
        <jdbcType>BIGINT</jdbcType>
        <precision>19</precision>
      </column>
      <column>
        <label>ENTITY_ID</label>
        <tableName>CONTACT</tableName>
        <jdbcType>BIGINT</jdbcType>
        <precision>19</precision>
      </column>
      <column>
        <label>ENTITY_TYPE</label>
        <tableName>CONTACT</tableName>
        <jdbcType>VARCHAR</jdbcType>
        <precision>25</precision>
      </column>
      <column>
        <label>ENTITY_STATUS_TP_CD</label>
        <tableName>CONTACT</tableName>
        <jdbcType>BIGINT</jdbcType>
        <precision>19</precision>
      </column>
      <column>
        <label>XDEFUNCT_IND</label>
        <tableName>ORG</tableName>
        <jdbcType>VARCHAR</jdbcType>
        <precision>5</precision>
      </column>
      <column>
        <label>XWEBSITE</label>
        <tableName>ORG</tableName>
        <jdbcType>VARCHAR</jdbcType>
        <precision>255</precision>
      </column>
      <column>
        <label>XMARKET_NAME</label>
        <tableName>ORG</tableName>
        <jdbcType>VARCHAR</jdbcType>
        <precision>50</precision>
      </column>
      <column>
        <label>XBATCH_IND</label>
        <tableName>ORG</tableName>
        <jdbcType>VARCHAR</jdbcType>
        <precision>5</precision>
      </column>
      <column>
        <label>XNUMOFEMP_TP_CD</label>
        <tableName>ORG</tableName>
        <jdbcType>BIGINT</jdbcType>
        <precision>19</precision>
      </column>
      <column>
        <label>XMODIFY_SYS_DT</label>
        <tableName>ORG</tableName>
        <jdbcType>TIMESTAMP</jdbcType>
      </column>
      <column>
        <label>XSOURCE_TYPE_FLAG</label>
        <tableName>ORG</tableName>
        <jdbcType>VARCHAR</jdbcType>
        <precision>50</precision>
      </column>
      <column>
        <label>XGENERATED_BY</label>
        <tableName>ORG</tableName>
        <jdbcType>VARCHAR</jdbcType>
        <precision>50</precision>
      </column>
      <column>
        <label>XCORP_CAT_TP_CD</label>
        <tableName>ORG</tableName>
        <jdbcType>BIGINT</jdbcType>
        <precision>19</precision>
      </column>
      <column>
        <label>XCORP_GROUP_TP_CD</label>
        <tableName>ORG</tableName>
        <jdbcType>BIGINT</jdbcType>
        <precision>19</precision>
      </column>
      <column>
        <label>XPERSONAL_AGREEMENT</label>
        <tableName>ORG</tableName>
        <jdbcType>VARCHAR</jdbcType>
        <precision>20</precision>
      </column>
      <column>
        <label>XDo_Not_Merge_Flag</label>
        <tableName>ORG</tableName>
        <jdbcType>VARCHAR</jdbcType>
        <precision>5</precision>
      </column>
      <column>
        <label>DELETE_FLAG</label>
        <tableName>ORG</tableName>
        <jdbcType>VARCHAR</jdbcType>
        <precision>10</precision>
      </column>
      <column>
        <label>INFO_REMOVE_FLAG</label>
        <tableName>ORG</tableName>
        <jdbcType>VARCHAR</jdbcType>
        <precision>10</precision>
      </column>
      <column>
        <label>DEDUP_HIDDEN_FLAG</label>
        <tableName>ORG</tableName>
        <jdbcType>VARCHAR</jdbcType>
        <precision>10</precision>
      </column>
      <column>
        <label>PREF_COMMUNICATION_CHANNEL</label>
        <tableName>ORG</tableName>
        <jdbcType>VARCHAR</jdbcType>
        <precision>255</precision>
      </column>
      <column>
        <label>YANASE_FLAG</label>
        <tableName>ORG</tableName>
        <jdbcType>VARCHAR</jdbcType>
        <precision>10</precision>
      </column>
      <column>
        <label>FINANCE_PARTY_TYPE</label>
        <tableName>ORG</tableName>
        <jdbcType>VARCHAR</jdbcType>
        <precision>10</precision>
      </column>
      <column>
        <label>CONTRACT_NUMBER</label>
        <tableName>ORG</tableName>
        <jdbcType>VARCHAR</jdbcType>
        <precision>250</precision>
      </column>
      <column>
        <label>XPrivacy_Act</label>
        <tableName>ORG</tableName>
        <jdbcType>VARCHAR</jdbcType>
        <precision>250</precision>
      </column>
      <column>
        <label>XFleet</label>
        <tableName>ORG</tableName>
        <jdbcType>VARCHAR</jdbcType>
        <precision>5</precision>
      </column>
      <column>
        <label>XPC_Ind</label>
        <tableName>ORG</tableName>
        <jdbcType>VARCHAR</jdbcType>
        <precision>10</precision>
      </column>
      <column>
        <label>XVANS_Ind</label>
        <tableName>ORG</tableName>
        <jdbcType>VARCHAR</jdbcType>
        <precision>10</precision>
      </column>
      <column>
        <label>Last_Activity_Date</label>
        <tableName>ORG</tableName>
        <jdbcType>TIMESTAMP</jdbcType>
      </column>
      <column>
        <label>X_CUST_TYPE</label>
        <tableName>ORG</tableName>
        <jdbcType>VARCHAR</jdbcType>
        <precision>10</precision>
      </column>
    </columns>
  </statement>
  <statement method='com.ibm.daimler.dsea.entityObject.XOrgExtInquiryData#getOrganizationIndicators(Object[])'>
    <parameters>
      <parameter>
        <parameterMode>parameterModeIn</parameterMode>
        <jdbcType>BIGINT</jdbcType>
        <precision>19</precision>
      </parameter>
    </parameters>
    <columns>
      <column>
        <label>CONT_ID</label>
        <tableName>ORG</tableName>
        <jdbcType>BIGINT</jdbcType>
        <precision>19</precision>
      </column>
      <column>
        <label>ORG_TP_CD</label>
        <tableName>ORG</tableName>
        <jdbcType>BIGINT</jdbcType>
        <precision>19</precision>
      </column>
      <column>
        <label>INDUSTRY_TP_CD</label>
        <tableName>ORG</tableName>
        <jdbcType>BIGINT</jdbcType>
        <precision>19</precision>
      </column>
      <column>
        <label>ESTABLISHED_DT</label>
        <tableName>ORG</tableName>
        <jdbcType>TIMESTAMP</jdbcType>
      </column>
      <column>
        <label>BUY_SELL_AGR_TP_CD</label>
        <tableName>ORG</tableName>
        <jdbcType>BIGINT</jdbcType>
        <precision>19</precision>
      </column>
      <column>
        <label>PROFIT_IND</label>
        <tableName>ORG</tableName>
        <jdbcType>CHAR</jdbcType>
        <precision>1</precision>
      </column>
      <column>
        <label>LAST_UPDATE_DT</label>
        <tableName>ORG</tableName>
        <jdbcType>TIMESTAMP</jdbcType>
      </column>
      <column>
        <label>LAST_UPDATE_USER</label>
        <tableName>ORG</tableName>
        <jdbcType>VARCHAR</jdbcType>
        <precision>20</precision>
      </column>
      <column>
        <label>LAST_UPDATE_TX_ID</label>
        <tableName>ORG</tableName>
        <jdbcType>BIGINT</jdbcType>
        <precision>19</precision>
      </column>
      <column>
        <label>CONT_ID</label>
        <tableName>CONTACT</tableName>
        <jdbcType>BIGINT</jdbcType>
        <precision>19</precision>
      </column>
      <column>
        <label>ACCE_COMP_TP_CD</label>
        <tableName>CONTACT</tableName>
        <jdbcType>BIGINT</jdbcType>
        <precision>19</precision>
      </column>
      <column>
        <label>PREF_LANG_TP_CD</label>
        <tableName>CONTACT</tableName>
        <jdbcType>BIGINT</jdbcType>
        <precision>19</precision>
      </column>
      <column>
        <label>CREATED_DT</label>
        <tableName>CONTACT</tableName>
        <jdbcType>TIMESTAMP</jdbcType>
      </column>
      <column>
        <label>SINCE_DT</label>
        <tableName>CONTACT</tableName>
        <jdbcType>TIMESTAMP</jdbcType>
      </column>
      <column>
        <label>LEFT_DT</label>
        <tableName>CONTACT</tableName>
        <jdbcType>TIMESTAMP</jdbcType>
      </column>
      <column>
        <label>INACTIVATED_DT</label>
        <tableName>CONTACT</tableName>
        <jdbcType>TIMESTAMP</jdbcType>
      </column>
      <column>
        <label>CONTACT_NAME</label>
        <tableName>CONTACT</tableName>
        <jdbcType>VARCHAR</jdbcType>
        <precision>255</precision>
      </column>
      <column>
        <label>PERSON_ORG_CODE</label>
        <tableName>CONTACT</tableName>
        <jdbcType>CHAR</jdbcType>
        <precision>1</precision>
      </column>
      <column>
        <label>SOLICIT_IND</label>
        <tableName>CONTACT</tableName>
        <jdbcType>CHAR</jdbcType>
        <precision>1</precision>
      </column>
      <column>
        <label>CONFIDENTIAL_IND</label>
        <tableName>CONTACT</tableName>
        <jdbcType>CHAR</jdbcType>
        <precision>1</precision>
      </column>
      <column>
        <label>CLIENT_IMP_TP_CD</label>
        <tableName>CONTACT</tableName>
        <jdbcType>BIGINT</jdbcType>
        <precision>19</precision>
      </column>
      <column>
        <label>CLIENT_ST_TP_CD</label>
        <tableName>CONTACT</tableName>
        <jdbcType>BIGINT</jdbcType>
        <precision>19</precision>
      </column>
      <column>
        <label>CLIENT_POTEN_TP_CD</label>
        <tableName>CONTACT</tableName>
        <jdbcType>BIGINT</jdbcType>
        <precision>19</precision>
      </column>
      <column>
        <label>RPTING_FREQ_TP_CD</label>
        <tableName>CONTACT</tableName>
        <jdbcType>BIGINT</jdbcType>
        <precision>19</precision>
      </column>
      <column>
        <label>LAST_STATEMENT_DT</label>
        <tableName>CONTACT</tableName>
        <jdbcType>TIMESTAMP</jdbcType>
      </column>
      <column>
        <label>PROVIDED_BY_CONT</label>
        <tableName>CONTACT</tableName>
        <jdbcType>BIGINT</jdbcType>
        <precision>19</precision>
      </column>
      <column>
        <label>LAST_UPDATE_DT</label>
        <tableName>CONTACT</tableName>
        <jdbcType>TIMESTAMP</jdbcType>
      </column>
      <column>
        <label>LAST_UPDATE_USER</label>
        <tableName>CONTACT</tableName>
        <jdbcType>VARCHAR</jdbcType>
        <precision>20</precision>
      </column>
      <column>
        <label>ALERT_IND</label>
        <tableName>CONTACT</tableName>
        <jdbcType>CHAR</jdbcType>
        <precision>1</precision>
      </column>
      <column>
        <label>LAST_UPDATE_TX_ID</label>
        <tableName>CONTACT</tableName>
        <jdbcType>BIGINT</jdbcType>
        <precision>19</precision>
      </column>
      <column>
        <label>LAST_USED_DT</label>
        <tableName>CONTACT</tableName>
        <jdbcType>TIMESTAMP</jdbcType>
      </column>
      <column>
        <label>LAST_VERIFIED_DT</label>
        <tableName>CONTACT</tableName>
        <jdbcType>TIMESTAMP</jdbcType>
      </column>
      <column>
        <label>SOURCE_IDENT_TP_CD</label>
        <tableName>CONTACT</tableName>
        <jdbcType>BIGINT</jdbcType>
        <precision>19</precision>
      </column>
      <column>
        <label>DO_NOT_DELETE_IND</label>
        <tableName>CONTACT</tableName>
        <jdbcType>CHAR</jdbcType>
        <precision>1</precision>
      </column>
      <column>
        <label>CONT_ID</label>
        <tableName>CONTSUMMARY</tableName>
        <jdbcType>BIGINT</jdbcType>
        <precision>19</precision>
      </column>
      <column>
        <label>PRIVPREF_IND</label>
        <tableName>CONTSUMMARY</tableName>
        <jdbcType>SMALLINT</jdbcType>
        <precision>5</precision>
      </column>
      <column>
        <label>MISCVALUE_IND</label>
        <tableName>CONTSUMMARY</tableName>
        <jdbcType>SMALLINT</jdbcType>
        <precision>5</precision>
      </column>
      <column>
        <label>CONTACTREL_IND</label>
        <tableName>CONTSUMMARY</tableName>
        <jdbcType>SMALLINT</jdbcType>
        <precision>5</precision>
      </column>
      <column>
        <label>BANKACCOUNT_IND</label>
        <tableName>CONTSUMMARY</tableName>
        <jdbcType>SMALLINT</jdbcType>
        <precision>5</precision>
      </column>
      <column>
        <label>CHARGECARD_IND</label>
        <tableName>CONTSUMMARY</tableName>
        <jdbcType>SMALLINT</jdbcType>
        <precision>5</precision>
      </column>
      <column>
        <label>INCOMESOURCE_IND</label>
        <tableName>CONTSUMMARY</tableName>
        <jdbcType>SMALLINT</jdbcType>
        <precision>5</precision>
      </column>
      <column>
        <label>PAYROLLDEDUCT_IND</label>
        <tableName>CONTSUMMARY</tableName>
        <jdbcType>SMALLINT</jdbcType>
        <precision>5</precision>
      </column>
      <column>
        <label>IDENTIFIER_IND</label>
        <tableName>CONTSUMMARY</tableName>
        <jdbcType>SMALLINT</jdbcType>
        <precision>5</precision>
      </column>
      <column>
        <label>ALERT_IND</label>
        <tableName>CONTSUMMARY</tableName>
        <jdbcType>SMALLINT</jdbcType>
        <precision>5</precision>
      </column>
      <column>
        <label>CONTEQUIV_IND</label>
        <tableName>CONTSUMMARY</tableName>
        <jdbcType>SMALLINT</jdbcType>
        <precision>5</precision>
      </column>
      <column>
        <label>INTERACTION_IND</label>
        <tableName>CONTSUMMARY</tableName>
        <jdbcType>SMALLINT</jdbcType>
        <precision>5</precision>
      </column>
      <column>
        <label>ADDRESSGROUP_IND</label>
        <tableName>CONTSUMMARY</tableName>
        <jdbcType>SMALLINT</jdbcType>
        <precision>5</precision>
      </column>
      <column>
        <label>CONTMETHGROUP_IND</label>
        <tableName>CONTSUMMARY</tableName>
        <jdbcType>SMALLINT</jdbcType>
        <precision>5</precision>
      </column>
      <column>
        <label>LOBREL_IND</label>
        <tableName>CONTSUMMARY</tableName>
        <jdbcType>SMALLINT</jdbcType>
        <precision>5</precision>
      </column>
      <column>
        <label>LAST_UPDATE_DT</label>
        <tableName>CONTSUMMARY</tableName>
        <jdbcType>TIMESTAMP</jdbcType>
      </column>
      <column>
        <label>LAST_UPDATE_USER</label>
        <tableName>CONTSUMMARY</tableName>
        <jdbcType>VARCHAR</jdbcType>
        <precision>20</precision>
      </column>
      <column>
        <label>LAST_UPDATE_TX_ID</label>
        <tableName>CONTSUMMARY</tableName>
        <jdbcType>BIGINT</jdbcType>
        <precision>19</precision>
      </column>
      <column>
        <label>ACCESS_TOKEN_VALUE</label>
        <tableName>CONTACT</tableName>
        <jdbcType>VARCHAR</jdbcType>
        <precision>50</precision>
      </column>
      <column>
        <label>PENDING_CDC_IND</label>
        <tableName>CONTACT</tableName>
        <jdbcType>CHAR</jdbcType>
        <precision>1</precision>
      </column>
      <column>
        <label>ENTITYLINK_ST_TP_CD</label>
        <tableName>CONTACT</tableName>
        <jdbcType>BIGINT</jdbcType>
        <precision>19</precision>
      </column>
      <column>
        <label>ENTITY_ID</label>
        <tableName>CONTACT</tableName>
        <jdbcType>BIGINT</jdbcType>
        <precision>19</precision>
      </column>
      <column>
        <label>ENTITY_TYPE</label>
        <tableName>CONTACT</tableName>
        <jdbcType>VARCHAR</jdbcType>
        <precision>25</precision>
      </column>
      <column>
        <label>ENTITY_STATUS_TP_CD</label>
        <tableName>CONTACT</tableName>
        <jdbcType>BIGINT</jdbcType>
        <precision>19</precision>
      </column>
      <column>
        <label>XDEFUNCT_IND</label>
        <tableName>ORG</tableName>
        <jdbcType>VARCHAR</jdbcType>
        <precision>5</precision>
      </column>
      <column>
        <label>XWEBSITE</label>
        <tableName>ORG</tableName>
        <jdbcType>VARCHAR</jdbcType>
        <precision>255</precision>
      </column>
      <column>
        <label>XMARKET_NAME</label>
        <tableName>ORG</tableName>
        <jdbcType>VARCHAR</jdbcType>
        <precision>50</precision>
      </column>
      <column>
        <label>XBATCH_IND</label>
        <tableName>ORG</tableName>
        <jdbcType>VARCHAR</jdbcType>
        <precision>5</precision>
      </column>
      <column>
        <label>XNUMOFEMP_TP_CD</label>
        <tableName>ORG</tableName>
        <jdbcType>BIGINT</jdbcType>
        <precision>19</precision>
      </column>
      <column>
        <label>XMODIFY_SYS_DT</label>
        <tableName>ORG</tableName>
        <jdbcType>TIMESTAMP</jdbcType>
      </column>
      <column>
        <label>XSOURCE_TYPE_FLAG</label>
        <tableName>ORG</tableName>
        <jdbcType>VARCHAR</jdbcType>
        <precision>50</precision>
      </column>
      <column>
        <label>XGENERATED_BY</label>
        <tableName>ORG</tableName>
        <jdbcType>VARCHAR</jdbcType>
        <precision>50</precision>
      </column>
      <column>
        <label>XCORP_CAT_TP_CD</label>
        <tableName>ORG</tableName>
        <jdbcType>BIGINT</jdbcType>
        <precision>19</precision>
      </column>
      <column>
        <label>XCORP_GROUP_TP_CD</label>
        <tableName>ORG</tableName>
        <jdbcType>BIGINT</jdbcType>
        <precision>19</precision>
      </column>
      <column>
        <label>XPERSONAL_AGREEMENT</label>
        <tableName>ORG</tableName>
        <jdbcType>VARCHAR</jdbcType>
        <precision>20</precision>
      </column>
      <column>
        <label>XDo_Not_Merge_Flag</label>
        <tableName>ORG</tableName>
        <jdbcType>VARCHAR</jdbcType>
        <precision>5</precision>
      </column>
      <column>
        <label>DELETE_FLAG</label>
        <tableName>ORG</tableName>
        <jdbcType>VARCHAR</jdbcType>
        <precision>10</precision>
      </column>
      <column>
        <label>INFO_REMOVE_FLAG</label>
        <tableName>ORG</tableName>
        <jdbcType>VARCHAR</jdbcType>
        <precision>10</precision>
      </column>
      <column>
        <label>DEDUP_HIDDEN_FLAG</label>
        <tableName>ORG</tableName>
        <jdbcType>VARCHAR</jdbcType>
        <precision>10</precision>
      </column>
      <column>
        <label>PREF_COMMUNICATION_CHANNEL</label>
        <tableName>ORG</tableName>
        <jdbcType>VARCHAR</jdbcType>
        <precision>255</precision>
      </column>
      <column>
        <label>YANASE_FLAG</label>
        <tableName>ORG</tableName>
        <jdbcType>VARCHAR</jdbcType>
        <precision>10</precision>
      </column>
      <column>
        <label>FINANCE_PARTY_TYPE</label>
        <tableName>ORG</tableName>
        <jdbcType>VARCHAR</jdbcType>
        <precision>10</precision>
      </column>
      <column>
        <label>CONTRACT_NUMBER</label>
        <tableName>ORG</tableName>
        <jdbcType>VARCHAR</jdbcType>
        <precision>250</precision>
      </column>
      <column>
        <label>XPrivacy_Act</label>
        <tableName>ORG</tableName>
        <jdbcType>VARCHAR</jdbcType>
        <precision>250</precision>
      </column>
      <column>
        <label>XFleet</label>
        <tableName>ORG</tableName>
        <jdbcType>VARCHAR</jdbcType>
        <precision>5</precision>
      </column>
      <column>
        <label>XPC_Ind</label>
        <tableName>ORG</tableName>
        <jdbcType>VARCHAR</jdbcType>
        <precision>10</precision>
      </column>
      <column>
        <label>XVANS_Ind</label>
        <tableName>ORG</tableName>
        <jdbcType>VARCHAR</jdbcType>
        <precision>10</precision>
      </column>
      <column>
        <label>Last_Activity_Date</label>
        <tableName>ORG</tableName>
        <jdbcType>TIMESTAMP</jdbcType>
      </column>
      <column>
        <label>X_CUST_TYPE</label>
        <tableName>ORG</tableName>
        <jdbcType>VARCHAR</jdbcType>
        <precision>10</precision>
      </column>
    </columns>
  </statement>
  <statement method='com.ibm.daimler.dsea.entityObject.XOrgExtInquiryData#getOrganization(Object[])'>
    <parameters>
      <parameter>
        <parameterMode>parameterModeIn</parameterMode>
        <jdbcType>BIGINT</jdbcType>
        <precision>19</precision>
      </parameter>
    </parameters>
    <columns>
      <column>
        <label>CONT_ID</label>
        <tableName>ORG</tableName>
        <jdbcType>BIGINT</jdbcType>
        <precision>19</precision>
      </column>
      <column>
        <label>ORG_TP_CD</label>
        <tableName>ORG</tableName>
        <jdbcType>BIGINT</jdbcType>
        <precision>19</precision>
      </column>
      <column>
        <label>INDUSTRY_TP_CD</label>
        <tableName>ORG</tableName>
        <jdbcType>BIGINT</jdbcType>
        <precision>19</precision>
      </column>
      <column>
        <label>ESTABLISHED_DT</label>
        <tableName>ORG</tableName>
        <jdbcType>TIMESTAMP</jdbcType>
      </column>
      <column>
        <label>BUY_SELL_AGR_TP_CD</label>
        <tableName>ORG</tableName>
        <jdbcType>BIGINT</jdbcType>
        <precision>19</precision>
      </column>
      <column>
        <label>PROFIT_IND</label>
        <tableName>ORG</tableName>
        <jdbcType>CHAR</jdbcType>
        <precision>1</precision>
      </column>
      <column>
        <label>LAST_UPDATE_DT</label>
        <tableName>ORG</tableName>
        <jdbcType>TIMESTAMP</jdbcType>
      </column>
      <column>
        <label>LAST_UPDATE_USER</label>
        <tableName>ORG</tableName>
        <jdbcType>VARCHAR</jdbcType>
        <precision>20</precision>
      </column>
      <column>
        <label>LAST_UPDATE_TX_ID</label>
        <tableName>ORG</tableName>
        <jdbcType>BIGINT</jdbcType>
        <precision>19</precision>
      </column>
      <column>
        <label>CONT_ID</label>
        <tableName>CONTACT</tableName>
        <jdbcType>BIGINT</jdbcType>
        <precision>19</precision>
      </column>
      <column>
        <label>ACCE_COMP_TP_CD</label>
        <tableName>CONTACT</tableName>
        <jdbcType>BIGINT</jdbcType>
        <precision>19</precision>
      </column>
      <column>
        <label>PREF_LANG_TP_CD</label>
        <tableName>CONTACT</tableName>
        <jdbcType>BIGINT</jdbcType>
        <precision>19</precision>
      </column>
      <column>
        <label>CREATED_DT</label>
        <tableName>CONTACT</tableName>
        <jdbcType>TIMESTAMP</jdbcType>
      </column>
      <column>
        <label>SINCE_DT</label>
        <tableName>CONTACT</tableName>
        <jdbcType>TIMESTAMP</jdbcType>
      </column>
      <column>
        <label>LEFT_DT</label>
        <tableName>CONTACT</tableName>
        <jdbcType>TIMESTAMP</jdbcType>
      </column>
      <column>
        <label>INACTIVATED_DT</label>
        <tableName>CONTACT</tableName>
        <jdbcType>TIMESTAMP</jdbcType>
      </column>
      <column>
        <label>CONTACT_NAME</label>
        <tableName>CONTACT</tableName>
        <jdbcType>VARCHAR</jdbcType>
        <precision>255</precision>
      </column>
      <column>
        <label>PERSON_ORG_CODE</label>
        <tableName>CONTACT</tableName>
        <jdbcType>CHAR</jdbcType>
        <precision>1</precision>
      </column>
      <column>
        <label>SOLICIT_IND</label>
        <tableName>CONTACT</tableName>
        <jdbcType>CHAR</jdbcType>
        <precision>1</precision>
      </column>
      <column>
        <label>CONFIDENTIAL_IND</label>
        <tableName>CONTACT</tableName>
        <jdbcType>CHAR</jdbcType>
        <precision>1</precision>
      </column>
      <column>
        <label>CLIENT_IMP_TP_CD</label>
        <tableName>CONTACT</tableName>
        <jdbcType>BIGINT</jdbcType>
        <precision>19</precision>
      </column>
      <column>
        <label>CLIENT_ST_TP_CD</label>
        <tableName>CONTACT</tableName>
        <jdbcType>BIGINT</jdbcType>
        <precision>19</precision>
      </column>
      <column>
        <label>CLIENT_POTEN_TP_CD</label>
        <tableName>CONTACT</tableName>
        <jdbcType>BIGINT</jdbcType>
        <precision>19</precision>
      </column>
      <column>
        <label>RPTING_FREQ_TP_CD</label>
        <tableName>CONTACT</tableName>
        <jdbcType>BIGINT</jdbcType>
        <precision>19</precision>
      </column>
      <column>
        <label>LAST_STATEMENT_DT</label>
        <tableName>CONTACT</tableName>
        <jdbcType>TIMESTAMP</jdbcType>
      </column>
      <column>
        <label>PROVIDED_BY_CONT</label>
        <tableName>CONTACT</tableName>
        <jdbcType>BIGINT</jdbcType>
        <precision>19</precision>
      </column>
      <column>
        <label>LAST_UPDATE_DT</label>
        <tableName>CONTACT</tableName>
        <jdbcType>TIMESTAMP</jdbcType>
      </column>
      <column>
        <label>LAST_UPDATE_USER</label>
        <tableName>CONTACT</tableName>
        <jdbcType>VARCHAR</jdbcType>
        <precision>20</precision>
      </column>
      <column>
        <label>ALERT_IND</label>
        <tableName>CONTACT</tableName>
        <jdbcType>CHAR</jdbcType>
        <precision>1</precision>
      </column>
      <column>
        <label>LAST_UPDATE_TX_ID</label>
        <tableName>CONTACT</tableName>
        <jdbcType>BIGINT</jdbcType>
        <precision>19</precision>
      </column>
      <column>
        <label>LAST_USED_DT</label>
        <tableName>CONTACT</tableName>
        <jdbcType>TIMESTAMP</jdbcType>
      </column>
      <column>
        <label>LAST_VERIFIED_DT</label>
        <tableName>CONTACT</tableName>
        <jdbcType>TIMESTAMP</jdbcType>
      </column>
      <column>
        <label>SOURCE_IDENT_TP_CD</label>
        <tableName>CONTACT</tableName>
        <jdbcType>BIGINT</jdbcType>
        <precision>19</precision>
      </column>
      <column>
        <label>DO_NOT_DELETE_IND</label>
        <tableName>CONTACT</tableName>
        <jdbcType>CHAR</jdbcType>
        <precision>1</precision>
      </column>
      <column>
        <label>ACCESS_TOKEN_VALUE</label>
        <tableName>CONTACT</tableName>
        <jdbcType>VARCHAR</jdbcType>
        <precision>50</precision>
      </column>
      <column>
        <label>PENDING_CDC_IND</label>
        <tableName>CONTACT</tableName>
        <jdbcType>CHAR</jdbcType>
        <precision>1</precision>
      </column>
      <column>
        <label>ENTITYLINK_ST_TP_CD</label>
        <tableName>CONTACT</tableName>
        <jdbcType>BIGINT</jdbcType>
        <precision>19</precision>
      </column>
      <column>
        <label>ENTITY_ID</label>
        <tableName>CONTACT</tableName>
        <jdbcType>BIGINT</jdbcType>
        <precision>19</precision>
      </column>
      <column>
        <label>ENTITY_TYPE</label>
        <tableName>CONTACT</tableName>
        <jdbcType>VARCHAR</jdbcType>
        <precision>25</precision>
      </column>
      <column>
        <label>ENTITY_STATUS_TP_CD</label>
        <tableName>CONTACT</tableName>
        <jdbcType>BIGINT</jdbcType>
        <precision>19</precision>
      </column>
      <column>
        <label>XDEFUNCT_IND</label>
        <tableName>ORG</tableName>
        <jdbcType>VARCHAR</jdbcType>
        <precision>5</precision>
      </column>
      <column>
        <label>XWEBSITE</label>
        <tableName>ORG</tableName>
        <jdbcType>VARCHAR</jdbcType>
        <precision>255</precision>
      </column>
      <column>
        <label>XMARKET_NAME</label>
        <tableName>ORG</tableName>
        <jdbcType>VARCHAR</jdbcType>
        <precision>50</precision>
      </column>
      <column>
        <label>XBATCH_IND</label>
        <tableName>ORG</tableName>
        <jdbcType>VARCHAR</jdbcType>
        <precision>5</precision>
      </column>
      <column>
        <label>XNUMOFEMP_TP_CD</label>
        <tableName>ORG</tableName>
        <jdbcType>BIGINT</jdbcType>
        <precision>19</precision>
      </column>
      <column>
        <label>XMODIFY_SYS_DT</label>
        <tableName>ORG</tableName>
        <jdbcType>TIMESTAMP</jdbcType>
      </column>
      <column>
        <label>XSOURCE_TYPE_FLAG</label>
        <tableName>ORG</tableName>
        <jdbcType>VARCHAR</jdbcType>
        <precision>50</precision>
      </column>
      <column>
        <label>XGENERATED_BY</label>
        <tableName>ORG</tableName>
        <jdbcType>VARCHAR</jdbcType>
        <precision>50</precision>
      </column>
      <column>
        <label>XCORP_CAT_TP_CD</label>
        <tableName>ORG</tableName>
        <jdbcType>BIGINT</jdbcType>
        <precision>19</precision>
      </column>
      <column>
        <label>XCORP_GROUP_TP_CD</label>
        <tableName>ORG</tableName>
        <jdbcType>BIGINT</jdbcType>
        <precision>19</precision>
      </column>
      <column>
        <label>XPERSONAL_AGREEMENT</label>
        <tableName>ORG</tableName>
        <jdbcType>VARCHAR</jdbcType>
        <precision>20</precision>
      </column>
      <column>
        <label>XDo_Not_Merge_Flag</label>
        <tableName>ORG</tableName>
        <jdbcType>VARCHAR</jdbcType>
        <precision>5</precision>
      </column>
      <column>
        <label>DELETE_FLAG</label>
        <tableName>ORG</tableName>
        <jdbcType>VARCHAR</jdbcType>
        <precision>10</precision>
      </column>
      <column>
        <label>INFO_REMOVE_FLAG</label>
        <tableName>ORG</tableName>
        <jdbcType>VARCHAR</jdbcType>
        <precision>10</precision>
      </column>
      <column>
        <label>DEDUP_HIDDEN_FLAG</label>
        <tableName>ORG</tableName>
        <jdbcType>VARCHAR</jdbcType>
        <precision>10</precision>
      </column>
      <column>
        <label>PREF_COMMUNICATION_CHANNEL</label>
        <tableName>ORG</tableName>
        <jdbcType>VARCHAR</jdbcType>
        <precision>255</precision>
      </column>
      <column>
        <label>YANASE_FLAG</label>
        <tableName>ORG</tableName>
        <jdbcType>VARCHAR</jdbcType>
        <precision>10</precision>
      </column>
      <column>
        <label>FINANCE_PARTY_TYPE</label>
        <tableName>ORG</tableName>
        <jdbcType>VARCHAR</jdbcType>
        <precision>10</precision>
      </column>
      <column>
        <label>CONTRACT_NUMBER</label>
        <tableName>ORG</tableName>
        <jdbcType>VARCHAR</jdbcType>
        <precision>250</precision>
      </column>
      <column>
        <label>XPrivacy_Act</label>
        <tableName>ORG</tableName>
        <jdbcType>VARCHAR</jdbcType>
        <precision>250</precision>
      </column>
      <column>
        <label>XFleet</label>
        <tableName>ORG</tableName>
        <jdbcType>VARCHAR</jdbcType>
        <precision>5</precision>
      </column>
      <column>
        <label>XPC_Ind</label>
        <tableName>ORG</tableName>
        <jdbcType>VARCHAR</jdbcType>
        <precision>10</precision>
      </column>
      <column>
        <label>XVANS_Ind</label>
        <tableName>ORG</tableName>
        <jdbcType>VARCHAR</jdbcType>
        <precision>10</precision>
      </column>
      <column>
        <label>Last_Activity_Date</label>
        <tableName>ORG</tableName>
        <jdbcType>TIMESTAMP</jdbcType>
      </column>
      <column>
        <label>X_CUST_TYPE</label>
        <tableName>ORG</tableName>
        <jdbcType>VARCHAR</jdbcType>
        <precision>10</precision>
      </column>
    </columns>
  </statement>
  <statement method='com.ibm.daimler.dsea.entityObject.XOrgExtInquiryData#getOrganizationImages(Object[])'>
    <parameters>
      <parameter>
        <parameterMode>parameterModeIn</parameterMode>
        <jdbcType>BIGINT</jdbcType>
        <precision>19</precision>
      </parameter>
      <parameter>
        <parameterMode>parameterModeIn</parameterMode>
        <jdbcType>TIMESTAMP</jdbcType>
      </parameter>
      <parameter>
        <parameterMode>parameterModeIn</parameterMode>
        <jdbcType>TIMESTAMP</jdbcType>
      </parameter>
      <parameter>
        <parameterMode>parameterModeIn</parameterMode>
        <jdbcType>BIGINT</jdbcType>
        <precision>19</precision>
      </parameter>
      <parameter>
        <parameterMode>parameterModeIn</parameterMode>
        <jdbcType>TIMESTAMP</jdbcType>
      </parameter>
      <parameter>
        <parameterMode>parameterModeIn</parameterMode>
        <jdbcType>TIMESTAMP</jdbcType>
      </parameter>
    </parameters>
    <columns>
      <column>
        <label>H_CONT_ID_ORG</label>
        <tableName>ORG</tableName>
        <jdbcType>BIGINT</jdbcType>
        <precision>19</precision>
      </column>
      <column>
        <label>H_ACTION_CODE</label>
        <tableName>ORG</tableName>
        <jdbcType>CHAR</jdbcType>
        <precision>1</precision>
      </column>
      <column>
        <label>H_CREATED_BY</label>
        <tableName>ORG</tableName>
        <jdbcType>VARCHAR</jdbcType>
        <precision>20</precision>
      </column>
      <column>
        <label>H_CREATE_DT</label>
        <tableName>ORG</tableName>
        <jdbcType>TIMESTAMP</jdbcType>
      </column>
      <column>
        <label>H_END_DT</label>
        <tableName>ORG</tableName>
        <jdbcType>TIMESTAMP</jdbcType>
      </column>
      <column>
        <label>CONT_ID</label>
        <tableName>ORG</tableName>
        <jdbcType>BIGINT</jdbcType>
        <precision>19</precision>
      </column>
      <column>
        <label>ORG_TP_CD</label>
        <tableName>ORG</tableName>
        <jdbcType>BIGINT</jdbcType>
        <precision>19</precision>
      </column>
      <column>
        <label>INDUSTRY_TP_CD</label>
        <tableName>ORG</tableName>
        <jdbcType>BIGINT</jdbcType>
        <precision>19</precision>
      </column>
      <column>
        <label>ESTABLISHED_DT</label>
        <tableName>ORG</tableName>
        <jdbcType>TIMESTAMP</jdbcType>
      </column>
      <column>
        <label>BUY_SELL_AGR_TP_CD</label>
        <tableName>ORG</tableName>
        <jdbcType>BIGINT</jdbcType>
        <precision>19</precision>
      </column>
      <column>
        <label>PROFIT_IND</label>
        <tableName>ORG</tableName>
        <jdbcType>CHAR</jdbcType>
        <precision>1</precision>
      </column>
      <column>
        <label>LAST_UPDATE_DT</label>
        <tableName>ORG</tableName>
        <jdbcType>TIMESTAMP</jdbcType>
      </column>
      <column>
        <label>LAST_UPDATE_USER</label>
        <tableName>ORG</tableName>
        <jdbcType>VARCHAR</jdbcType>
        <precision>20</precision>
      </column>
      <column>
        <label>LAST_UPDATE_TX_ID</label>
        <tableName>ORG</tableName>
        <jdbcType>BIGINT</jdbcType>
        <precision>19</precision>
      </column>
      <column>
        <label>H_CONT_ID</label>
        <tableName>CONTACT</tableName>
        <jdbcType>BIGINT</jdbcType>
        <precision>19</precision>
      </column>
      <column>
        <label>H_ACTION_CODE</label>
        <tableName>CONTACT</tableName>
        <jdbcType>CHAR</jdbcType>
        <precision>1</precision>
      </column>
      <column>
        <label>H_CREATED_BY</label>
        <tableName>CONTACT</tableName>
        <jdbcType>VARCHAR</jdbcType>
        <precision>20</precision>
      </column>
      <column>
        <label>H_CREATE_DT</label>
        <tableName>CONTACT</tableName>
        <jdbcType>TIMESTAMP</jdbcType>
      </column>
      <column>
        <label>H_END_DT</label>
        <tableName>CONTACT</tableName>
        <jdbcType>TIMESTAMP</jdbcType>
      </column>
      <column>
        <label>CONT_ID</label>
        <tableName>CONTACT</tableName>
        <jdbcType>BIGINT</jdbcType>
        <precision>19</precision>
      </column>
      <column>
        <label>ACCE_COMP_TP_CD</label>
        <tableName>CONTACT</tableName>
        <jdbcType>BIGINT</jdbcType>
        <precision>19</precision>
      </column>
      <column>
        <label>PREF_LANG_TP_CD</label>
        <tableName>CONTACT</tableName>
        <jdbcType>BIGINT</jdbcType>
        <precision>19</precision>
      </column>
      <column>
        <label>CREATED_DT</label>
        <tableName>CONTACT</tableName>
        <jdbcType>TIMESTAMP</jdbcType>
      </column>
      <column>
        <label>SINCE_DT</label>
        <tableName>CONTACT</tableName>
        <jdbcType>TIMESTAMP</jdbcType>
      </column>
      <column>
        <label>LEFT_DT</label>
        <tableName>CONTACT</tableName>
        <jdbcType>TIMESTAMP</jdbcType>
      </column>
      <column>
        <label>INACTIVATED_DT</label>
        <tableName>CONTACT</tableName>
        <jdbcType>TIMESTAMP</jdbcType>
      </column>
      <column>
        <label>CONTACT_NAME</label>
        <tableName>CONTACT</tableName>
        <jdbcType>VARCHAR</jdbcType>
        <precision>255</precision>
      </column>
      <column>
        <label>PERSON_ORG_CODE</label>
        <tableName>CONTACT</tableName>
        <jdbcType>CHAR</jdbcType>
        <precision>1</precision>
      </column>
      <column>
        <label>SOLICIT_IND</label>
        <tableName>CONTACT</tableName>
        <jdbcType>CHAR</jdbcType>
        <precision>1</precision>
      </column>
      <column>
        <label>CONFIDENTIAL_IND</label>
        <tableName>CONTACT</tableName>
        <jdbcType>CHAR</jdbcType>
        <precision>1</precision>
      </column>
      <column>
        <label>CLIENT_IMP_TP_CD</label>
        <tableName>CONTACT</tableName>
        <jdbcType>BIGINT</jdbcType>
        <precision>19</precision>
      </column>
      <column>
        <label>CLIENT_ST_TP_CD</label>
        <tableName>CONTACT</tableName>
        <jdbcType>BIGINT</jdbcType>
        <precision>19</precision>
      </column>
      <column>
        <label>CLIENT_POTEN_TP_CD</label>
        <tableName>CONTACT</tableName>
        <jdbcType>BIGINT</jdbcType>
        <precision>19</precision>
      </column>
      <column>
        <label>RPTING_FREQ_TP_CD</label>
        <tableName>CONTACT</tableName>
        <jdbcType>BIGINT</jdbcType>
        <precision>19</precision>
      </column>
      <column>
        <label>LAST_STATEMENT_DT</label>
        <tableName>CONTACT</tableName>
        <jdbcType>TIMESTAMP</jdbcType>
      </column>
      <column>
        <label>PROVIDED_BY_CONT</label>
        <tableName>CONTACT</tableName>
        <jdbcType>BIGINT</jdbcType>
        <precision>19</precision>
      </column>
      <column>
        <label>LAST_UPDATE_DT</label>
        <tableName>CONTACT</tableName>
        <jdbcType>TIMESTAMP</jdbcType>
      </column>
      <column>
        <label>LAST_UPDATE_USER</label>
        <tableName>CONTACT</tableName>
        <jdbcType>VARCHAR</jdbcType>
        <precision>20</precision>
      </column>
      <column>
        <label>LAST_UPDATE_TX_ID</label>
        <tableName>CONTACT</tableName>
        <jdbcType>BIGINT</jdbcType>
        <precision>19</precision>
      </column>
      <column>
        <label>LAST_USED_DT</label>
        <tableName>CONTACT</tableName>
        <jdbcType>TIMESTAMP</jdbcType>
      </column>
      <column>
        <label>LAST_VERIFIED_DT</label>
        <tableName>CONTACT</tableName>
        <jdbcType>TIMESTAMP</jdbcType>
      </column>
      <column>
        <label>SOURCE_IDENT_TP_CD</label>
        <tableName>CONTACT</tableName>
        <jdbcType>BIGINT</jdbcType>
        <precision>19</precision>
      </column>
      <column>
        <label>DO_NOT_DELETE_IND</label>
        <tableName>CONTACT</tableName>
        <jdbcType>CHAR</jdbcType>
        <precision>1</precision>
      </column>
      <column>
        <label>ALERT_IND</label>
        <tableName>CONTACT</tableName>
        <jdbcType>CHAR</jdbcType>
        <precision>1</precision>
      </column>
      <column>
        <label>ACCESS_TOKEN_VALUE</label>
        <tableName>CONTACT</tableName>
        <jdbcType>VARCHAR</jdbcType>
        <precision>50</precision>
      </column>
      <column>
        <label>PENDING_CDC_IND</label>
        <tableName>CONTACT</tableName>
        <jdbcType>CHAR</jdbcType>
        <precision>1</precision>
      </column>
      <column>
        <label>ENTITYLINK_ST_TP_CD</label>
        <tableName>CONTACT</tableName>
        <jdbcType>BIGINT</jdbcType>
        <precision>19</precision>
      </column>
      <column>
        <label>ENTITY_ID</label>
        <tableName>CONTACT</tableName>
        <jdbcType>BIGINT</jdbcType>
        <precision>19</precision>
      </column>
      <column>
        <label>ENTITY_TYPE</label>
        <tableName>CONTACT</tableName>
        <jdbcType>VARCHAR</jdbcType>
        <precision>25</precision>
      </column>
      <column>
        <label>ENTITY_STATUS_TP_CD</label>
        <tableName>CONTACT</tableName>
        <jdbcType>BIGINT</jdbcType>
        <precision>19</precision>
      </column>
      <column>
        <label>XDEFUNCT_IND</label>
        <tableName>ORG</tableName>
        <jdbcType>VARCHAR</jdbcType>
        <precision>5</precision>
      </column>
      <column>
        <label>XWEBSITE</label>
        <tableName>ORG</tableName>
        <jdbcType>VARCHAR</jdbcType>
        <precision>255</precision>
      </column>
      <column>
        <label>XMARKET_NAME</label>
        <tableName>ORG</tableName>
        <jdbcType>VARCHAR</jdbcType>
        <precision>50</precision>
      </column>
      <column>
        <label>XBATCH_IND</label>
        <tableName>ORG</tableName>
        <jdbcType>VARCHAR</jdbcType>
        <precision>5</precision>
      </column>
      <column>
        <label>XNUMOFEMP_TP_CD</label>
        <tableName>ORG</tableName>
        <jdbcType>BIGINT</jdbcType>
        <precision>19</precision>
      </column>
      <column>
        <label>XMODIFY_SYS_DT</label>
        <tableName>ORG</tableName>
        <jdbcType>TIMESTAMP</jdbcType>
      </column>
      <column>
        <label>XSOURCE_TYPE_FLAG</label>
        <tableName>ORG</tableName>
        <jdbcType>VARCHAR</jdbcType>
        <precision>50</precision>
      </column>
      <column>
        <label>XGENERATED_BY</label>
        <tableName>ORG</tableName>
        <jdbcType>VARCHAR</jdbcType>
        <precision>50</precision>
      </column>
      <column>
        <label>XCORP_CAT_TP_CD</label>
        <tableName>ORG</tableName>
        <jdbcType>BIGINT</jdbcType>
        <precision>19</precision>
      </column>
      <column>
        <label>XCORP_GROUP_TP_CD</label>
        <tableName>ORG</tableName>
        <jdbcType>BIGINT</jdbcType>
        <precision>19</precision>
      </column>
      <column>
        <label>XPERSONAL_AGREEMENT</label>
        <tableName>ORG</tableName>
        <jdbcType>VARCHAR</jdbcType>
        <precision>20</precision>
      </column>
      <column>
        <label>XDo_Not_Merge_Flag</label>
        <tableName>ORG</tableName>
        <jdbcType>VARCHAR</jdbcType>
        <precision>5</precision>
      </column>
      <column>
        <label>DELETE_FLAG</label>
        <tableName>ORG</tableName>
        <jdbcType>VARCHAR</jdbcType>
        <precision>10</precision>
      </column>
      <column>
        <label>INFO_REMOVE_FLAG</label>
        <tableName>ORG</tableName>
        <jdbcType>VARCHAR</jdbcType>
        <precision>10</precision>
      </column>
      <column>
        <label>DEDUP_HIDDEN_FLAG</label>
        <tableName>ORG</tableName>
        <jdbcType>VARCHAR</jdbcType>
        <precision>10</precision>
      </column>
      <column>
        <label>PREF_COMMUNICATION_CHANNEL</label>
        <tableName>ORG</tableName>
        <jdbcType>VARCHAR</jdbcType>
        <precision>255</precision>
      </column>
      <column>
        <label>YANASE_FLAG</label>
        <tableName>ORG</tableName>
        <jdbcType>VARCHAR</jdbcType>
        <precision>10</precision>
      </column>
      <column>
        <label>FINANCE_PARTY_TYPE</label>
        <tableName>ORG</tableName>
        <jdbcType>VARCHAR</jdbcType>
        <precision>10</precision>
      </column>
      <column>
        <label>CONTRACT_NUMBER</label>
        <tableName>ORG</tableName>
        <jdbcType>VARCHAR</jdbcType>
        <precision>250</precision>
      </column>
      <column>
        <label>XPrivacy_Act</label>
        <tableName>ORG</tableName>
        <jdbcType>VARCHAR</jdbcType>
        <precision>250</precision>
      </column>
      <column>
        <label>XFleet</label>
        <tableName>ORG</tableName>
        <jdbcType>VARCHAR</jdbcType>
        <precision>5</precision>
      </column>
      <column>
        <label>XPC_Ind</label>
        <tableName>ORG</tableName>
        <jdbcType>VARCHAR</jdbcType>
        <precision>10</precision>
      </column>
      <column>
        <label>XVANS_Ind</label>
        <tableName>ORG</tableName>
        <jdbcType>VARCHAR</jdbcType>
        <precision>10</precision>
      </column>
      <column>
        <label>Last_Activity_Date</label>
        <tableName>ORG</tableName>
        <jdbcType>TIMESTAMP</jdbcType>
      </column>
      <column>
        <label>X_CUST_TYPE</label>
        <tableName>ORG</tableName>
        <jdbcType>VARCHAR</jdbcType>
        <precision>10</precision>
      </column>
    </columns>
  </statement>
  <statement method='com.ibm.daimler.dsea.entityObject.XOrgExtInquiryData#getOrganizationsLightImages(Object[])'>
    <parameters>
      <parameter>
        <parameterMode>parameterModeIn</parameterMode>
        <jdbcType>BIGINT</jdbcType>
        <precision>19</precision>
      </parameter>
      <parameter>
        <parameterMode>parameterModeIn</parameterMode>
        <jdbcType>TIMESTAMP</jdbcType>
      </parameter>
      <parameter>
        <parameterMode>parameterModeIn</parameterMode>
        <jdbcType>TIMESTAMP</jdbcType>
      </parameter>
      <parameter>
        <parameterMode>parameterModeIn</parameterMode>
        <jdbcType>BIGINT</jdbcType>
        <precision>19</precision>
      </parameter>
      <parameter>
        <parameterMode>parameterModeIn</parameterMode>
        <jdbcType>TIMESTAMP</jdbcType>
      </parameter>
      <parameter>
        <parameterMode>parameterModeIn</parameterMode>
        <jdbcType>TIMESTAMP</jdbcType>
      </parameter>
    </parameters>
    <columns>
      <column>
        <label>CONT_ID</label>
        <tableName>ORG</tableName>
        <jdbcType>BIGINT</jdbcType>
        <precision>19</precision>
      </column>
      <column>
        <label>LAST_UPDATE_DT</label>
        <tableName>ORG</tableName>
        <jdbcType>TIMESTAMP</jdbcType>
      </column>
      <column>
        <label>ACCESS_TOKEN_VALUE</label>
        <tableName>CONTACT</tableName>
        <jdbcType>VARCHAR</jdbcType>
        <precision>50</precision>
      </column>
      <column>
        <label>PENDING_CDC_IND</label>
        <tableName>CONTACT</tableName>
        <jdbcType>CHAR</jdbcType>
        <precision>1</precision>
      </column>
      <column>
        <label>XDEFUNCT_IND</label>
        <tableName>ORG</tableName>
        <jdbcType>VARCHAR</jdbcType>
        <precision>5</precision>
      </column>
      <column>
        <label>XWEBSITE</label>
        <tableName>ORG</tableName>
        <jdbcType>VARCHAR</jdbcType>
        <precision>255</precision>
      </column>
      <column>
        <label>XMARKET_NAME</label>
        <tableName>ORG</tableName>
        <jdbcType>VARCHAR</jdbcType>
        <precision>50</precision>
      </column>
      <column>
        <label>XBATCH_IND</label>
        <tableName>ORG</tableName>
        <jdbcType>VARCHAR</jdbcType>
        <precision>5</precision>
      </column>
      <column>
        <label>XNUMOFEMP_TP_CD</label>
        <tableName>ORG</tableName>
        <jdbcType>BIGINT</jdbcType>
        <precision>19</precision>
      </column>
      <column>
        <label>XMODIFY_SYS_DT</label>
        <tableName>ORG</tableName>
        <jdbcType>TIMESTAMP</jdbcType>
      </column>
      <column>
        <label>XSOURCE_TYPE_FLAG</label>
        <tableName>ORG</tableName>
        <jdbcType>VARCHAR</jdbcType>
        <precision>50</precision>
      </column>
      <column>
        <label>XGENERATED_BY</label>
        <tableName>ORG</tableName>
        <jdbcType>VARCHAR</jdbcType>
        <precision>50</precision>
      </column>
      <column>
        <label>XCORP_CAT_TP_CD</label>
        <tableName>ORG</tableName>
        <jdbcType>BIGINT</jdbcType>
        <precision>19</precision>
      </column>
      <column>
        <label>XCORP_GROUP_TP_CD</label>
        <tableName>ORG</tableName>
        <jdbcType>BIGINT</jdbcType>
        <precision>19</precision>
      </column>
      <column>
        <label>XPERSONAL_AGREEMENT</label>
        <tableName>ORG</tableName>
        <jdbcType>VARCHAR</jdbcType>
        <precision>20</precision>
      </column>
      <column>
        <label>XDo_Not_Merge_Flag</label>
        <tableName>ORG</tableName>
        <jdbcType>VARCHAR</jdbcType>
        <precision>5</precision>
      </column>
      <column>
        <label>DELETE_FLAG</label>
        <tableName>ORG</tableName>
        <jdbcType>VARCHAR</jdbcType>
        <precision>10</precision>
      </column>
      <column>
        <label>INFO_REMOVE_FLAG</label>
        <tableName>ORG</tableName>
        <jdbcType>VARCHAR</jdbcType>
        <precision>10</precision>
      </column>
      <column>
        <label>DEDUP_HIDDEN_FLAG</label>
        <tableName>ORG</tableName>
        <jdbcType>VARCHAR</jdbcType>
        <precision>10</precision>
      </column>
      <column>
        <label>PREF_COMMUNICATION_CHANNEL</label>
        <tableName>ORG</tableName>
        <jdbcType>VARCHAR</jdbcType>
        <precision>255</precision>
      </column>
      <column>
        <label>YANASE_FLAG</label>
        <tableName>ORG</tableName>
        <jdbcType>VARCHAR</jdbcType>
        <precision>10</precision>
      </column>
      <column>
        <label>FINANCE_PARTY_TYPE</label>
        <tableName>ORG</tableName>
        <jdbcType>VARCHAR</jdbcType>
        <precision>10</precision>
      </column>
      <column>
        <label>CONTRACT_NUMBER</label>
        <tableName>ORG</tableName>
        <jdbcType>VARCHAR</jdbcType>
        <precision>250</precision>
      </column>
      <column>
        <label>XPrivacy_Act</label>
        <tableName>ORG</tableName>
        <jdbcType>VARCHAR</jdbcType>
        <precision>250</precision>
      </column>
      <column>
        <label>XFleet</label>
        <tableName>ORG</tableName>
        <jdbcType>VARCHAR</jdbcType>
        <precision>5</precision>
      </column>
      <column>
        <label>XPC_Ind</label>
        <tableName>ORG</tableName>
        <jdbcType>VARCHAR</jdbcType>
        <precision>10</precision>
      </column>
      <column>
        <label>XVANS_Ind</label>
        <tableName>ORG</tableName>
        <jdbcType>VARCHAR</jdbcType>
        <precision>10</precision>
      </column>
      <column>
        <label>Last_Activity_Date</label>
        <tableName>ORG</tableName>
        <jdbcType>TIMESTAMP</jdbcType>
      </column>
      <column>
        <label>X_CUST_TYPE</label>
        <tableName>ORG</tableName>
        <jdbcType>VARCHAR</jdbcType>
        <precision>10</precision>
      </column>
    </columns>
  </statement>
</metadata>
