<?xml version='1.0' encoding='utf-8'?>
<!DOCTYPE metadata>
<metadata>
  <statement method='com.ibm.daimler.dsea.entityObject.XOrgNameExtInquiryData#getOrgNameHistory(Object[])'>
    <parameters>
      <parameter>
        <parameterMode>parameterModeIn</parameterMode>
        <jdbcType>BIGINT</jdbcType>
        <precision>19</precision>
      </parameter>
      <parameter>
        <parameterMode>parameterModeIn</parameterMode>
        <jdbcType>TIMESTAMP</jdbcType>
      </parameter>
      <parameter>
        <parameterMode>parameterModeIn</parameterMode>
        <jdbcType>TIMESTAMP</jdbcType>
      </parameter>
    </parameters>
    <columns>
      <column>
        <label>HIST_ID_PK</label>
        <tableName>ORGNAME</tableName>
        <jdbcType>BIGINT</jdbcType>
        <precision>19</precision>
      </column>
      <column>
        <label>H_ACTION_CODE</label>
        <tableName>ORGNAME</tableName>
        <jdbcType>CHAR</jdbcType>
        <precision>1</precision>
      </column>
      <column>
        <label>H_CREATED_BY</label>
        <tableName>ORGNAME</tableName>
        <jdbcType>VARCHAR</jdbcType>
        <precision>20</precision>
      </column>
      <column>
        <label>H_CREATE_DT</label>
        <tableName>ORGNAME</tableName>
        <jdbcType>TIMESTAMP</jdbcType>
      </column>
      <column>
        <label>H_END_DT</label>
        <tableName>ORGNAME</tableName>
        <jdbcType>TIMESTAMP</jdbcType>
      </column>
      <column>
        <label>ORG_NAME_ID</label>
        <tableName>ORGNAME</tableName>
        <jdbcType>BIGINT</jdbcType>
        <precision>19</precision>
      </column>
      <column>
        <label>CONT_ID</label>
        <tableName>ORGNAME</tableName>
        <jdbcType>BIGINT</jdbcType>
        <precision>19</precision>
      </column>
      <column>
        <label>ORG_NAME</label>
        <tableName>ORGNAME</tableName>
        <jdbcType>VARCHAR</jdbcType>
        <precision>255</precision>
      </column>
      <column>
        <label>START_DT</label>
        <tableName>ORGNAME</tableName>
        <jdbcType>TIMESTAMP</jdbcType>
      </column>
      <column>
        <label>END_DT</label>
        <tableName>ORGNAME</tableName>
        <jdbcType>TIMESTAMP</jdbcType>
      </column>
      <column>
        <label>ORG_NAME_TP_CD</label>
        <tableName>ORGNAME</tableName>
        <jdbcType>BIGINT</jdbcType>
        <precision>19</precision>
      </column>
      <column>
        <label>S_ORG_NAME</label>
        <tableName>ORGNAME</tableName>
        <jdbcType>VARCHAR</jdbcType>
        <precision>255</precision>
      </column>
      <column>
        <label>NAME_SEARCH_KEY</label>
        <tableName>ORGNAME</tableName>
        <jdbcType>VARCHAR</jdbcType>
        <precision>30</precision>
      </column>
      <column>
        <label>LAST_UPDATE_DT</label>
        <tableName>ORGNAME</tableName>
        <jdbcType>TIMESTAMP</jdbcType>
      </column>
      <column>
        <label>LAST_UPDATE_USER</label>
        <tableName>ORGNAME</tableName>
        <jdbcType>VARCHAR</jdbcType>
        <precision>20</precision>
      </column>
      <column>
        <label>LAST_UPDATE_TX_ID</label>
        <tableName>ORGNAME</tableName>
        <jdbcType>BIGINT</jdbcType>
        <precision>19</precision>
      </column>
      <column>
        <label>LAST_USED_DT</label>
        <tableName>ORGNAME</tableName>
        <jdbcType>TIMESTAMP</jdbcType>
      </column>
      <column>
        <label>LAST_VERIFIED_DT</label>
        <tableName>ORGNAME</tableName>
        <jdbcType>TIMESTAMP</jdbcType>
      </column>
      <column>
        <label>SOURCE_IDENT_TP_CD</label>
        <tableName>ORGNAME</tableName>
        <jdbcType>BIGINT</jdbcType>
        <precision>19</precision>
      </column>
      <column>
        <label>STANDARD_IND</label>
        <tableName>ORGNAME</tableName>
        <jdbcType>CHAR</jdbcType>
        <precision>1</precision>
      </column>
      <column>
        <label>XMODIFY_SYS_DT</label>
        <tableName>ORGNAME</tableName>
        <jdbcType>TIMESTAMP</jdbcType>
      </column>
      <column>
        <label>XORG_NAME_LOCAL</label>
        <tableName>ORGNAME</tableName>
        <jdbcType>VARCHAR</jdbcType>
        <precision>500</precision>
      </column>
      <column>
        <label>XORGNAME_RETAILER_FLAG</label>
        <tableName>ORGNAME</tableName>
        <jdbcType>VARCHAR</jdbcType>
        <precision>10</precision>
      </column>
      <column>
        <label>X_BPID</label>
        <tableName>ORGNAME</tableName>
        <jdbcType>VARCHAR</jdbcType>
        <precision>50</precision>
      </column>
    </columns>
  </statement>
  <statement method='com.ibm.daimler.dsea.entityObject.XOrgNameExtInquiryData#getOrgNameActive(Object[])'>
    <parameters>
      <parameter>
        <parameterMode>parameterModeIn</parameterMode>
        <jdbcType>BIGINT</jdbcType>
        <precision>19</precision>
      </parameter>
      <parameter>
        <parameterMode>parameterModeIn</parameterMode>
        <jdbcType>TIMESTAMP</jdbcType>
      </parameter>
    </parameters>
    <columns>
      <column>
        <label>ORG_NAME_ID</label>
        <tableName>ORGNAME</tableName>
        <jdbcType>BIGINT</jdbcType>
        <precision>19</precision>
      </column>
      <column>
        <label>CONT_ID</label>
        <tableName>ORGNAME</tableName>
        <jdbcType>BIGINT</jdbcType>
        <precision>19</precision>
      </column>
      <column>
        <label>ORG_NAME</label>
        <tableName>ORGNAME</tableName>
        <jdbcType>VARCHAR</jdbcType>
        <precision>255</precision>
      </column>
      <column>
        <label>START_DT</label>
        <tableName>ORGNAME</tableName>
        <jdbcType>TIMESTAMP</jdbcType>
      </column>
      <column>
        <label>END_DT</label>
        <tableName>ORGNAME</tableName>
        <jdbcType>TIMESTAMP</jdbcType>
      </column>
      <column>
        <label>ORG_NAME_TP_CD</label>
        <tableName>ORGNAME</tableName>
        <jdbcType>BIGINT</jdbcType>
        <precision>19</precision>
      </column>
      <column>
        <label>S_ORG_NAME</label>
        <tableName>ORGNAME</tableName>
        <jdbcType>VARCHAR</jdbcType>
        <precision>255</precision>
      </column>
      <column>
        <label>NAME_SEARCH_KEY</label>
        <tableName>ORGNAME</tableName>
        <jdbcType>VARCHAR</jdbcType>
        <precision>30</precision>
      </column>
      <column>
        <label>LAST_UPDATE_DT</label>
        <tableName>ORGNAME</tableName>
        <jdbcType>TIMESTAMP</jdbcType>
      </column>
      <column>
        <label>LAST_UPDATE_USER</label>
        <tableName>ORGNAME</tableName>
        <jdbcType>VARCHAR</jdbcType>
        <precision>20</precision>
      </column>
      <column>
        <label>LAST_UPDATE_TX_ID</label>
        <tableName>ORGNAME</tableName>
        <jdbcType>BIGINT</jdbcType>
        <precision>19</precision>
      </column>
      <column>
        <label>LAST_USED_DT</label>
        <tableName>ORGNAME</tableName>
        <jdbcType>TIMESTAMP</jdbcType>
      </column>
      <column>
        <label>LAST_VERIFIED_DT</label>
        <tableName>ORGNAME</tableName>
        <jdbcType>TIMESTAMP</jdbcType>
      </column>
      <column>
        <label>SOURCE_IDENT_TP_CD</label>
        <tableName>ORGNAME</tableName>
        <jdbcType>BIGINT</jdbcType>
        <precision>19</precision>
      </column>
      <column>
        <label>P_ORG_NAME</label>
        <tableName>ORGNAME</tableName>
        <jdbcType>VARCHAR</jdbcType>
        <precision>20</precision>
      </column>
      <column>
        <label>STANDARD_IND</label>
        <tableName>ORGNAME</tableName>
        <jdbcType>CHAR</jdbcType>
        <precision>1</precision>
      </column>
      <column>
        <label>XMODIFY_SYS_DT</label>
        <tableName>ORGNAME</tableName>
        <jdbcType>TIMESTAMP</jdbcType>
      </column>
      <column>
        <label>XORG_NAME_LOCAL</label>
        <tableName>ORGNAME</tableName>
        <jdbcType>VARCHAR</jdbcType>
        <precision>500</precision>
      </column>
      <column>
        <label>XORGNAME_RETAILER_FLAG</label>
        <tableName>ORGNAME</tableName>
        <jdbcType>VARCHAR</jdbcType>
        <precision>10</precision>
      </column>
      <column>
        <label>X_BPID</label>
        <tableName>ORGNAME</tableName>
        <jdbcType>VARCHAR</jdbcType>
        <precision>50</precision>
      </column>
    </columns>
  </statement>
  <statement method='com.ibm.daimler.dsea.entityObject.XOrgNameExtInquiryData#getOrgNameInactive(Object[])'>
    <parameters>
      <parameter>
        <parameterMode>parameterModeIn</parameterMode>
        <jdbcType>BIGINT</jdbcType>
        <precision>19</precision>
      </parameter>
      <parameter>
        <parameterMode>parameterModeIn</parameterMode>
        <jdbcType>TIMESTAMP</jdbcType>
      </parameter>
    </parameters>
    <columns>
      <column>
        <label>ORG_NAME_ID</label>
        <tableName>ORGNAME</tableName>
        <jdbcType>BIGINT</jdbcType>
        <precision>19</precision>
      </column>
      <column>
        <label>CONT_ID</label>
        <tableName>ORGNAME</tableName>
        <jdbcType>BIGINT</jdbcType>
        <precision>19</precision>
      </column>
      <column>
        <label>ORG_NAME</label>
        <tableName>ORGNAME</tableName>
        <jdbcType>VARCHAR</jdbcType>
        <precision>255</precision>
      </column>
      <column>
        <label>START_DT</label>
        <tableName>ORGNAME</tableName>
        <jdbcType>TIMESTAMP</jdbcType>
      </column>
      <column>
        <label>END_DT</label>
        <tableName>ORGNAME</tableName>
        <jdbcType>TIMESTAMP</jdbcType>
      </column>
      <column>
        <label>ORG_NAME_TP_CD</label>
        <tableName>ORGNAME</tableName>
        <jdbcType>BIGINT</jdbcType>
        <precision>19</precision>
      </column>
      <column>
        <label>S_ORG_NAME</label>
        <tableName>ORGNAME</tableName>
        <jdbcType>VARCHAR</jdbcType>
        <precision>255</precision>
      </column>
      <column>
        <label>NAME_SEARCH_KEY</label>
        <tableName>ORGNAME</tableName>
        <jdbcType>VARCHAR</jdbcType>
        <precision>30</precision>
      </column>
      <column>
        <label>LAST_UPDATE_DT</label>
        <tableName>ORGNAME</tableName>
        <jdbcType>TIMESTAMP</jdbcType>
      </column>
      <column>
        <label>LAST_UPDATE_USER</label>
        <tableName>ORGNAME</tableName>
        <jdbcType>VARCHAR</jdbcType>
        <precision>20</precision>
      </column>
      <column>
        <label>LAST_UPDATE_TX_ID</label>
        <tableName>ORGNAME</tableName>
        <jdbcType>BIGINT</jdbcType>
        <precision>19</precision>
      </column>
      <column>
        <label>LAST_USED_DT</label>
        <tableName>ORGNAME</tableName>
        <jdbcType>TIMESTAMP</jdbcType>
      </column>
      <column>
        <label>LAST_VERIFIED_DT</label>
        <tableName>ORGNAME</tableName>
        <jdbcType>TIMESTAMP</jdbcType>
      </column>
      <column>
        <label>SOURCE_IDENT_TP_CD</label>
        <tableName>ORGNAME</tableName>
        <jdbcType>BIGINT</jdbcType>
        <precision>19</precision>
      </column>
      <column>
        <label>STANDARD_IND</label>
        <tableName>ORGNAME</tableName>
        <jdbcType>CHAR</jdbcType>
        <precision>1</precision>
      </column>
      <column>
        <label>XMODIFY_SYS_DT</label>
        <tableName>ORGNAME</tableName>
        <jdbcType>TIMESTAMP</jdbcType>
      </column>
      <column>
        <label>XORG_NAME_LOCAL</label>
        <tableName>ORGNAME</tableName>
        <jdbcType>VARCHAR</jdbcType>
        <precision>500</precision>
      </column>
      <column>
        <label>XORGNAME_RETAILER_FLAG</label>
        <tableName>ORGNAME</tableName>
        <jdbcType>VARCHAR</jdbcType>
        <precision>10</precision>
      </column>
      <column>
        <label>X_BPID</label>
        <tableName>ORGNAME</tableName>
        <jdbcType>VARCHAR</jdbcType>
        <precision>50</precision>
      </column>
    </columns>
  </statement>
  <statement method='com.ibm.daimler.dsea.entityObject.XOrgNameExtInquiryData#getOrgName(Long)'>
    <parameters>
      <parameter>
        <parameterMode>parameterModeIn</parameterMode>
        <jdbcType>BIGINT</jdbcType>
        <precision>19</precision>
      </parameter>
    </parameters>
    <columns>
      <column>
        <label>ORG_NAME_ID</label>
        <tableName>ORGNAME</tableName>
        <jdbcType>BIGINT</jdbcType>
        <precision>19</precision>
      </column>
      <column>
        <label>CONT_ID</label>
        <tableName>ORGNAME</tableName>
        <jdbcType>BIGINT</jdbcType>
        <precision>19</precision>
      </column>
      <column>
        <label>ORG_NAME</label>
        <tableName>ORGNAME</tableName>
        <jdbcType>VARCHAR</jdbcType>
        <precision>255</precision>
      </column>
      <column>
        <label>START_DT</label>
        <tableName>ORGNAME</tableName>
        <jdbcType>TIMESTAMP</jdbcType>
      </column>
      <column>
        <label>END_DT</label>
        <tableName>ORGNAME</tableName>
        <jdbcType>TIMESTAMP</jdbcType>
      </column>
      <column>
        <label>ORG_NAME_TP_CD</label>
        <tableName>ORGNAME</tableName>
        <jdbcType>BIGINT</jdbcType>
        <precision>19</precision>
      </column>
      <column>
        <label>S_ORG_NAME</label>
        <tableName>ORGNAME</tableName>
        <jdbcType>VARCHAR</jdbcType>
        <precision>255</precision>
      </column>
      <column>
        <label>NAME_SEARCH_KEY</label>
        <tableName>ORGNAME</tableName>
        <jdbcType>VARCHAR</jdbcType>
        <precision>30</precision>
      </column>
      <column>
        <label>LAST_UPDATE_DT</label>
        <tableName>ORGNAME</tableName>
        <jdbcType>TIMESTAMP</jdbcType>
      </column>
      <column>
        <label>LAST_UPDATE_USER</label>
        <tableName>ORGNAME</tableName>
        <jdbcType>VARCHAR</jdbcType>
        <precision>20</precision>
      </column>
      <column>
        <label>LAST_UPDATE_TX_ID</label>
        <tableName>ORGNAME</tableName>
        <jdbcType>BIGINT</jdbcType>
        <precision>19</precision>
      </column>
      <column>
        <label>LAST_USED_DT</label>
        <tableName>ORGNAME</tableName>
        <jdbcType>TIMESTAMP</jdbcType>
      </column>
      <column>
        <label>LAST_VERIFIED_DT</label>
        <tableName>ORGNAME</tableName>
        <jdbcType>TIMESTAMP</jdbcType>
      </column>
      <column>
        <label>SOURCE_IDENT_TP_CD</label>
        <tableName>ORGNAME</tableName>
        <jdbcType>BIGINT</jdbcType>
        <precision>19</precision>
      </column>
      <column>
        <label>STANDARD_IND</label>
        <tableName>ORGNAME</tableName>
        <jdbcType>CHAR</jdbcType>
        <precision>1</precision>
      </column>
      <column>
        <label>XMODIFY_SYS_DT</label>
        <tableName>ORGNAME</tableName>
        <jdbcType>TIMESTAMP</jdbcType>
      </column>
      <column>
        <label>XORG_NAME_LOCAL</label>
        <tableName>ORGNAME</tableName>
        <jdbcType>VARCHAR</jdbcType>
        <precision>500</precision>
      </column>
      <column>
        <label>XORGNAME_RETAILER_FLAG</label>
        <tableName>ORGNAME</tableName>
        <jdbcType>VARCHAR</jdbcType>
        <precision>10</precision>
      </column>
      <column>
        <label>X_BPID</label>
        <tableName>ORGNAME</tableName>
        <jdbcType>VARCHAR</jdbcType>
        <precision>50</precision>
      </column>
    </columns>
  </statement>
  <statement method='com.ibm.daimler.dsea.entityObject.XOrgNameExtInquiryData#getOrgNameHistoryByType(Object[])'>
    <parameters>
      <parameter>
        <parameterMode>parameterModeIn</parameterMode>
        <jdbcType>BIGINT</jdbcType>
        <precision>19</precision>
      </parameter>
      <parameter>
        <parameterMode>parameterModeIn</parameterMode>
        <jdbcType>BIGINT</jdbcType>
        <precision>19</precision>
      </parameter>
      <parameter>
        <parameterMode>parameterModeIn</parameterMode>
        <jdbcType>TIMESTAMP</jdbcType>
      </parameter>
      <parameter>
        <parameterMode>parameterModeIn</parameterMode>
        <jdbcType>TIMESTAMP</jdbcType>
      </parameter>
    </parameters>
    <columns>
      <column>
        <label>HIST_ID_PK</label>
        <tableName>ORGNAME</tableName>
        <jdbcType>BIGINT</jdbcType>
        <precision>19</precision>
      </column>
      <column>
        <label>H_ACTION_CODE</label>
        <tableName>ORGNAME</tableName>
        <jdbcType>CHAR</jdbcType>
        <precision>1</precision>
      </column>
      <column>
        <label>H_CREATED_BY</label>
        <tableName>ORGNAME</tableName>
        <jdbcType>VARCHAR</jdbcType>
        <precision>20</precision>
      </column>
      <column>
        <label>H_CREATE_DT</label>
        <tableName>ORGNAME</tableName>
        <jdbcType>TIMESTAMP</jdbcType>
      </column>
      <column>
        <label>H_END_DT</label>
        <tableName>ORGNAME</tableName>
        <jdbcType>TIMESTAMP</jdbcType>
      </column>
      <column>
        <label>ORG_NAME_ID</label>
        <tableName>ORGNAME</tableName>
        <jdbcType>BIGINT</jdbcType>
        <precision>19</precision>
      </column>
      <column>
        <label>CONT_ID</label>
        <tableName>ORGNAME</tableName>
        <jdbcType>BIGINT</jdbcType>
        <precision>19</precision>
      </column>
      <column>
        <label>ORG_NAME</label>
        <tableName>ORGNAME</tableName>
        <jdbcType>VARCHAR</jdbcType>
        <precision>255</precision>
      </column>
      <column>
        <label>START_DT</label>
        <tableName>ORGNAME</tableName>
        <jdbcType>TIMESTAMP</jdbcType>
      </column>
      <column>
        <label>END_DT</label>
        <tableName>ORGNAME</tableName>
        <jdbcType>TIMESTAMP</jdbcType>
      </column>
      <column>
        <label>ORG_NAME_TP_CD</label>
        <tableName>ORGNAME</tableName>
        <jdbcType>BIGINT</jdbcType>
        <precision>19</precision>
      </column>
      <column>
        <label>S_ORG_NAME</label>
        <tableName>ORGNAME</tableName>
        <jdbcType>VARCHAR</jdbcType>
        <precision>255</precision>
      </column>
      <column>
        <label>NAME_SEARCH_KEY</label>
        <tableName>ORGNAME</tableName>
        <jdbcType>VARCHAR</jdbcType>
        <precision>30</precision>
      </column>
      <column>
        <label>LAST_UPDATE_DT</label>
        <tableName>ORGNAME</tableName>
        <jdbcType>TIMESTAMP</jdbcType>
      </column>
      <column>
        <label>LAST_UPDATE_USER</label>
        <tableName>ORGNAME</tableName>
        <jdbcType>VARCHAR</jdbcType>
        <precision>20</precision>
      </column>
      <column>
        <label>LAST_UPDATE_TX_ID</label>
        <tableName>ORGNAME</tableName>
        <jdbcType>BIGINT</jdbcType>
        <precision>19</precision>
      </column>
      <column>
        <label>LAST_USED_DT</label>
        <tableName>ORGNAME</tableName>
        <jdbcType>TIMESTAMP</jdbcType>
      </column>
      <column>
        <label>LAST_VERIFIED_DT</label>
        <tableName>ORGNAME</tableName>
        <jdbcType>TIMESTAMP</jdbcType>
      </column>
      <column>
        <label>SOURCE_IDENT_TP_CD</label>
        <tableName>ORGNAME</tableName>
        <jdbcType>BIGINT</jdbcType>
        <precision>19</precision>
      </column>
      <column>
        <label>STANDARD_IND</label>
        <tableName>ORGNAME</tableName>
        <jdbcType>CHAR</jdbcType>
        <precision>1</precision>
      </column>
      <column>
        <label>XMODIFY_SYS_DT</label>
        <tableName>ORGNAME</tableName>
        <jdbcType>TIMESTAMP</jdbcType>
      </column>
      <column>
        <label>XORG_NAME_LOCAL</label>
        <tableName>ORGNAME</tableName>
        <jdbcType>VARCHAR</jdbcType>
        <precision>500</precision>
      </column>
      <column>
        <label>XORGNAME_RETAILER_FLAG</label>
        <tableName>ORGNAME</tableName>
        <jdbcType>VARCHAR</jdbcType>
        <precision>10</precision>
      </column>
      <column>
        <label>X_BPID</label>
        <tableName>ORGNAME</tableName>
        <jdbcType>VARCHAR</jdbcType>
        <precision>50</precision>
      </column>
    </columns>
  </statement>
  <statement method='com.ibm.daimler.dsea.entityObject.XOrgNameExtInquiryData#getOrgNameByType(Object[])'>
    <parameters>
      <parameter>
        <parameterMode>parameterModeIn</parameterMode>
        <jdbcType>BIGINT</jdbcType>
        <precision>19</precision>
      </parameter>
      <parameter>
        <parameterMode>parameterModeIn</parameterMode>
        <jdbcType>BIGINT</jdbcType>
        <precision>19</precision>
      </parameter>
      <parameter>
        <parameterMode>parameterModeIn</parameterMode>
        <jdbcType>TIMESTAMP</jdbcType>
      </parameter>
    </parameters>
    <columns>
      <column>
        <label>ORG_NAME_ID</label>
        <tableName>ORGNAME</tableName>
        <jdbcType>BIGINT</jdbcType>
        <precision>19</precision>
      </column>
      <column>
        <label>CONT_ID</label>
        <tableName>ORGNAME</tableName>
        <jdbcType>BIGINT</jdbcType>
        <precision>19</precision>
      </column>
      <column>
        <label>ORG_NAME</label>
        <tableName>ORGNAME</tableName>
        <jdbcType>VARCHAR</jdbcType>
        <precision>255</precision>
      </column>
      <column>
        <label>START_DT</label>
        <tableName>ORGNAME</tableName>
        <jdbcType>TIMESTAMP</jdbcType>
      </column>
      <column>
        <label>END_DT</label>
        <tableName>ORGNAME</tableName>
        <jdbcType>TIMESTAMP</jdbcType>
      </column>
      <column>
        <label>ORG_NAME_TP_CD</label>
        <tableName>ORGNAME</tableName>
        <jdbcType>BIGINT</jdbcType>
        <precision>19</precision>
      </column>
      <column>
        <label>S_ORG_NAME</label>
        <tableName>ORGNAME</tableName>
        <jdbcType>VARCHAR</jdbcType>
        <precision>255</precision>
      </column>
      <column>
        <label>NAME_SEARCH_KEY</label>
        <tableName>ORGNAME</tableName>
        <jdbcType>VARCHAR</jdbcType>
        <precision>30</precision>
      </column>
      <column>
        <label>LAST_UPDATE_DT</label>
        <tableName>ORGNAME</tableName>
        <jdbcType>TIMESTAMP</jdbcType>
      </column>
      <column>
        <label>LAST_UPDATE_USER</label>
        <tableName>ORGNAME</tableName>
        <jdbcType>VARCHAR</jdbcType>
        <precision>20</precision>
      </column>
      <column>
        <label>LAST_UPDATE_TX_ID</label>
        <tableName>ORGNAME</tableName>
        <jdbcType>BIGINT</jdbcType>
        <precision>19</precision>
      </column>
      <column>
        <label>LAST_USED_DT</label>
        <tableName>ORGNAME</tableName>
        <jdbcType>TIMESTAMP</jdbcType>
      </column>
      <column>
        <label>LAST_VERIFIED_DT</label>
        <tableName>ORGNAME</tableName>
        <jdbcType>TIMESTAMP</jdbcType>
      </column>
      <column>
        <label>SOURCE_IDENT_TP_CD</label>
        <tableName>ORGNAME</tableName>
        <jdbcType>BIGINT</jdbcType>
        <precision>19</precision>
      </column>
      <column>
        <label>STANDARD_IND</label>
        <tableName>ORGNAME</tableName>
        <jdbcType>CHAR</jdbcType>
        <precision>1</precision>
      </column>
      <column>
        <label>XMODIFY_SYS_DT</label>
        <tableName>ORGNAME</tableName>
        <jdbcType>TIMESTAMP</jdbcType>
      </column>
      <column>
        <label>XORG_NAME_LOCAL</label>
        <tableName>ORGNAME</tableName>
        <jdbcType>VARCHAR</jdbcType>
        <precision>500</precision>
      </column>
      <column>
        <label>XORGNAME_RETAILER_FLAG</label>
        <tableName>ORGNAME</tableName>
        <jdbcType>VARCHAR</jdbcType>
        <precision>10</precision>
      </column>
      <column>
        <label>X_BPID</label>
        <tableName>ORGNAME</tableName>
        <jdbcType>VARCHAR</jdbcType>
        <precision>50</precision>
      </column>
    </columns>
  </statement>
  <statement method='com.ibm.daimler.dsea.entityObject.XOrgNameExtInquiryData#getOrgNameByID(Long)'>
    <parameters>
      <parameter>
        <parameterMode>parameterModeIn</parameterMode>
        <jdbcType>BIGINT</jdbcType>
        <precision>19</precision>
      </parameter>
    </parameters>
    <columns>
      <column>
        <label>ORG_NAME_ID</label>
        <tableName>ORGNAME</tableName>
        <jdbcType>BIGINT</jdbcType>
        <precision>19</precision>
      </column>
      <column>
        <label>CONT_ID</label>
        <tableName>ORGNAME</tableName>
        <jdbcType>BIGINT</jdbcType>
        <precision>19</precision>
      </column>
      <column>
        <label>ORG_NAME</label>
        <tableName>ORGNAME</tableName>
        <jdbcType>VARCHAR</jdbcType>
        <precision>255</precision>
      </column>
      <column>
        <label>START_DT</label>
        <tableName>ORGNAME</tableName>
        <jdbcType>TIMESTAMP</jdbcType>
      </column>
      <column>
        <label>END_DT</label>
        <tableName>ORGNAME</tableName>
        <jdbcType>TIMESTAMP</jdbcType>
      </column>
      <column>
        <label>ORG_NAME_TP_CD</label>
        <tableName>ORGNAME</tableName>
        <jdbcType>BIGINT</jdbcType>
        <precision>19</precision>
      </column>
      <column>
        <label>S_ORG_NAME</label>
        <tableName>ORGNAME</tableName>
        <jdbcType>VARCHAR</jdbcType>
        <precision>255</precision>
      </column>
      <column>
        <label>NAME_SEARCH_KEY</label>
        <tableName>ORGNAME</tableName>
        <jdbcType>VARCHAR</jdbcType>
        <precision>30</precision>
      </column>
      <column>
        <label>LAST_UPDATE_DT</label>
        <tableName>ORGNAME</tableName>
        <jdbcType>TIMESTAMP</jdbcType>
      </column>
      <column>
        <label>LAST_UPDATE_USER</label>
        <tableName>ORGNAME</tableName>
        <jdbcType>VARCHAR</jdbcType>
        <precision>20</precision>
      </column>
      <column>
        <label>LAST_UPDATE_TX_ID</label>
        <tableName>ORGNAME</tableName>
        <jdbcType>BIGINT</jdbcType>
        <precision>19</precision>
      </column>
      <column>
        <label>LAST_USED_DT</label>
        <tableName>ORGNAME</tableName>
        <jdbcType>TIMESTAMP</jdbcType>
      </column>
      <column>
        <label>LAST_VERIFIED_DT</label>
        <tableName>ORGNAME</tableName>
        <jdbcType>TIMESTAMP</jdbcType>
      </column>
      <column>
        <label>SOURCE_IDENT_TP_CD</label>
        <tableName>ORGNAME</tableName>
        <jdbcType>BIGINT</jdbcType>
        <precision>19</precision>
      </column>
      <column>
        <label>STANDARD_IND</label>
        <tableName>ORGNAME</tableName>
        <jdbcType>CHAR</jdbcType>
        <precision>1</precision>
      </column>
      <column>
        <label>XMODIFY_SYS_DT</label>
        <tableName>ORGNAME</tableName>
        <jdbcType>TIMESTAMP</jdbcType>
      </column>
      <column>
        <label>XORG_NAME_LOCAL</label>
        <tableName>ORGNAME</tableName>
        <jdbcType>VARCHAR</jdbcType>
        <precision>500</precision>
      </column>
      <column>
        <label>XORGNAME_RETAILER_FLAG</label>
        <tableName>ORGNAME</tableName>
        <jdbcType>VARCHAR</jdbcType>
        <precision>10</precision>
      </column>
      <column>
        <label>X_BPID</label>
        <tableName>ORGNAME</tableName>
        <jdbcType>VARCHAR</jdbcType>
        <precision>50</precision>
      </column>
    </columns>
  </statement>
  <statement method='com.ibm.daimler.dsea.entityObject.XOrgNameExtInquiryData#getOrgNameHistoryByID(Object[])'>
    <parameters>
      <parameter>
        <parameterMode>parameterModeIn</parameterMode>
        <jdbcType>BIGINT</jdbcType>
        <precision>19</precision>
      </parameter>
      <parameter>
        <parameterMode>parameterModeIn</parameterMode>
        <jdbcType>TIMESTAMP</jdbcType>
      </parameter>
      <parameter>
        <parameterMode>parameterModeIn</parameterMode>
        <jdbcType>TIMESTAMP</jdbcType>
      </parameter>
    </parameters>
    <columns>
      <column>
        <label>HIST_ID_PK</label>
        <tableName>ORGNAME</tableName>
        <jdbcType>BIGINT</jdbcType>
        <precision>19</precision>
      </column>
      <column>
        <label>H_ACTION_CODE</label>
        <tableName>ORGNAME</tableName>
        <jdbcType>CHAR</jdbcType>
        <precision>1</precision>
      </column>
      <column>
        <label>H_CREATED_BY</label>
        <tableName>ORGNAME</tableName>
        <jdbcType>VARCHAR</jdbcType>
        <precision>20</precision>
      </column>
      <column>
        <label>H_CREATE_DT</label>
        <tableName>ORGNAME</tableName>
        <jdbcType>TIMESTAMP</jdbcType>
      </column>
      <column>
        <label>CONT_ID</label>
        <tableName>ORGNAME</tableName>
        <jdbcType>BIGINT</jdbcType>
        <precision>19</precision>
      </column>
      <column>
        <label>ORG_NAME</label>
        <tableName>ORGNAME</tableName>
        <jdbcType>VARCHAR</jdbcType>
        <precision>255</precision>
      </column>
      <column>
        <label>START_DT</label>
        <tableName>ORGNAME</tableName>
        <jdbcType>TIMESTAMP</jdbcType>
      </column>
      <column>
        <label>END_DT</label>
        <tableName>ORGNAME</tableName>
        <jdbcType>TIMESTAMP</jdbcType>
      </column>
      <column>
        <label>ORG_NAME_TP_CD</label>
        <tableName>ORGNAME</tableName>
        <jdbcType>BIGINT</jdbcType>
        <precision>19</precision>
      </column>
      <column>
        <label>S_ORG_NAME</label>
        <tableName>ORGNAME</tableName>
        <jdbcType>VARCHAR</jdbcType>
        <precision>255</precision>
      </column>
      <column>
        <label>NAME_SEARCH_KEY</label>
        <tableName>ORGNAME</tableName>
        <jdbcType>VARCHAR</jdbcType>
        <precision>30</precision>
      </column>
      <column>
        <label>LAST_UPDATE_DT</label>
        <tableName>ORGNAME</tableName>
        <jdbcType>TIMESTAMP</jdbcType>
      </column>
      <column>
        <label>LAST_UPDATE_USER</label>
        <tableName>ORGNAME</tableName>
        <jdbcType>VARCHAR</jdbcType>
        <precision>20</precision>
      </column>
      <column>
        <label>LAST_UPDATE_TX_ID</label>
        <tableName>ORGNAME</tableName>
        <jdbcType>BIGINT</jdbcType>
        <precision>19</precision>
      </column>
      <column>
        <label>LAST_USED_DT</label>
        <tableName>ORGNAME</tableName>
        <jdbcType>TIMESTAMP</jdbcType>
      </column>
      <column>
        <label>LAST_VERIFIED_DT</label>
        <tableName>ORGNAME</tableName>
        <jdbcType>TIMESTAMP</jdbcType>
      </column>
      <column>
        <label>SOURCE_IDENT_TP_CD</label>
        <tableName>ORGNAME</tableName>
        <jdbcType>BIGINT</jdbcType>
        <precision>19</precision>
      </column>
      <column>
        <label>STANDARD_IND</label>
        <tableName>ORGNAME</tableName>
        <jdbcType>CHAR</jdbcType>
        <precision>1</precision>
      </column>
      <column>
        <label>ORG_NAME_ID</label>
        <tableName>ORGNAME</tableName>
        <jdbcType>BIGINT</jdbcType>
        <precision>19</precision>
      </column>
      <column>
        <label>H_END_DT</label>
        <tableName>ORGNAME</tableName>
        <jdbcType>TIMESTAMP</jdbcType>
      </column>
      <column>
        <label>XMODIFY_SYS_DT</label>
        <tableName>ORGNAME</tableName>
        <jdbcType>TIMESTAMP</jdbcType>
      </column>
      <column>
        <label>XORG_NAME_LOCAL</label>
        <tableName>ORGNAME</tableName>
        <jdbcType>VARCHAR</jdbcType>
        <precision>500</precision>
      </column>
      <column>
        <label>XORGNAME_RETAILER_FLAG</label>
        <tableName>ORGNAME</tableName>
        <jdbcType>VARCHAR</jdbcType>
        <precision>10</precision>
      </column>
      <column>
        <label>X_BPID</label>
        <tableName>ORGNAME</tableName>
        <jdbcType>VARCHAR</jdbcType>
        <precision>50</precision>
      </column>
    </columns>
  </statement>
  <statement method='com.ibm.daimler.dsea.entityObject.XOrgNameExtInquiryData#getOrgNameImages(Object[])'>
    <parameters>
      <parameter>
        <parameterMode>parameterModeIn</parameterMode>
        <jdbcType>BIGINT</jdbcType>
        <precision>19</precision>
      </parameter>
      <parameter>
        <parameterMode>parameterModeIn</parameterMode>
        <jdbcType>TIMESTAMP</jdbcType>
      </parameter>
      <parameter>
        <parameterMode>parameterModeIn</parameterMode>
        <jdbcType>TIMESTAMP</jdbcType>
      </parameter>
    </parameters>
    <columns>
      <column>
        <label>HIST_ID_PK</label>
        <tableName>ORGNAME</tableName>
        <jdbcType>BIGINT</jdbcType>
        <precision>19</precision>
      </column>
      <column>
        <label>H_ACTION_CODE</label>
        <tableName>ORGNAME</tableName>
        <jdbcType>CHAR</jdbcType>
        <precision>1</precision>
      </column>
      <column>
        <label>H_CREATED_BY</label>
        <tableName>ORGNAME</tableName>
        <jdbcType>VARCHAR</jdbcType>
        <precision>20</precision>
      </column>
      <column>
        <label>H_CREATE_DT</label>
        <tableName>ORGNAME</tableName>
        <jdbcType>TIMESTAMP</jdbcType>
      </column>
      <column>
        <label>H_END_DT</label>
        <tableName>ORGNAME</tableName>
        <jdbcType>TIMESTAMP</jdbcType>
      </column>
      <column>
        <label>ORG_NAME_ID</label>
        <tableName>ORGNAME</tableName>
        <jdbcType>BIGINT</jdbcType>
        <precision>19</precision>
      </column>
      <column>
        <label>CONT_ID</label>
        <tableName>ORGNAME</tableName>
        <jdbcType>BIGINT</jdbcType>
        <precision>19</precision>
      </column>
      <column>
        <label>ORG_NAME</label>
        <tableName>ORGNAME</tableName>
        <jdbcType>VARCHAR</jdbcType>
        <precision>255</precision>
      </column>
      <column>
        <label>START_DT</label>
        <tableName>ORGNAME</tableName>
        <jdbcType>TIMESTAMP</jdbcType>
      </column>
      <column>
        <label>END_DT</label>
        <tableName>ORGNAME</tableName>
        <jdbcType>TIMESTAMP</jdbcType>
      </column>
      <column>
        <label>ORG_NAME_TP_CD</label>
        <tableName>ORGNAME</tableName>
        <jdbcType>BIGINT</jdbcType>
        <precision>19</precision>
      </column>
      <column>
        <label>S_ORG_NAME</label>
        <tableName>ORGNAME</tableName>
        <jdbcType>VARCHAR</jdbcType>
        <precision>255</precision>
      </column>
      <column>
        <label>NAME_SEARCH_KEY</label>
        <tableName>ORGNAME</tableName>
        <jdbcType>VARCHAR</jdbcType>
        <precision>30</precision>
      </column>
      <column>
        <label>LAST_UPDATE_DT</label>
        <tableName>ORGNAME</tableName>
        <jdbcType>TIMESTAMP</jdbcType>
      </column>
      <column>
        <label>LAST_UPDATE_USER</label>
        <tableName>ORGNAME</tableName>
        <jdbcType>VARCHAR</jdbcType>
        <precision>20</precision>
      </column>
      <column>
        <label>LAST_UPDATE_TX_ID</label>
        <tableName>ORGNAME</tableName>
        <jdbcType>BIGINT</jdbcType>
        <precision>19</precision>
      </column>
      <column>
        <label>LAST_USED_DT</label>
        <tableName>ORGNAME</tableName>
        <jdbcType>TIMESTAMP</jdbcType>
      </column>
      <column>
        <label>LAST_VERIFIED_DT</label>
        <tableName>ORGNAME</tableName>
        <jdbcType>TIMESTAMP</jdbcType>
      </column>
      <column>
        <label>SOURCE_IDENT_TP_CD</label>
        <tableName>ORGNAME</tableName>
        <jdbcType>BIGINT</jdbcType>
        <precision>19</precision>
      </column>
      <column>
        <label>STANDARD_IND</label>
        <tableName>ORGNAME</tableName>
        <jdbcType>CHAR</jdbcType>
        <precision>1</precision>
      </column>
      <column>
        <label>XMODIFY_SYS_DT</label>
        <tableName>ORGNAME</tableName>
        <jdbcType>TIMESTAMP</jdbcType>
      </column>
      <column>
        <label>XORG_NAME_LOCAL</label>
        <tableName>ORGNAME</tableName>
        <jdbcType>VARCHAR</jdbcType>
        <precision>500</precision>
      </column>
      <column>
        <label>XORGNAME_RETAILER_FLAG</label>
        <tableName>ORGNAME</tableName>
        <jdbcType>VARCHAR</jdbcType>
        <precision>10</precision>
      </column>
      <column>
        <label>X_BPID</label>
        <tableName>ORGNAME</tableName>
        <jdbcType>VARCHAR</jdbcType>
        <precision>50</precision>
      </column>
    </columns>
  </statement>
  <statement method='com.ibm.daimler.dsea.entityObject.XOrgNameExtInquiryData#getOrgNameLightImages(Object[])'>
    <parameters>
      <parameter>
        <parameterMode>parameterModeIn</parameterMode>
        <jdbcType>BIGINT</jdbcType>
        <precision>19</precision>
      </parameter>
      <parameter>
        <parameterMode>parameterModeIn</parameterMode>
        <jdbcType>TIMESTAMP</jdbcType>
      </parameter>
      <parameter>
        <parameterMode>parameterModeIn</parameterMode>
        <jdbcType>TIMESTAMP</jdbcType>
      </parameter>
    </parameters>
    <columns>
      <column>
        <label>ORG_NAME_ID</label>
        <tableName>ORGNAME</tableName>
        <jdbcType>BIGINT</jdbcType>
        <precision>19</precision>
      </column>
      <column>
        <label>LAST_UPDATE_DT</label>
        <tableName>ORGNAME</tableName>
        <jdbcType>TIMESTAMP</jdbcType>
      </column>
      <column>
        <label>XMODIFY_SYS_DT</label>
        <tableName>ORGNAME</tableName>
        <jdbcType>TIMESTAMP</jdbcType>
      </column>
      <column>
        <label>XORG_NAME_LOCAL</label>
        <tableName>ORGNAME</tableName>
        <jdbcType>VARCHAR</jdbcType>
        <precision>500</precision>
      </column>
      <column>
        <label>XORGNAME_RETAILER_FLAG</label>
        <tableName>ORGNAME</tableName>
        <jdbcType>VARCHAR</jdbcType>
        <precision>10</precision>
      </column>
      <column>
        <label>X_BPID</label>
        <tableName>ORGNAME</tableName>
        <jdbcType>VARCHAR</jdbcType>
        <precision>50</precision>
      </column>
    </columns>
  </statement>
</metadata>
