<?xml version='1.0' encoding='utf-8'?>
<!DOCTYPE metadata>
<metadata>
  <statement method='com.ibm.daimler.dsea.entityObject.XPersonExtInquiryData#getPersonHistory(Object[])'>
    <parameters>
      <parameter>
        <parameterMode>parameterModeIn</parameterMode>
        <jdbcType>BIGINT</jdbcType>
        <precision>19</precision>
      </parameter>
      <parameter>
        <parameterMode>parameterModeIn</parameterMode>
        <jdbcType>TIMESTAMP</jdbcType>
      </parameter>
      <parameter>
        <parameterMode>parameterModeIn</parameterMode>
        <jdbcType>TIMESTAMP</jdbcType>
      </parameter>
      <parameter>
        <parameterMode>parameterModeIn</parameterMode>
        <jdbcType>TIMESTAMP</jdbcType>
      </parameter>
      <parameter>
        <parameterMode>parameterModeIn</parameterMode>
        <jdbcType>TIMESTAMP</jdbcType>
      </parameter>
    </parameters>
    <columns>
      <column>
        <label>H_CONT_ID</label>
        <tableName>CONTACT</tableName>
        <jdbcType>BIGINT</jdbcType>
        <precision>19</precision>
      </column>
      <column>
        <label>H_ACTION_CODE</label>
        <tableName>CONTACT</tableName>
        <jdbcType>CHAR</jdbcType>
        <precision>1</precision>
      </column>
      <column>
        <label>H_CREATED_BY</label>
        <tableName>CONTACT</tableName>
        <jdbcType>VARCHAR</jdbcType>
        <precision>20</precision>
      </column>
      <column>
        <label>H_CREATE_DT</label>
        <tableName>CONTACT</tableName>
        <jdbcType>TIMESTAMP</jdbcType>
      </column>
      <column>
        <label>H_END_DT</label>
        <tableName>CONTACT</tableName>
        <jdbcType>TIMESTAMP</jdbcType>
      </column>
      <column>
        <label>CONT_ID</label>
        <tableName>CONTACT</tableName>
        <jdbcType>BIGINT</jdbcType>
        <precision>19</precision>
      </column>
      <column>
        <label>ACCE_COMP_TP_CD</label>
        <tableName>CONTACT</tableName>
        <jdbcType>BIGINT</jdbcType>
        <precision>19</precision>
      </column>
      <column>
        <label>PREF_LANG_TP_CD</label>
        <tableName>CONTACT</tableName>
        <jdbcType>BIGINT</jdbcType>
        <precision>19</precision>
      </column>
      <column>
        <label>CREATED_DT</label>
        <tableName>CONTACT</tableName>
        <jdbcType>TIMESTAMP</jdbcType>
      </column>
      <column>
        <label>SINCE_DT</label>
        <tableName>CONTACT</tableName>
        <jdbcType>TIMESTAMP</jdbcType>
      </column>
      <column>
        <label>LEFT_DT</label>
        <tableName>CONTACT</tableName>
        <jdbcType>TIMESTAMP</jdbcType>
      </column>
      <column>
        <label>INACTIVATED_DT</label>
        <tableName>CONTACT</tableName>
        <jdbcType>TIMESTAMP</jdbcType>
      </column>
      <column>
        <label>CONTACT_NAME</label>
        <tableName>CONTACT</tableName>
        <jdbcType>VARCHAR</jdbcType>
        <precision>255</precision>
      </column>
      <column>
        <label>PERSON_ORG_CODE</label>
        <tableName>CONTACT</tableName>
        <jdbcType>CHAR</jdbcType>
        <precision>1</precision>
      </column>
      <column>
        <label>SOLICIT_IND</label>
        <tableName>CONTACT</tableName>
        <jdbcType>CHAR</jdbcType>
        <precision>1</precision>
      </column>
      <column>
        <label>CONFIDENTIAL_IND</label>
        <tableName>CONTACT</tableName>
        <jdbcType>CHAR</jdbcType>
        <precision>1</precision>
      </column>
      <column>
        <label>CLIENT_IMP_TP_CD</label>
        <tableName>CONTACT</tableName>
        <jdbcType>BIGINT</jdbcType>
        <precision>19</precision>
      </column>
      <column>
        <label>CLIENT_ST_TP_CD</label>
        <tableName>CONTACT</tableName>
        <jdbcType>BIGINT</jdbcType>
        <precision>19</precision>
      </column>
      <column>
        <label>CLIENT_POTEN_TP_CD</label>
        <tableName>CONTACT</tableName>
        <jdbcType>BIGINT</jdbcType>
        <precision>19</precision>
      </column>
      <column>
        <label>RPTING_FREQ_TP_CD</label>
        <tableName>CONTACT</tableName>
        <jdbcType>BIGINT</jdbcType>
        <precision>19</precision>
      </column>
      <column>
        <label>LAST_STATEMENT_DT</label>
        <tableName>CONTACT</tableName>
        <jdbcType>TIMESTAMP</jdbcType>
      </column>
      <column>
        <label>PROVIDED_BY_CONT</label>
        <tableName>CONTACT</tableName>
        <jdbcType>BIGINT</jdbcType>
        <precision>19</precision>
      </column>
      <column>
        <label>LAST_UPDATE_DT</label>
        <tableName>CONTACT</tableName>
        <jdbcType>TIMESTAMP</jdbcType>
      </column>
      <column>
        <label>LAST_UPDATE_USER</label>
        <tableName>CONTACT</tableName>
        <jdbcType>VARCHAR</jdbcType>
        <precision>20</precision>
      </column>
      <column>
        <label>LAST_UPDATE_TX_ID</label>
        <tableName>CONTACT</tableName>
        <jdbcType>BIGINT</jdbcType>
        <precision>19</precision>
      </column>
      <column>
        <label>LAST_USED_DT</label>
        <tableName>CONTACT</tableName>
        <jdbcType>TIMESTAMP</jdbcType>
      </column>
      <column>
        <label>LAST_VERIFIED_DT</label>
        <tableName>CONTACT</tableName>
        <jdbcType>TIMESTAMP</jdbcType>
      </column>
      <column>
        <label>SOURCE_IDENT_TP_CD</label>
        <tableName>CONTACT</tableName>
        <jdbcType>BIGINT</jdbcType>
        <precision>19</precision>
      </column>
      <column>
        <label>DO_NOT_DELETE_IND</label>
        <tableName>CONTACT</tableName>
        <jdbcType>CHAR</jdbcType>
        <precision>1</precision>
      </column>
      <column>
        <label>ALERT_IND</label>
        <tableName>CONTACT</tableName>
        <jdbcType>CHAR</jdbcType>
        <precision>1</precision>
      </column>
      <column>
        <label>H_CONT_ID_PERSON</label>
        <tableName>PERSON</tableName>
        <jdbcType>BIGINT</jdbcType>
        <precision>19</precision>
      </column>
      <column>
        <label>H_ACTION_CODE</label>
        <tableName>PERSON</tableName>
        <jdbcType>CHAR</jdbcType>
        <precision>1</precision>
      </column>
      <column>
        <label>H_CREATED_BY</label>
        <tableName>PERSON</tableName>
        <jdbcType>VARCHAR</jdbcType>
        <precision>20</precision>
      </column>
      <column>
        <label>H_CREATE_DT</label>
        <tableName>PERSON</tableName>
        <jdbcType>TIMESTAMP</jdbcType>
      </column>
      <column>
        <label>H_END_DT</label>
        <tableName>PERSON</tableName>
        <jdbcType>TIMESTAMP</jdbcType>
      </column>
      <column>
        <label>CONT_ID</label>
        <tableName>PERSON</tableName>
        <jdbcType>BIGINT</jdbcType>
        <precision>19</precision>
      </column>
      <column>
        <label>MARITAL_ST_TP_CD</label>
        <tableName>PERSON</tableName>
        <jdbcType>BIGINT</jdbcType>
        <precision>19</precision>
      </column>
      <column>
        <label>BIRTHPLACE_TP_CD</label>
        <tableName>PERSON</tableName>
        <jdbcType>BIGINT</jdbcType>
        <precision>19</precision>
      </column>
      <column>
        <label>CITIZENSHIP_TP_CD</label>
        <tableName>PERSON</tableName>
        <jdbcType>BIGINT</jdbcType>
        <precision>19</precision>
      </column>
      <column>
        <label>HIGHEST_EDU_TP_CD</label>
        <tableName>PERSON</tableName>
        <jdbcType>BIGINT</jdbcType>
        <precision>19</precision>
      </column>
      <column>
        <label>AGE_VER_DOC_TP_CD</label>
        <tableName>PERSON</tableName>
        <jdbcType>BIGINT</jdbcType>
        <precision>19</precision>
      </column>
      <column>
        <label>GENDER_TP_CODE</label>
        <tableName>PERSON</tableName>
        <jdbcType>CHAR</jdbcType>
        <precision>1</precision>
      </column>
      <column>
        <label>BIRTH_DT</label>
        <tableName>PERSON</tableName>
        <jdbcType>TIMESTAMP</jdbcType>
      </column>
      <column>
        <label>DECEASED_DT</label>
        <tableName>PERSON</tableName>
        <jdbcType>TIMESTAMP</jdbcType>
      </column>
      <column>
        <label>CHILDREN_CT</label>
        <tableName>PERSON</tableName>
        <jdbcType>SMALLINT</jdbcType>
        <precision>10</precision>
      </column>
      <column>
        <label>DISAB_START_DT</label>
        <tableName>PERSON</tableName>
        <jdbcType>TIMESTAMP</jdbcType>
      </column>
      <column>
        <label>DISAB_END_DT</label>
        <tableName>PERSON</tableName>
        <jdbcType>TIMESTAMP</jdbcType>
      </column>
      <column>
        <label>USER_IND</label>
        <tableName>PERSON</tableName>
        <jdbcType>CHAR</jdbcType>
        <precision>1</precision>
      </column>
      <column>
        <label>LAST_UPDATE_DT</label>
        <tableName>PERSON</tableName>
        <jdbcType>TIMESTAMP</jdbcType>
      </column>
      <column>
        <label>LAST_UPDATE_USER</label>
        <tableName>PERSON</tableName>
        <jdbcType>VARCHAR</jdbcType>
        <precision>20</precision>
      </column>
      <column>
        <label>LAST_UPDATE_TX_ID</label>
        <tableName>PERSON</tableName>
        <jdbcType>BIGINT</jdbcType>
        <precision>19</precision>
      </column>
      <column>
        <label>ACCESS_TOKEN_VALUE</label>
        <tableName>CONTACT</tableName>
        <jdbcType>VARCHAR</jdbcType>
        <precision>50</precision>
      </column>
      <column>
        <label>PENDING_CDC_IND</label>
        <tableName>CONTACT</tableName>
        <jdbcType>CHAR</jdbcType>
        <precision>1</precision>
      </column>
      <column>
        <label>ENTITYLINK_ST_TP_CD</label>
        <tableName>CONTACT</tableName>
        <jdbcType>BIGINT</jdbcType>
        <precision>19</precision>
      </column>
      <column>
        <label>ENTITY_ID</label>
        <tableName>CONTACT</tableName>
        <jdbcType>BIGINT</jdbcType>
        <precision>19</precision>
      </column>
      <column>
        <label>ENTITY_TYPE</label>
        <tableName>CONTACT</tableName>
        <jdbcType>VARCHAR</jdbcType>
        <precision>25</precision>
      </column>
      <column>
        <label>ENTITY_STATUS_TP_CD</label>
        <tableName>CONTACT</tableName>
        <jdbcType>BIGINT</jdbcType>
        <precision>19</precision>
      </column>
      <column>
        <label>XDEFUNCT_IND</label>
        <tableName>PERSON</tableName>
        <jdbcType>VARCHAR</jdbcType>
        <precision>5</precision>
      </column>
      <column>
        <label>XMARKET_NAME</label>
        <tableName>PERSON</tableName>
        <jdbcType>VARCHAR</jdbcType>
        <precision>50</precision>
      </column>
      <column>
        <label>XBATCH_IND</label>
        <tableName>PERSON</tableName>
        <jdbcType>VARCHAR</jdbcType>
        <precision>5</precision>
      </column>
      <column>
        <label>XEMPLOYER_NAME</label>
        <tableName>PERSON</tableName>
        <jdbcType>VARCHAR</jdbcType>
        <precision>255</precision>
      </column>
      <column>
        <label>XOCCUPATION_TP_CD</label>
        <tableName>PERSON</tableName>
        <jdbcType>BIGINT</jdbcType>
        <precision>19</precision>
      </column>
      <column>
        <label>XMODIFY_SYS_DT</label>
        <tableName>PERSON</tableName>
        <jdbcType>TIMESTAMP</jdbcType>
      </column>
      <column>
        <label>XSOURCE_TYPE_FLAG</label>
        <tableName>PERSON</tableName>
        <jdbcType>VARCHAR</jdbcType>
        <precision>50</precision>
      </column>
      <column>
        <label>XGENDER_FS</label>
        <tableName>PERSON</tableName>
        <jdbcType>VARCHAR</jdbcType>
        <precision>10</precision>
      </column>
      <column>
        <label>XBIRTH_DT_FS</label>
        <tableName>PERSON</tableName>
        <jdbcType>TIMESTAMP</jdbcType>
      </column>
      <column>
        <label>XGENERATED_BY</label>
        <tableName>PERSON</tableName>
        <jdbcType>VARCHAR</jdbcType>
        <precision>50</precision>
      </column>
      <column>
        <label>XHobby</label>
        <tableName>PERSON</tableName>
        <jdbcType>VARCHAR</jdbcType>
        <precision>250</precision>
      </column>
      <column>
        <label>XPERSONAL_AGREEMENT</label>
        <tableName>PERSON</tableName>
        <jdbcType>VARCHAR</jdbcType>
        <precision>20</precision>
      </column>
      <column>
        <label>XDo_Not_Merge_Flag</label>
        <tableName>PERSON</tableName>
        <jdbcType>VARCHAR</jdbcType>
        <precision>5</precision>
      </column>
      <column>
        <label>DELETE_FLAG</label>
        <tableName>PERSON</tableName>
        <jdbcType>VARCHAR</jdbcType>
        <precision>10</precision>
      </column>
      <column>
        <label>INFO_REMOVE_FLAG</label>
        <tableName>PERSON</tableName>
        <jdbcType>VARCHAR</jdbcType>
        <precision>10</precision>
      </column>
      <column>
        <label>DEDUP_HIDDEN_FLAG</label>
        <tableName>PERSON</tableName>
        <jdbcType>VARCHAR</jdbcType>
        <precision>10</precision>
      </column>
      <column>
        <label>PREF_COMMUNICATION_CHANNEL</label>
        <tableName>PERSON</tableName>
        <jdbcType>VARCHAR</jdbcType>
        <precision>255</precision>
      </column>
      <column>
        <label>YANASE_FLAG</label>
        <tableName>PERSON</tableName>
        <jdbcType>VARCHAR</jdbcType>
        <precision>10</precision>
      </column>
      <column>
        <label>FINANCE_PARTY_TYPE</label>
        <tableName>PERSON</tableName>
        <jdbcType>VARCHAR</jdbcType>
        <precision>10</precision>
      </column>
      <column>
        <label>CONTRACT_NUMBER</label>
        <tableName>PERSON</tableName>
        <jdbcType>VARCHAR</jdbcType>
        <precision>250</precision>
      </column>
      <column>
        <label>XPrivacy_Act</label>
        <tableName>PERSON</tableName>
        <jdbcType>VARCHAR</jdbcType>
        <precision>250</precision>
      </column>
      <column>
        <label>XFleet</label>
        <tableName>PERSON</tableName>
        <jdbcType>VARCHAR</jdbcType>
        <precision>5</precision>
      </column>
      <column>
        <label>XPC_Ind</label>
        <tableName>PERSON</tableName>
        <jdbcType>VARCHAR</jdbcType>
        <precision>10</precision>
      </column>
      <column>
        <label>XVANS_Ind</label>
        <tableName>PERSON</tableName>
        <jdbcType>VARCHAR</jdbcType>
        <precision>10</precision>
      </column>
      <column>
        <label>Last_Activity_Date</label>
        <tableName>PERSON</tableName>
        <jdbcType>TIMESTAMP</jdbcType>
      </column>
      <column>
        <label>X_CUST_TYPE</label>
        <tableName>PERSON</tableName>
        <jdbcType>VARCHAR</jdbcType>
        <precision>10</precision>
      </column>
      <column>
        <label>X_ANONYMIZED</label>
        <tableName>PERSON</tableName>
        <jdbcType>VARCHAR</jdbcType>
        <precision>10</precision>
      </column>
    </columns>
  </statement>
  <statement method='com.ibm.daimler.dsea.entityObject.XPersonExtInquiryData#getPersonWithIndicators(Object[])'>
    <parameters>
      <parameter>
        <parameterMode>parameterModeIn</parameterMode>
        <jdbcType>BIGINT</jdbcType>
        <precision>19</precision>
      </parameter>
    </parameters>
    <columns>
      <column>
        <label>CONT_ID</label>
        <tableName>CONTACT</tableName>
        <jdbcType>BIGINT</jdbcType>
        <precision>19</precision>
      </column>
      <column>
        <label>ACCE_COMP_TP_CD</label>
        <tableName>CONTACT</tableName>
        <jdbcType>BIGINT</jdbcType>
        <precision>19</precision>
      </column>
      <column>
        <label>PREF_LANG_TP_CD</label>
        <tableName>CONTACT</tableName>
        <jdbcType>BIGINT</jdbcType>
        <precision>19</precision>
      </column>
      <column>
        <label>CREATED_DT</label>
        <tableName>CONTACT</tableName>
        <jdbcType>TIMESTAMP</jdbcType>
      </column>
      <column>
        <label>SINCE_DT</label>
        <tableName>CONTACT</tableName>
        <jdbcType>TIMESTAMP</jdbcType>
      </column>
      <column>
        <label>LEFT_DT</label>
        <tableName>CONTACT</tableName>
        <jdbcType>TIMESTAMP</jdbcType>
      </column>
      <column>
        <label>INACTIVATED_DT</label>
        <tableName>CONTACT</tableName>
        <jdbcType>TIMESTAMP</jdbcType>
      </column>
      <column>
        <label>CONTACT_NAME</label>
        <tableName>CONTACT</tableName>
        <jdbcType>VARCHAR</jdbcType>
        <precision>255</precision>
      </column>
      <column>
        <label>PERSON_ORG_CODE</label>
        <tableName>CONTACT</tableName>
        <jdbcType>CHAR</jdbcType>
        <precision>1</precision>
      </column>
      <column>
        <label>SOLICIT_IND</label>
        <tableName>CONTACT</tableName>
        <jdbcType>CHAR</jdbcType>
        <precision>1</precision>
      </column>
      <column>
        <label>CONFIDENTIAL_IND</label>
        <tableName>CONTACT</tableName>
        <jdbcType>CHAR</jdbcType>
        <precision>1</precision>
      </column>
      <column>
        <label>CLIENT_IMP_TP_CD</label>
        <tableName>CONTACT</tableName>
        <jdbcType>BIGINT</jdbcType>
        <precision>19</precision>
      </column>
      <column>
        <label>CLIENT_ST_TP_CD</label>
        <tableName>CONTACT</tableName>
        <jdbcType>BIGINT</jdbcType>
        <precision>19</precision>
      </column>
      <column>
        <label>CLIENT_POTEN_TP_CD</label>
        <tableName>CONTACT</tableName>
        <jdbcType>BIGINT</jdbcType>
        <precision>19</precision>
      </column>
      <column>
        <label>RPTING_FREQ_TP_CD</label>
        <tableName>CONTACT</tableName>
        <jdbcType>BIGINT</jdbcType>
        <precision>19</precision>
      </column>
      <column>
        <label>LAST_STATEMENT_DT</label>
        <tableName>CONTACT</tableName>
        <jdbcType>TIMESTAMP</jdbcType>
      </column>
      <column>
        <label>PROVIDED_BY_CONT</label>
        <tableName>CONTACT</tableName>
        <jdbcType>BIGINT</jdbcType>
        <precision>19</precision>
      </column>
      <column>
        <label>LAST_UPDATE_DT</label>
        <tableName>CONTACT</tableName>
        <jdbcType>TIMESTAMP</jdbcType>
      </column>
      <column>
        <label>LAST_UPDATE_USER</label>
        <tableName>CONTACT</tableName>
        <jdbcType>VARCHAR</jdbcType>
        <precision>20</precision>
      </column>
      <column>
        <label>ALERT_IND</label>
        <tableName>CONTACT</tableName>
        <jdbcType>CHAR</jdbcType>
        <precision>1</precision>
      </column>
      <column>
        <label>LAST_UPDATE_TX_ID</label>
        <tableName>CONTACT</tableName>
        <jdbcType>BIGINT</jdbcType>
        <precision>19</precision>
      </column>
      <column>
        <label>LAST_USED_DT</label>
        <tableName>CONTACT</tableName>
        <jdbcType>TIMESTAMP</jdbcType>
      </column>
      <column>
        <label>LAST_VERIFIED_DT</label>
        <tableName>CONTACT</tableName>
        <jdbcType>TIMESTAMP</jdbcType>
      </column>
      <column>
        <label>SOURCE_IDENT_TP_CD</label>
        <tableName>CONTACT</tableName>
        <jdbcType>BIGINT</jdbcType>
        <precision>19</precision>
      </column>
      <column>
        <label>DO_NOT_DELETE_IND</label>
        <tableName>CONTACT</tableName>
        <jdbcType>CHAR</jdbcType>
        <precision>1</precision>
      </column>
      <column>
        <label>CONT_ID</label>
        <tableName>PERSON</tableName>
        <jdbcType>BIGINT</jdbcType>
        <precision>19</precision>
      </column>
      <column>
        <label>MARITAL_ST_TP_CD</label>
        <tableName>PERSON</tableName>
        <jdbcType>BIGINT</jdbcType>
        <precision>19</precision>
      </column>
      <column>
        <label>BIRTHPLACE_TP_CD</label>
        <tableName>PERSON</tableName>
        <jdbcType>BIGINT</jdbcType>
        <precision>19</precision>
      </column>
      <column>
        <label>CITIZENSHIP_TP_CD</label>
        <tableName>PERSON</tableName>
        <jdbcType>BIGINT</jdbcType>
        <precision>19</precision>
      </column>
      <column>
        <label>HIGHEST_EDU_TP_CD</label>
        <tableName>PERSON</tableName>
        <jdbcType>BIGINT</jdbcType>
        <precision>19</precision>
      </column>
      <column>
        <label>AGE_VER_DOC_TP_CD</label>
        <tableName>PERSON</tableName>
        <jdbcType>BIGINT</jdbcType>
        <precision>19</precision>
      </column>
      <column>
        <label>GENDER_TP_CODE</label>
        <tableName>PERSON</tableName>
        <jdbcType>CHAR</jdbcType>
        <precision>1</precision>
      </column>
      <column>
        <label>BIRTH_DT</label>
        <tableName>PERSON</tableName>
        <jdbcType>TIMESTAMP</jdbcType>
      </column>
      <column>
        <label>DECEASED_DT</label>
        <tableName>PERSON</tableName>
        <jdbcType>TIMESTAMP</jdbcType>
      </column>
      <column>
        <label>CHILDREN_CT</label>
        <tableName>PERSON</tableName>
        <jdbcType>SMALLINT</jdbcType>
        <precision>10</precision>
      </column>
      <column>
        <label>DISAB_START_DT</label>
        <tableName>PERSON</tableName>
        <jdbcType>TIMESTAMP</jdbcType>
      </column>
      <column>
        <label>DISAB_END_DT</label>
        <tableName>PERSON</tableName>
        <jdbcType>TIMESTAMP</jdbcType>
      </column>
      <column>
        <label>USER_IND</label>
        <tableName>PERSON</tableName>
        <jdbcType>CHAR</jdbcType>
        <precision>1</precision>
      </column>
      <column>
        <label>LAST_UPDATE_DT</label>
        <tableName>PERSON</tableName>
        <jdbcType>TIMESTAMP</jdbcType>
      </column>
      <column>
        <label>LAST_UPDATE_USER</label>
        <tableName>PERSON</tableName>
        <jdbcType>VARCHAR</jdbcType>
        <precision>20</precision>
      </column>
      <column>
        <label>LAST_UPDATE_TX_ID</label>
        <tableName>PERSON</tableName>
        <jdbcType>BIGINT</jdbcType>
        <precision>19</precision>
      </column>
      <column>
        <label>CONT_ID</label>
        <tableName>CONTSUMMARY</tableName>
        <jdbcType>BIGINT</jdbcType>
        <precision>19</precision>
      </column>
      <column>
        <label>PRIVPREF_IND</label>
        <tableName>CONTSUMMARY</tableName>
        <jdbcType>SMALLINT</jdbcType>
        <precision>5</precision>
      </column>
      <column>
        <label>MISCVALUE_IND</label>
        <tableName>CONTSUMMARY</tableName>
        <jdbcType>SMALLINT</jdbcType>
        <precision>5</precision>
      </column>
      <column>
        <label>CONTACTREL_IND</label>
        <tableName>CONTSUMMARY</tableName>
        <jdbcType>SMALLINT</jdbcType>
        <precision>5</precision>
      </column>
      <column>
        <label>BANKACCOUNT_IND</label>
        <tableName>CONTSUMMARY</tableName>
        <jdbcType>SMALLINT</jdbcType>
        <precision>5</precision>
      </column>
      <column>
        <label>CHARGECARD_IND</label>
        <tableName>CONTSUMMARY</tableName>
        <jdbcType>SMALLINT</jdbcType>
        <precision>5</precision>
      </column>
      <column>
        <label>INCOMESOURCE_IND</label>
        <tableName>CONTSUMMARY</tableName>
        <jdbcType>SMALLINT</jdbcType>
        <precision>5</precision>
      </column>
      <column>
        <label>PAYROLLDEDUCT_IND</label>
        <tableName>CONTSUMMARY</tableName>
        <jdbcType>SMALLINT</jdbcType>
        <precision>5</precision>
      </column>
      <column>
        <label>IDENTIFIER_IND</label>
        <tableName>CONTSUMMARY</tableName>
        <jdbcType>SMALLINT</jdbcType>
        <precision>5</precision>
      </column>
      <column>
        <label>ALERT_IND</label>
        <tableName>CONTSUMMARY</tableName>
        <jdbcType>SMALLINT</jdbcType>
        <precision>5</precision>
      </column>
      <column>
        <label>CONTEQUIV_IND</label>
        <tableName>CONTSUMMARY</tableName>
        <jdbcType>SMALLINT</jdbcType>
        <precision>5</precision>
      </column>
      <column>
        <label>INTERACTION_IND</label>
        <tableName>CONTSUMMARY</tableName>
        <jdbcType>SMALLINT</jdbcType>
        <precision>5</precision>
      </column>
      <column>
        <label>ADDRESSGROUP_IND</label>
        <tableName>CONTSUMMARY</tableName>
        <jdbcType>SMALLINT</jdbcType>
        <precision>5</precision>
      </column>
      <column>
        <label>CONTMETHGROUP_IND</label>
        <tableName>CONTSUMMARY</tableName>
        <jdbcType>SMALLINT</jdbcType>
        <precision>5</precision>
      </column>
      <column>
        <label>LOBREL_IND</label>
        <tableName>CONTSUMMARY</tableName>
        <jdbcType>SMALLINT</jdbcType>
        <precision>5</precision>
      </column>
      <column>
        <label>LAST_UPDATE_DT</label>
        <tableName>CONTSUMMARY</tableName>
        <jdbcType>TIMESTAMP</jdbcType>
      </column>
      <column>
        <label>LAST_UPDATE_USER</label>
        <tableName>CONTSUMMARY</tableName>
        <jdbcType>VARCHAR</jdbcType>
        <precision>20</precision>
      </column>
      <column>
        <label>LAST_UPDATE_TX_ID</label>
        <tableName>CONTSUMMARY</tableName>
        <jdbcType>BIGINT</jdbcType>
        <precision>19</precision>
      </column>
      <column>
        <label>ACCESS_TOKEN_VALUE</label>
        <tableName>CONTACT</tableName>
        <jdbcType>VARCHAR</jdbcType>
        <precision>50</precision>
      </column>
      <column>
        <label>PENDING_CDC_IND</label>
        <tableName>CONTACT</tableName>
        <jdbcType>CHAR</jdbcType>
        <precision>1</precision>
      </column>
      <column>
        <label>ENTITYLINK_ST_TP_CD</label>
        <tableName>CONTACT</tableName>
        <jdbcType>BIGINT</jdbcType>
        <precision>19</precision>
      </column>
      <column>
        <label>ENTITY_ID</label>
        <tableName>CONTACT</tableName>
        <jdbcType>BIGINT</jdbcType>
        <precision>19</precision>
      </column>
      <column>
        <label>ENTITY_TYPE</label>
        <tableName>CONTACT</tableName>
        <jdbcType>VARCHAR</jdbcType>
        <precision>25</precision>
      </column>
      <column>
        <label>ENTITY_STATUS_TP_CD</label>
        <tableName>CONTACT</tableName>
        <jdbcType>BIGINT</jdbcType>
        <precision>19</precision>
      </column>
      <column>
        <label>XDEFUNCT_IND</label>
        <tableName>PERSON</tableName>
        <jdbcType>VARCHAR</jdbcType>
        <precision>5</precision>
      </column>
      <column>
        <label>XMARKET_NAME</label>
        <tableName>PERSON</tableName>
        <jdbcType>VARCHAR</jdbcType>
        <precision>50</precision>
      </column>
      <column>
        <label>XBATCH_IND</label>
        <tableName>PERSON</tableName>
        <jdbcType>VARCHAR</jdbcType>
        <precision>5</precision>
      </column>
      <column>
        <label>XEMPLOYER_NAME</label>
        <tableName>PERSON</tableName>
        <jdbcType>VARCHAR</jdbcType>
        <precision>255</precision>
      </column>
      <column>
        <label>XOCCUPATION_TP_CD</label>
        <tableName>PERSON</tableName>
        <jdbcType>BIGINT</jdbcType>
        <precision>19</precision>
      </column>
      <column>
        <label>XMODIFY_SYS_DT</label>
        <tableName>PERSON</tableName>
        <jdbcType>TIMESTAMP</jdbcType>
      </column>
      <column>
        <label>XSOURCE_TYPE_FLAG</label>
        <tableName>PERSON</tableName>
        <jdbcType>VARCHAR</jdbcType>
        <precision>50</precision>
      </column>
      <column>
        <label>XGENDER_FS</label>
        <tableName>PERSON</tableName>
        <jdbcType>VARCHAR</jdbcType>
        <precision>10</precision>
      </column>
      <column>
        <label>XBIRTH_DT_FS</label>
        <tableName>PERSON</tableName>
        <jdbcType>TIMESTAMP</jdbcType>
      </column>
      <column>
        <label>XGENERATED_BY</label>
        <tableName>PERSON</tableName>
        <jdbcType>VARCHAR</jdbcType>
        <precision>50</precision>
      </column>
      <column>
        <label>XHobby</label>
        <tableName>PERSON</tableName>
        <jdbcType>VARCHAR</jdbcType>
        <precision>250</precision>
      </column>
      <column>
        <label>XPERSONAL_AGREEMENT</label>
        <tableName>PERSON</tableName>
        <jdbcType>VARCHAR</jdbcType>
        <precision>20</precision>
      </column>
      <column>
        <label>XDo_Not_Merge_Flag</label>
        <tableName>PERSON</tableName>
        <jdbcType>VARCHAR</jdbcType>
        <precision>5</precision>
      </column>
      <column>
        <label>DELETE_FLAG</label>
        <tableName>PERSON</tableName>
        <jdbcType>VARCHAR</jdbcType>
        <precision>10</precision>
      </column>
      <column>
        <label>INFO_REMOVE_FLAG</label>
        <tableName>PERSON</tableName>
        <jdbcType>VARCHAR</jdbcType>
        <precision>10</precision>
      </column>
      <column>
        <label>DEDUP_HIDDEN_FLAG</label>
        <tableName>PERSON</tableName>
        <jdbcType>VARCHAR</jdbcType>
        <precision>10</precision>
      </column>
      <column>
        <label>PREF_COMMUNICATION_CHANNEL</label>
        <tableName>PERSON</tableName>
        <jdbcType>VARCHAR</jdbcType>
        <precision>255</precision>
      </column>
      <column>
        <label>YANASE_FLAG</label>
        <tableName>PERSON</tableName>
        <jdbcType>VARCHAR</jdbcType>
        <precision>10</precision>
      </column>
      <column>
        <label>FINANCE_PARTY_TYPE</label>
        <tableName>PERSON</tableName>
        <jdbcType>VARCHAR</jdbcType>
        <precision>10</precision>
      </column>
      <column>
        <label>CONTRACT_NUMBER</label>
        <tableName>PERSON</tableName>
        <jdbcType>VARCHAR</jdbcType>
        <precision>250</precision>
      </column>
      <column>
        <label>XPrivacy_Act</label>
        <tableName>PERSON</tableName>
        <jdbcType>VARCHAR</jdbcType>
        <precision>250</precision>
      </column>
      <column>
        <label>XFleet</label>
        <tableName>PERSON</tableName>
        <jdbcType>VARCHAR</jdbcType>
        <precision>5</precision>
      </column>
      <column>
        <label>XPC_Ind</label>
        <tableName>PERSON</tableName>
        <jdbcType>VARCHAR</jdbcType>
        <precision>10</precision>
      </column>
      <column>
        <label>XVANS_Ind</label>
        <tableName>PERSON</tableName>
        <jdbcType>VARCHAR</jdbcType>
        <precision>10</precision>
      </column>
      <column>
        <label>Last_Activity_Date</label>
        <tableName>PERSON</tableName>
        <jdbcType>TIMESTAMP</jdbcType>
      </column>
      <column>
        <label>X_CUST_TYPE</label>
        <tableName>PERSON</tableName>
        <jdbcType>VARCHAR</jdbcType>
        <precision>10</precision>
      </column>
      <column>
        <label>X_ANONYMIZED</label>
        <tableName>PERSON</tableName>
        <jdbcType>VARCHAR</jdbcType>
        <precision>10</precision>
      </column>
    </columns>
  </statement>
  <statement method='com.ibm.daimler.dsea.entityObject.XPersonExtInquiryData#getPerson(Object[])'>
    <parameters>
      <parameter>
        <parameterMode>parameterModeIn</parameterMode>
        <jdbcType>BIGINT</jdbcType>
        <precision>19</precision>
      </parameter>
    </parameters>
    <columns>
      <column>
        <label>CONT_ID</label>
        <tableName>CONTACT</tableName>
        <jdbcType>BIGINT</jdbcType>
        <precision>19</precision>
      </column>
      <column>
        <label>ACCE_COMP_TP_CD</label>
        <tableName>CONTACT</tableName>
        <jdbcType>BIGINT</jdbcType>
        <precision>19</precision>
      </column>
      <column>
        <label>PREF_LANG_TP_CD</label>
        <tableName>CONTACT</tableName>
        <jdbcType>BIGINT</jdbcType>
        <precision>19</precision>
      </column>
      <column>
        <label>CREATED_DT</label>
        <tableName>CONTACT</tableName>
        <jdbcType>TIMESTAMP</jdbcType>
      </column>
      <column>
        <label>SINCE_DT</label>
        <tableName>CONTACT</tableName>
        <jdbcType>TIMESTAMP</jdbcType>
      </column>
      <column>
        <label>LEFT_DT</label>
        <tableName>CONTACT</tableName>
        <jdbcType>TIMESTAMP</jdbcType>
      </column>
      <column>
        <label>INACTIVATED_DT</label>
        <tableName>CONTACT</tableName>
        <jdbcType>TIMESTAMP</jdbcType>
      </column>
      <column>
        <label>CONTACT_NAME</label>
        <tableName>CONTACT</tableName>
        <jdbcType>VARCHAR</jdbcType>
        <precision>255</precision>
      </column>
      <column>
        <label>PERSON_ORG_CODE</label>
        <tableName>CONTACT</tableName>
        <jdbcType>CHAR</jdbcType>
        <precision>1</precision>
      </column>
      <column>
        <label>SOLICIT_IND</label>
        <tableName>CONTACT</tableName>
        <jdbcType>CHAR</jdbcType>
        <precision>1</precision>
      </column>
      <column>
        <label>CONFIDENTIAL_IND</label>
        <tableName>CONTACT</tableName>
        <jdbcType>CHAR</jdbcType>
        <precision>1</precision>
      </column>
      <column>
        <label>CLIENT_IMP_TP_CD</label>
        <tableName>CONTACT</tableName>
        <jdbcType>BIGINT</jdbcType>
        <precision>19</precision>
      </column>
      <column>
        <label>CLIENT_ST_TP_CD</label>
        <tableName>CONTACT</tableName>
        <jdbcType>BIGINT</jdbcType>
        <precision>19</precision>
      </column>
      <column>
        <label>CLIENT_POTEN_TP_CD</label>
        <tableName>CONTACT</tableName>
        <jdbcType>BIGINT</jdbcType>
        <precision>19</precision>
      </column>
      <column>
        <label>RPTING_FREQ_TP_CD</label>
        <tableName>CONTACT</tableName>
        <jdbcType>BIGINT</jdbcType>
        <precision>19</precision>
      </column>
      <column>
        <label>LAST_STATEMENT_DT</label>
        <tableName>CONTACT</tableName>
        <jdbcType>TIMESTAMP</jdbcType>
      </column>
      <column>
        <label>PROVIDED_BY_CONT</label>
        <tableName>CONTACT</tableName>
        <jdbcType>BIGINT</jdbcType>
        <precision>19</precision>
      </column>
      <column>
        <label>LAST_UPDATE_DT</label>
        <tableName>CONTACT</tableName>
        <jdbcType>TIMESTAMP</jdbcType>
      </column>
      <column>
        <label>LAST_UPDATE_USER</label>
        <tableName>CONTACT</tableName>
        <jdbcType>VARCHAR</jdbcType>
        <precision>20</precision>
      </column>
      <column>
        <label>ALERT_IND</label>
        <tableName>CONTACT</tableName>
        <jdbcType>CHAR</jdbcType>
        <precision>1</precision>
      </column>
      <column>
        <label>LAST_UPDATE_TX_ID</label>
        <tableName>CONTACT</tableName>
        <jdbcType>BIGINT</jdbcType>
        <precision>19</precision>
      </column>
      <column>
        <label>LAST_USED_DT</label>
        <tableName>CONTACT</tableName>
        <jdbcType>TIMESTAMP</jdbcType>
      </column>
      <column>
        <label>LAST_VERIFIED_DT</label>
        <tableName>CONTACT</tableName>
        <jdbcType>TIMESTAMP</jdbcType>
      </column>
      <column>
        <label>SOURCE_IDENT_TP_CD</label>
        <tableName>CONTACT</tableName>
        <jdbcType>BIGINT</jdbcType>
        <precision>19</precision>
      </column>
      <column>
        <label>DO_NOT_DELETE_IND</label>
        <tableName>CONTACT</tableName>
        <jdbcType>CHAR</jdbcType>
        <precision>1</precision>
      </column>
      <column>
        <label>CONT_ID</label>
        <tableName>PERSON</tableName>
        <jdbcType>BIGINT</jdbcType>
        <precision>19</precision>
      </column>
      <column>
        <label>MARITAL_ST_TP_CD</label>
        <tableName>PERSON</tableName>
        <jdbcType>BIGINT</jdbcType>
        <precision>19</precision>
      </column>
      <column>
        <label>BIRTHPLACE_TP_CD</label>
        <tableName>PERSON</tableName>
        <jdbcType>BIGINT</jdbcType>
        <precision>19</precision>
      </column>
      <column>
        <label>CITIZENSHIP_TP_CD</label>
        <tableName>PERSON</tableName>
        <jdbcType>BIGINT</jdbcType>
        <precision>19</precision>
      </column>
      <column>
        <label>HIGHEST_EDU_TP_CD</label>
        <tableName>PERSON</tableName>
        <jdbcType>BIGINT</jdbcType>
        <precision>19</precision>
      </column>
      <column>
        <label>AGE_VER_DOC_TP_CD</label>
        <tableName>PERSON</tableName>
        <jdbcType>BIGINT</jdbcType>
        <precision>19</precision>
      </column>
      <column>
        <label>GENDER_TP_CODE</label>
        <tableName>PERSON</tableName>
        <jdbcType>CHAR</jdbcType>
        <precision>1</precision>
      </column>
      <column>
        <label>BIRTH_DT</label>
        <tableName>PERSON</tableName>
        <jdbcType>TIMESTAMP</jdbcType>
      </column>
      <column>
        <label>DECEASED_DT</label>
        <tableName>PERSON</tableName>
        <jdbcType>TIMESTAMP</jdbcType>
      </column>
      <column>
        <label>CHILDREN_CT</label>
        <tableName>PERSON</tableName>
        <jdbcType>SMALLINT</jdbcType>
        <precision>10</precision>
      </column>
      <column>
        <label>DISAB_START_DT</label>
        <tableName>PERSON</tableName>
        <jdbcType>TIMESTAMP</jdbcType>
      </column>
      <column>
        <label>DISAB_END_DT</label>
        <tableName>PERSON</tableName>
        <jdbcType>TIMESTAMP</jdbcType>
      </column>
      <column>
        <label>USER_IND</label>
        <tableName>PERSON</tableName>
        <jdbcType>CHAR</jdbcType>
        <precision>1</precision>
      </column>
      <column>
        <label>LAST_UPDATE_DT</label>
        <tableName>PERSON</tableName>
        <jdbcType>TIMESTAMP</jdbcType>
      </column>
      <column>
        <label>LAST_UPDATE_USER</label>
        <tableName>PERSON</tableName>
        <jdbcType>VARCHAR</jdbcType>
        <precision>20</precision>
      </column>
      <column>
        <label>LAST_UPDATE_TX_ID</label>
        <tableName>PERSON</tableName>
        <jdbcType>BIGINT</jdbcType>
        <precision>19</precision>
      </column>
      <column>
        <label>ACCESS_TOKEN_VALUE</label>
        <tableName>CONTACT</tableName>
        <jdbcType>VARCHAR</jdbcType>
        <precision>50</precision>
      </column>
      <column>
        <label>PENDING_CDC_IND</label>
        <tableName>CONTACT</tableName>
        <jdbcType>CHAR</jdbcType>
        <precision>1</precision>
      </column>
      <column>
        <label>ENTITYLINK_ST_TP_CD</label>
        <tableName>CONTACT</tableName>
        <jdbcType>BIGINT</jdbcType>
        <precision>19</precision>
      </column>
      <column>
        <label>ENTITY_ID</label>
        <tableName>CONTACT</tableName>
        <jdbcType>BIGINT</jdbcType>
        <precision>19</precision>
      </column>
      <column>
        <label>ENTITY_TYPE</label>
        <tableName>CONTACT</tableName>
        <jdbcType>VARCHAR</jdbcType>
        <precision>25</precision>
      </column>
      <column>
        <label>ENTITY_STATUS_TP_CD</label>
        <tableName>CONTACT</tableName>
        <jdbcType>BIGINT</jdbcType>
        <precision>19</precision>
      </column>
      <column>
        <label>XDEFUNCT_IND</label>
        <tableName>PERSON</tableName>
        <jdbcType>VARCHAR</jdbcType>
        <precision>5</precision>
      </column>
      <column>
        <label>XMARKET_NAME</label>
        <tableName>PERSON</tableName>
        <jdbcType>VARCHAR</jdbcType>
        <precision>50</precision>
      </column>
      <column>
        <label>XBATCH_IND</label>
        <tableName>PERSON</tableName>
        <jdbcType>VARCHAR</jdbcType>
        <precision>5</precision>
      </column>
      <column>
        <label>XEMPLOYER_NAME</label>
        <tableName>PERSON</tableName>
        <jdbcType>VARCHAR</jdbcType>
        <precision>255</precision>
      </column>
      <column>
        <label>XOCCUPATION_TP_CD</label>
        <tableName>PERSON</tableName>
        <jdbcType>BIGINT</jdbcType>
        <precision>19</precision>
      </column>
      <column>
        <label>XMODIFY_SYS_DT</label>
        <tableName>PERSON</tableName>
        <jdbcType>TIMESTAMP</jdbcType>
      </column>
      <column>
        <label>XSOURCE_TYPE_FLAG</label>
        <tableName>PERSON</tableName>
        <jdbcType>VARCHAR</jdbcType>
        <precision>50</precision>
      </column>
      <column>
        <label>XGENDER_FS</label>
        <tableName>PERSON</tableName>
        <jdbcType>VARCHAR</jdbcType>
        <precision>10</precision>
      </column>
      <column>
        <label>XBIRTH_DT_FS</label>
        <tableName>PERSON</tableName>
        <jdbcType>TIMESTAMP</jdbcType>
      </column>
      <column>
        <label>XGENERATED_BY</label>
        <tableName>PERSON</tableName>
        <jdbcType>VARCHAR</jdbcType>
        <precision>50</precision>
      </column>
      <column>
        <label>XHobby</label>
        <tableName>PERSON</tableName>
        <jdbcType>VARCHAR</jdbcType>
        <precision>250</precision>
      </column>
      <column>
        <label>XPERSONAL_AGREEMENT</label>
        <tableName>PERSON</tableName>
        <jdbcType>VARCHAR</jdbcType>
        <precision>20</precision>
      </column>
      <column>
        <label>XDo_Not_Merge_Flag</label>
        <tableName>PERSON</tableName>
        <jdbcType>VARCHAR</jdbcType>
        <precision>5</precision>
      </column>
      <column>
        <label>DELETE_FLAG</label>
        <tableName>PERSON</tableName>
        <jdbcType>VARCHAR</jdbcType>
        <precision>10</precision>
      </column>
      <column>
        <label>INFO_REMOVE_FLAG</label>
        <tableName>PERSON</tableName>
        <jdbcType>VARCHAR</jdbcType>
        <precision>10</precision>
      </column>
      <column>
        <label>DEDUP_HIDDEN_FLAG</label>
        <tableName>PERSON</tableName>
        <jdbcType>VARCHAR</jdbcType>
        <precision>10</precision>
      </column>
      <column>
        <label>PREF_COMMUNICATION_CHANNEL</label>
        <tableName>PERSON</tableName>
        <jdbcType>VARCHAR</jdbcType>
        <precision>255</precision>
      </column>
      <column>
        <label>YANASE_FLAG</label>
        <tableName>PERSON</tableName>
        <jdbcType>VARCHAR</jdbcType>
        <precision>10</precision>
      </column>
      <column>
        <label>FINANCE_PARTY_TYPE</label>
        <tableName>PERSON</tableName>
        <jdbcType>VARCHAR</jdbcType>
        <precision>10</precision>
      </column>
      <column>
        <label>CONTRACT_NUMBER</label>
        <tableName>PERSON</tableName>
        <jdbcType>VARCHAR</jdbcType>
        <precision>250</precision>
      </column>
      <column>
        <label>XPrivacy_Act</label>
        <tableName>PERSON</tableName>
        <jdbcType>VARCHAR</jdbcType>
        <precision>250</precision>
      </column>
      <column>
        <label>XFleet</label>
        <tableName>PERSON</tableName>
        <jdbcType>VARCHAR</jdbcType>
        <precision>5</precision>
      </column>
      <column>
        <label>XPC_Ind</label>
        <tableName>PERSON</tableName>
        <jdbcType>VARCHAR</jdbcType>
        <precision>10</precision>
      </column>
      <column>
        <label>XVANS_Ind</label>
        <tableName>PERSON</tableName>
        <jdbcType>VARCHAR</jdbcType>
        <precision>10</precision>
      </column>
      <column>
        <label>Last_Activity_Date</label>
        <tableName>PERSON</tableName>
        <jdbcType>TIMESTAMP</jdbcType>
      </column>
      <column>
        <label>X_CUST_TYPE</label>
        <tableName>PERSON</tableName>
        <jdbcType>VARCHAR</jdbcType>
        <precision>10</precision>
      </column>
      <column>
        <label>X_ANONYMIZED</label>
        <tableName>PERSON</tableName>
        <jdbcType>VARCHAR</jdbcType>
        <precision>10</precision>
      </column>
    </columns>
  </statement>
  <statement method='com.ibm.daimler.dsea.entityObject.XPersonExtInquiryData#getPersonImages(Object[])'>
    <parameters>
      <parameter>
        <parameterMode>parameterModeIn</parameterMode>
        <jdbcType>BIGINT</jdbcType>
        <precision>19</precision>
      </parameter>
      <parameter>
        <parameterMode>parameterModeIn</parameterMode>
        <jdbcType>TIMESTAMP</jdbcType>
      </parameter>
      <parameter>
        <parameterMode>parameterModeIn</parameterMode>
        <jdbcType>TIMESTAMP</jdbcType>
      </parameter>
      <parameter>
        <parameterMode>parameterModeIn</parameterMode>
        <jdbcType>BIGINT</jdbcType>
        <precision>19</precision>
      </parameter>
      <parameter>
        <parameterMode>parameterModeIn</parameterMode>
        <jdbcType>TIMESTAMP</jdbcType>
      </parameter>
      <parameter>
        <parameterMode>parameterModeIn</parameterMode>
        <jdbcType>TIMESTAMP</jdbcType>
      </parameter>
    </parameters>
    <columns>
      <column>
        <label>H_CONT_ID</label>
        <tableName>CONTACT</tableName>
        <jdbcType>BIGINT</jdbcType>
        <precision>19</precision>
      </column>
      <column>
        <label>H_ACTION_CODE</label>
        <tableName>CONTACT</tableName>
        <jdbcType>CHAR</jdbcType>
        <precision>1</precision>
      </column>
      <column>
        <label>H_CREATED_BY</label>
        <tableName>CONTACT</tableName>
        <jdbcType>VARCHAR</jdbcType>
        <precision>20</precision>
      </column>
      <column>
        <label>H_CREATE_DT</label>
        <tableName>CONTACT</tableName>
        <jdbcType>TIMESTAMP</jdbcType>
      </column>
      <column>
        <label>H_END_DT</label>
        <tableName>CONTACT</tableName>
        <jdbcType>TIMESTAMP</jdbcType>
      </column>
      <column>
        <label>CONT_ID</label>
        <tableName>CONTACT</tableName>
        <jdbcType>BIGINT</jdbcType>
        <precision>19</precision>
      </column>
      <column>
        <label>ACCE_COMP_TP_CD</label>
        <tableName>CONTACT</tableName>
        <jdbcType>BIGINT</jdbcType>
        <precision>19</precision>
      </column>
      <column>
        <label>PREF_LANG_TP_CD</label>
        <tableName>CONTACT</tableName>
        <jdbcType>BIGINT</jdbcType>
        <precision>19</precision>
      </column>
      <column>
        <label>CREATED_DT</label>
        <tableName>CONTACT</tableName>
        <jdbcType>TIMESTAMP</jdbcType>
      </column>
      <column>
        <label>SINCE_DT</label>
        <tableName>CONTACT</tableName>
        <jdbcType>TIMESTAMP</jdbcType>
      </column>
      <column>
        <label>LEFT_DT</label>
        <tableName>CONTACT</tableName>
        <jdbcType>TIMESTAMP</jdbcType>
      </column>
      <column>
        <label>INACTIVATED_DT</label>
        <tableName>CONTACT</tableName>
        <jdbcType>TIMESTAMP</jdbcType>
      </column>
      <column>
        <label>CONTACT_NAME</label>
        <tableName>CONTACT</tableName>
        <jdbcType>VARCHAR</jdbcType>
        <precision>255</precision>
      </column>
      <column>
        <label>PERSON_ORG_CODE</label>
        <tableName>CONTACT</tableName>
        <jdbcType>CHAR</jdbcType>
        <precision>1</precision>
      </column>
      <column>
        <label>SOLICIT_IND</label>
        <tableName>CONTACT</tableName>
        <jdbcType>CHAR</jdbcType>
        <precision>1</precision>
      </column>
      <column>
        <label>CONFIDENTIAL_IND</label>
        <tableName>CONTACT</tableName>
        <jdbcType>CHAR</jdbcType>
        <precision>1</precision>
      </column>
      <column>
        <label>CLIENT_IMP_TP_CD</label>
        <tableName>CONTACT</tableName>
        <jdbcType>BIGINT</jdbcType>
        <precision>19</precision>
      </column>
      <column>
        <label>CLIENT_ST_TP_CD</label>
        <tableName>CONTACT</tableName>
        <jdbcType>BIGINT</jdbcType>
        <precision>19</precision>
      </column>
      <column>
        <label>CLIENT_POTEN_TP_CD</label>
        <tableName>CONTACT</tableName>
        <jdbcType>BIGINT</jdbcType>
        <precision>19</precision>
      </column>
      <column>
        <label>RPTING_FREQ_TP_CD</label>
        <tableName>CONTACT</tableName>
        <jdbcType>BIGINT</jdbcType>
        <precision>19</precision>
      </column>
      <column>
        <label>LAST_STATEMENT_DT</label>
        <tableName>CONTACT</tableName>
        <jdbcType>TIMESTAMP</jdbcType>
      </column>
      <column>
        <label>PROVIDED_BY_CONT</label>
        <tableName>CONTACT</tableName>
        <jdbcType>BIGINT</jdbcType>
        <precision>19</precision>
      </column>
      <column>
        <label>LAST_UPDATE_DT</label>
        <tableName>CONTACT</tableName>
        <jdbcType>TIMESTAMP</jdbcType>
      </column>
      <column>
        <label>LAST_UPDATE_USER</label>
        <tableName>CONTACT</tableName>
        <jdbcType>VARCHAR</jdbcType>
        <precision>20</precision>
      </column>
      <column>
        <label>LAST_UPDATE_TX_ID</label>
        <tableName>CONTACT</tableName>
        <jdbcType>BIGINT</jdbcType>
        <precision>19</precision>
      </column>
      <column>
        <label>LAST_USED_DT</label>
        <tableName>CONTACT</tableName>
        <jdbcType>TIMESTAMP</jdbcType>
      </column>
      <column>
        <label>LAST_VERIFIED_DT</label>
        <tableName>CONTACT</tableName>
        <jdbcType>TIMESTAMP</jdbcType>
      </column>
      <column>
        <label>SOURCE_IDENT_TP_CD</label>
        <tableName>CONTACT</tableName>
        <jdbcType>BIGINT</jdbcType>
        <precision>19</precision>
      </column>
      <column>
        <label>DO_NOT_DELETE_IND</label>
        <tableName>CONTACT</tableName>
        <jdbcType>CHAR</jdbcType>
        <precision>1</precision>
      </column>
      <column>
        <label>ALERT_IND</label>
        <tableName>CONTACT</tableName>
        <jdbcType>CHAR</jdbcType>
        <precision>1</precision>
      </column>
      <column>
        <label>H_CONT_ID_PERSON</label>
        <tableName>PERSON</tableName>
        <jdbcType>BIGINT</jdbcType>
        <precision>19</precision>
      </column>
      <column>
        <label>H_ACTION_CODE</label>
        <tableName>PERSON</tableName>
        <jdbcType>CHAR</jdbcType>
        <precision>1</precision>
      </column>
      <column>
        <label>H_CREATED_BY</label>
        <tableName>PERSON</tableName>
        <jdbcType>VARCHAR</jdbcType>
        <precision>20</precision>
      </column>
      <column>
        <label>H_CREATE_DT</label>
        <tableName>PERSON</tableName>
        <jdbcType>TIMESTAMP</jdbcType>
      </column>
      <column>
        <label>H_END_DT</label>
        <tableName>PERSON</tableName>
        <jdbcType>TIMESTAMP</jdbcType>
      </column>
      <column>
        <label>CONT_ID</label>
        <tableName>PERSON</tableName>
        <jdbcType>BIGINT</jdbcType>
        <precision>19</precision>
      </column>
      <column>
        <label>MARITAL_ST_TP_CD</label>
        <tableName>PERSON</tableName>
        <jdbcType>BIGINT</jdbcType>
        <precision>19</precision>
      </column>
      <column>
        <label>BIRTHPLACE_TP_CD</label>
        <tableName>PERSON</tableName>
        <jdbcType>BIGINT</jdbcType>
        <precision>19</precision>
      </column>
      <column>
        <label>CITIZENSHIP_TP_CD</label>
        <tableName>PERSON</tableName>
        <jdbcType>BIGINT</jdbcType>
        <precision>19</precision>
      </column>
      <column>
        <label>HIGHEST_EDU_TP_CD</label>
        <tableName>PERSON</tableName>
        <jdbcType>BIGINT</jdbcType>
        <precision>19</precision>
      </column>
      <column>
        <label>AGE_VER_DOC_TP_CD</label>
        <tableName>PERSON</tableName>
        <jdbcType>BIGINT</jdbcType>
        <precision>19</precision>
      </column>
      <column>
        <label>GENDER_TP_CODE</label>
        <tableName>PERSON</tableName>
        <jdbcType>CHAR</jdbcType>
        <precision>1</precision>
      </column>
      <column>
        <label>BIRTH_DT</label>
        <tableName>PERSON</tableName>
        <jdbcType>TIMESTAMP</jdbcType>
      </column>
      <column>
        <label>DECEASED_DT</label>
        <tableName>PERSON</tableName>
        <jdbcType>TIMESTAMP</jdbcType>
      </column>
      <column>
        <label>CHILDREN_CT</label>
        <tableName>PERSON</tableName>
        <jdbcType>SMALLINT</jdbcType>
        <precision>10</precision>
      </column>
      <column>
        <label>DISAB_START_DT</label>
        <tableName>PERSON</tableName>
        <jdbcType>TIMESTAMP</jdbcType>
      </column>
      <column>
        <label>DISAB_END_DT</label>
        <tableName>PERSON</tableName>
        <jdbcType>TIMESTAMP</jdbcType>
      </column>
      <column>
        <label>USER_IND</label>
        <tableName>PERSON</tableName>
        <jdbcType>CHAR</jdbcType>
        <precision>1</precision>
      </column>
      <column>
        <label>LAST_UPDATE_DT</label>
        <tableName>PERSON</tableName>
        <jdbcType>TIMESTAMP</jdbcType>
      </column>
      <column>
        <label>LAST_UPDATE_USER</label>
        <tableName>PERSON</tableName>
        <jdbcType>VARCHAR</jdbcType>
        <precision>20</precision>
      </column>
      <column>
        <label>LAST_UPDATE_TX_ID</label>
        <tableName>PERSON</tableName>
        <jdbcType>BIGINT</jdbcType>
        <precision>19</precision>
      </column>
      <column>
        <label>ACCESS_TOKEN_VALUE</label>
        <tableName>CONTACT</tableName>
        <jdbcType>VARCHAR</jdbcType>
        <precision>50</precision>
      </column>
      <column>
        <label>PENDING_CDC_IND</label>
        <tableName>CONTACT</tableName>
        <jdbcType>CHAR</jdbcType>
        <precision>1</precision>
      </column>
      <column>
        <label>ENTITYLINK_ST_TP_CD</label>
        <tableName>CONTACT</tableName>
        <jdbcType>BIGINT</jdbcType>
        <precision>19</precision>
      </column>
      <column>
        <label>ENTITY_ID</label>
        <tableName>CONTACT</tableName>
        <jdbcType>BIGINT</jdbcType>
        <precision>19</precision>
      </column>
      <column>
        <label>ENTITY_TYPE</label>
        <tableName>CONTACT</tableName>
        <jdbcType>VARCHAR</jdbcType>
        <precision>25</precision>
      </column>
      <column>
        <label>ENTITY_STATUS_TP_CD</label>
        <tableName>CONTACT</tableName>
        <jdbcType>BIGINT</jdbcType>
        <precision>19</precision>
      </column>
      <column>
        <label>XDEFUNCT_IND</label>
        <tableName>PERSON</tableName>
        <jdbcType>VARCHAR</jdbcType>
        <precision>5</precision>
      </column>
      <column>
        <label>XMARKET_NAME</label>
        <tableName>PERSON</tableName>
        <jdbcType>VARCHAR</jdbcType>
        <precision>50</precision>
      </column>
      <column>
        <label>XBATCH_IND</label>
        <tableName>PERSON</tableName>
        <jdbcType>VARCHAR</jdbcType>
        <precision>5</precision>
      </column>
      <column>
        <label>XEMPLOYER_NAME</label>
        <tableName>PERSON</tableName>
        <jdbcType>VARCHAR</jdbcType>
        <precision>255</precision>
      </column>
      <column>
        <label>XOCCUPATION_TP_CD</label>
        <tableName>PERSON</tableName>
        <jdbcType>BIGINT</jdbcType>
        <precision>19</precision>
      </column>
      <column>
        <label>XMODIFY_SYS_DT</label>
        <tableName>PERSON</tableName>
        <jdbcType>TIMESTAMP</jdbcType>
      </column>
      <column>
        <label>XSOURCE_TYPE_FLAG</label>
        <tableName>PERSON</tableName>
        <jdbcType>VARCHAR</jdbcType>
        <precision>50</precision>
      </column>
      <column>
        <label>XGENDER_FS</label>
        <tableName>PERSON</tableName>
        <jdbcType>VARCHAR</jdbcType>
        <precision>10</precision>
      </column>
      <column>
        <label>XBIRTH_DT_FS</label>
        <tableName>PERSON</tableName>
        <jdbcType>TIMESTAMP</jdbcType>
      </column>
      <column>
        <label>XGENERATED_BY</label>
        <tableName>PERSON</tableName>
        <jdbcType>VARCHAR</jdbcType>
        <precision>50</precision>
      </column>
      <column>
        <label>XHobby</label>
        <tableName>PERSON</tableName>
        <jdbcType>VARCHAR</jdbcType>
        <precision>250</precision>
      </column>
      <column>
        <label>XPERSONAL_AGREEMENT</label>
        <tableName>PERSON</tableName>
        <jdbcType>VARCHAR</jdbcType>
        <precision>20</precision>
      </column>
      <column>
        <label>XDo_Not_Merge_Flag</label>
        <tableName>PERSON</tableName>
        <jdbcType>VARCHAR</jdbcType>
        <precision>5</precision>
      </column>
      <column>
        <label>DELETE_FLAG</label>
        <tableName>PERSON</tableName>
        <jdbcType>VARCHAR</jdbcType>
        <precision>10</precision>
      </column>
      <column>
        <label>INFO_REMOVE_FLAG</label>
        <tableName>PERSON</tableName>
        <jdbcType>VARCHAR</jdbcType>
        <precision>10</precision>
      </column>
      <column>
        <label>DEDUP_HIDDEN_FLAG</label>
        <tableName>PERSON</tableName>
        <jdbcType>VARCHAR</jdbcType>
        <precision>10</precision>
      </column>
      <column>
        <label>PREF_COMMUNICATION_CHANNEL</label>
        <tableName>PERSON</tableName>
        <jdbcType>VARCHAR</jdbcType>
        <precision>255</precision>
      </column>
      <column>
        <label>YANASE_FLAG</label>
        <tableName>PERSON</tableName>
        <jdbcType>VARCHAR</jdbcType>
        <precision>10</precision>
      </column>
      <column>
        <label>FINANCE_PARTY_TYPE</label>
        <tableName>PERSON</tableName>
        <jdbcType>VARCHAR</jdbcType>
        <precision>10</precision>
      </column>
      <column>
        <label>CONTRACT_NUMBER</label>
        <tableName>PERSON</tableName>
        <jdbcType>VARCHAR</jdbcType>
        <precision>250</precision>
      </column>
      <column>
        <label>XPrivacy_Act</label>
        <tableName>PERSON</tableName>
        <jdbcType>VARCHAR</jdbcType>
        <precision>250</precision>
      </column>
      <column>
        <label>XFleet</label>
        <tableName>PERSON</tableName>
        <jdbcType>VARCHAR</jdbcType>
        <precision>5</precision>
      </column>
      <column>
        <label>XPC_Ind</label>
        <tableName>PERSON</tableName>
        <jdbcType>VARCHAR</jdbcType>
        <precision>10</precision>
      </column>
      <column>
        <label>XVANS_Ind</label>
        <tableName>PERSON</tableName>
        <jdbcType>VARCHAR</jdbcType>
        <precision>10</precision>
      </column>
      <column>
        <label>Last_Activity_Date</label>
        <tableName>PERSON</tableName>
        <jdbcType>TIMESTAMP</jdbcType>
      </column>
      <column>
        <label>X_CUST_TYPE</label>
        <tableName>PERSON</tableName>
        <jdbcType>VARCHAR</jdbcType>
        <precision>10</precision>
      </column>
      <column>
        <label>X_ANONYMIZED</label>
        <tableName>PERSON</tableName>
        <jdbcType>VARCHAR</jdbcType>
        <precision>10</precision>
      </column>
    </columns>
  </statement>
  <statement method='com.ibm.daimler.dsea.entityObject.XPersonExtInquiryData#getPersonsLightImages(Object[])'>
    <parameters>
      <parameter>
        <parameterMode>parameterModeIn</parameterMode>
        <jdbcType>BIGINT</jdbcType>
        <precision>19</precision>
      </parameter>
      <parameter>
        <parameterMode>parameterModeIn</parameterMode>
        <jdbcType>TIMESTAMP</jdbcType>
      </parameter>
      <parameter>
        <parameterMode>parameterModeIn</parameterMode>
        <jdbcType>TIMESTAMP</jdbcType>
      </parameter>
      <parameter>
        <parameterMode>parameterModeIn</parameterMode>
        <jdbcType>BIGINT</jdbcType>
        <precision>19</precision>
      </parameter>
      <parameter>
        <parameterMode>parameterModeIn</parameterMode>
        <jdbcType>TIMESTAMP</jdbcType>
      </parameter>
      <parameter>
        <parameterMode>parameterModeIn</parameterMode>
        <jdbcType>TIMESTAMP</jdbcType>
      </parameter>
    </parameters>
    <columns>
      <column>
        <label>CONT_ID</label>
        <tableName>CONTACT</tableName>
        <jdbcType>BIGINT</jdbcType>
        <precision>19</precision>
      </column>
      <column>
        <label>LAST_UPDATE_DT</label>
        <tableName>CONTACT</tableName>
        <jdbcType>TIMESTAMP</jdbcType>
      </column>
      <column>
        <label>LAST_UPDATE_TX_ID</label>
        <tableName>CONTACT</tableName>
        <jdbcType>BIGINT</jdbcType>
        <precision>19</precision>
      </column>
      <column>
        <label>CONT_ID</label>
        <tableName>PERSON</tableName>
        <jdbcType>BIGINT</jdbcType>
        <precision>19</precision>
      </column>
      <column>
        <label>LAST_UPDATE_DT</label>
        <tableName>PERSON</tableName>
        <jdbcType>TIMESTAMP</jdbcType>
      </column>
      <column>
        <label>LAST_UPDATE_TX_ID</label>
        <tableName>PERSON</tableName>
        <jdbcType>BIGINT</jdbcType>
        <precision>19</precision>
      </column>
      <column>
        <label>ACCESS_TOKEN_VALUE</label>
        <tableName>CONTACT</tableName>
        <jdbcType>VARCHAR</jdbcType>
        <precision>50</precision>
      </column>
      <column>
        <label>PENDING_CDC_IND</label>
        <tableName>CONTACT</tableName>
        <jdbcType>CHAR</jdbcType>
        <precision>1</precision>
      </column>
      <column>
        <label>XDEFUNCT_IND</label>
        <tableName>PERSON</tableName>
        <jdbcType>VARCHAR</jdbcType>
        <precision>5</precision>
      </column>
      <column>
        <label>XMARKET_NAME</label>
        <tableName>PERSON</tableName>
        <jdbcType>VARCHAR</jdbcType>
        <precision>50</precision>
      </column>
      <column>
        <label>XBATCH_IND</label>
        <tableName>PERSON</tableName>
        <jdbcType>VARCHAR</jdbcType>
        <precision>5</precision>
      </column>
      <column>
        <label>XEMPLOYER_NAME</label>
        <tableName>PERSON</tableName>
        <jdbcType>VARCHAR</jdbcType>
        <precision>255</precision>
      </column>
      <column>
        <label>XOCCUPATION_TP_CD</label>
        <tableName>PERSON</tableName>
        <jdbcType>BIGINT</jdbcType>
        <precision>19</precision>
      </column>
      <column>
        <label>XMODIFY_SYS_DT</label>
        <tableName>PERSON</tableName>
        <jdbcType>TIMESTAMP</jdbcType>
      </column>
      <column>
        <label>XSOURCE_TYPE_FLAG</label>
        <tableName>PERSON</tableName>
        <jdbcType>VARCHAR</jdbcType>
        <precision>50</precision>
      </column>
      <column>
        <label>XGENDER_FS</label>
        <tableName>PERSON</tableName>
        <jdbcType>VARCHAR</jdbcType>
        <precision>10</precision>
      </column>
      <column>
        <label>XBIRTH_DT_FS</label>
        <tableName>PERSON</tableName>
        <jdbcType>TIMESTAMP</jdbcType>
      </column>
      <column>
        <label>XGENERATED_BY</label>
        <tableName>PERSON</tableName>
        <jdbcType>VARCHAR</jdbcType>
        <precision>50</precision>
      </column>
      <column>
        <label>XHobby</label>
        <tableName>PERSON</tableName>
        <jdbcType>VARCHAR</jdbcType>
        <precision>250</precision>
      </column>
      <column>
        <label>XPERSONAL_AGREEMENT</label>
        <tableName>PERSON</tableName>
        <jdbcType>VARCHAR</jdbcType>
        <precision>20</precision>
      </column>
      <column>
        <label>XDo_Not_Merge_Flag</label>
        <tableName>PERSON</tableName>
        <jdbcType>VARCHAR</jdbcType>
        <precision>5</precision>
      </column>
      <column>
        <label>DELETE_FLAG</label>
        <tableName>PERSON</tableName>
        <jdbcType>VARCHAR</jdbcType>
        <precision>10</precision>
      </column>
      <column>
        <label>INFO_REMOVE_FLAG</label>
        <tableName>PERSON</tableName>
        <jdbcType>VARCHAR</jdbcType>
        <precision>10</precision>
      </column>
      <column>
        <label>DEDUP_HIDDEN_FLAG</label>
        <tableName>PERSON</tableName>
        <jdbcType>VARCHAR</jdbcType>
        <precision>10</precision>
      </column>
      <column>
        <label>PREF_COMMUNICATION_CHANNEL</label>
        <tableName>PERSON</tableName>
        <jdbcType>VARCHAR</jdbcType>
        <precision>255</precision>
      </column>
      <column>
        <label>YANASE_FLAG</label>
        <tableName>PERSON</tableName>
        <jdbcType>VARCHAR</jdbcType>
        <precision>10</precision>
      </column>
      <column>
        <label>FINANCE_PARTY_TYPE</label>
        <tableName>PERSON</tableName>
        <jdbcType>VARCHAR</jdbcType>
        <precision>10</precision>
      </column>
      <column>
        <label>CONTRACT_NUMBER</label>
        <tableName>PERSON</tableName>
        <jdbcType>VARCHAR</jdbcType>
        <precision>250</precision>
      </column>
      <column>
        <label>XPrivacy_Act</label>
        <tableName>PERSON</tableName>
        <jdbcType>VARCHAR</jdbcType>
        <precision>250</precision>
      </column>
      <column>
        <label>XFleet</label>
        <tableName>PERSON</tableName>
        <jdbcType>VARCHAR</jdbcType>
        <precision>5</precision>
      </column>
      <column>
        <label>XPC_Ind</label>
        <tableName>PERSON</tableName>
        <jdbcType>VARCHAR</jdbcType>
        <precision>10</precision>
      </column>
      <column>
        <label>XVANS_Ind</label>
        <tableName>PERSON</tableName>
        <jdbcType>VARCHAR</jdbcType>
        <precision>10</precision>
      </column>
      <column>
        <label>Last_Activity_Date</label>
        <tableName>PERSON</tableName>
        <jdbcType>TIMESTAMP</jdbcType>
      </column>
      <column>
        <label>X_CUST_TYPE</label>
        <tableName>PERSON</tableName>
        <jdbcType>VARCHAR</jdbcType>
        <precision>10</precision>
      </column>
      <column>
        <label>X_ANONYMIZED</label>
        <tableName>PERSON</tableName>
        <jdbcType>VARCHAR</jdbcType>
        <precision>10</precision>
      </column>
    </columns>
  </statement>
</metadata>
