<?xml version='1.0' encoding='utf-8'?>
<!DOCTYPE metadata>
<metadata>
  <statement method='com.ibm.daimler.dsea.entityObject.XRetailerJPNInquiryData#getXRetailerJPN(Object[])'>
    <parameters>
      <parameter>
        <parameterMode>parameterModeIn</parameterMode>
        <jdbcType>BIGINT</jdbcType>
        <precision>19</precision>
      </parameter>
    </parameters>
    <columns>
      <column>
        <label>XRETAILERJPNPK_ID</label>
        <tableName>XRETAILERJPN</tableName>
        <jdbcType>BIGINT</jdbcType>
        <precision>19</precision>
      </column>
      <column>
        <label>RETAILER_CODE</label>
        <tableName>XRETAILERJPN</tableName>
        <jdbcType>VARCHAR</jdbcType>
        <precision>20</precision>
      </column>
      <column>
        <label>RETAILER_NAME</label>
        <tableName>XRETAILERJPN</tableName>
        <jdbcType>VARCHAR</jdbcType>
        <precision>255</precision>
      </column>
      <column>
        <label>BRANCH_NAME</label>
        <tableName>XRETAILERJPN</tableName>
        <jdbcType>VARCHAR</jdbcType>
        <precision>255</precision>
      </column>
      <column>
        <label>SOURCE_IDENT_TP_CD</label>
        <tableName>XRETAILERJPN</tableName>
        <jdbcType>BIGINT</jdbcType>
        <precision>19</precision>
      </column>
      <column>
        <label>GS_CODE</label>
        <tableName>XRETAILERJPN</tableName>
        <jdbcType>VARCHAR</jdbcType>
        <precision>20</precision>
      </column>
      <column>
        <label>GC_CODE</label>
        <tableName>XRETAILERJPN</tableName>
        <jdbcType>VARCHAR</jdbcType>
        <precision>20</precision>
      </column>
      <column>
        <label>MODIFY_SYS_DT</label>
        <tableName>XRETAILERJPN</tableName>
        <jdbcType>TIMESTAMP</jdbcType>
      </column>
      <column>
        <label>ND_CODE</label>
        <tableName>XRETAILERJPN</tableName>
        <jdbcType>VARCHAR</jdbcType>
        <precision>20</precision>
      </column>
      <column>
        <label>MARKET_NAME</label>
        <tableName>XRETAILERJPN</tableName>
        <jdbcType>VARCHAR</jdbcType>
        <precision>50</precision>
      </column>
      <column>
        <label>DEALER_ACTIVE_FLAG</label>
        <tableName>XRETAILERJPN</tableName>
        <jdbcType>VARCHAR</jdbcType>
        <precision>5</precision>
      </column>
      <column>
        <label>DEALER_GROUP</label>
        <tableName>XRETAILERJPN</tableName>
        <jdbcType>VARCHAR</jdbcType>
        <precision>255</precision>
      </column>
      <column>
        <label>DEALER_ROLLOUT_FLAG</label>
        <tableName>XRETAILERJPN</tableName>
        <jdbcType>VARCHAR</jdbcType>
        <precision>5</precision>
      </column>
      <column>
        <label>BATCH_IND</label>
        <tableName>XRETAILERJPN</tableName>
        <jdbcType>VARCHAR</jdbcType>
        <precision>5</precision>
      </column>
      <column>
        <label>CREATE_DT</label>
        <tableName>XRETAILERJPN</tableName>
        <jdbcType>TIMESTAMP</jdbcType>
      </column>
      <column>
        <label>CHANGED_DT</label>
        <tableName>XRETAILERJPN</tableName>
        <jdbcType>TIMESTAMP</jdbcType>
      </column>
      <column>
        <label>LAST_UPDATE_DT</label>
        <tableName>XRETAILERJPN</tableName>
        <jdbcType>TIMESTAMP</jdbcType>
      </column>
      <column>
        <label>LAST_UPDATE_USER</label>
        <tableName>XRETAILERJPN</tableName>
        <jdbcType>VARCHAR</jdbcType>
        <precision>20</precision>
      </column>
      <column>
        <label>LAST_UPDATE_TX_ID</label>
        <tableName>XRETAILERJPN</tableName>
        <jdbcType>BIGINT</jdbcType>
        <precision>19</precision>
      </column>
    </columns>
  </statement>
  <statement method='com.ibm.daimler.dsea.entityObject.XRetailerJPNInquiryData#getXRetailerJPNHistory(Object[])'>
    <parameters>
      <parameter>
        <parameterMode>parameterModeIn</parameterMode>
        <jdbcType>BIGINT</jdbcType>
        <precision>19</precision>
      </parameter>
      <parameter>
        <parameterMode>parameterModeIn</parameterMode>
        <jdbcType>TIMESTAMP</jdbcType>
      </parameter>
      <parameter>
        <parameterMode>parameterModeIn</parameterMode>
        <jdbcType>TIMESTAMP</jdbcType>
      </parameter>
    </parameters>
    <columns>
      <column>
        <label>historyIdPK</label>
        <tableName>XRETAILERJPN</tableName>
        <jdbcType>BIGINT</jdbcType>
        <precision>19</precision>
      </column>
      <column>
        <label>H_ACTION_CODE</label>
        <tableName>XRETAILERJPN</tableName>
        <jdbcType>CHAR</jdbcType>
        <precision>1</precision>
      </column>
      <column>
        <label>H_CREATED_BY</label>
        <tableName>XRETAILERJPN</tableName>
        <jdbcType>VARCHAR</jdbcType>
        <precision>20</precision>
      </column>
      <column>
        <label>H_CREATE_DT</label>
        <tableName>XRETAILERJPN</tableName>
        <jdbcType>TIMESTAMP</jdbcType>
      </column>
      <column>
        <label>H_END_DT</label>
        <tableName>XRETAILERJPN</tableName>
        <jdbcType>TIMESTAMP</jdbcType>
      </column>
      <column>
        <label>XRETAILERJPNPK_ID</label>
        <tableName>XRETAILERJPN</tableName>
        <jdbcType>BIGINT</jdbcType>
        <precision>19</precision>
      </column>
      <column>
        <label>RETAILER_CODE</label>
        <tableName>XRETAILERJPN</tableName>
        <jdbcType>VARCHAR</jdbcType>
        <precision>20</precision>
      </column>
      <column>
        <label>RETAILER_NAME</label>
        <tableName>XRETAILERJPN</tableName>
        <jdbcType>VARCHAR</jdbcType>
        <precision>255</precision>
      </column>
      <column>
        <label>BRANCH_NAME</label>
        <tableName>XRETAILERJPN</tableName>
        <jdbcType>VARCHAR</jdbcType>
        <precision>255</precision>
      </column>
      <column>
        <label>SOURCE_IDENT_TP_CD</label>
        <tableName>XRETAILERJPN</tableName>
        <jdbcType>BIGINT</jdbcType>
        <precision>19</precision>
      </column>
      <column>
        <label>GS_CODE</label>
        <tableName>XRETAILERJPN</tableName>
        <jdbcType>VARCHAR</jdbcType>
        <precision>20</precision>
      </column>
      <column>
        <label>GC_CODE</label>
        <tableName>XRETAILERJPN</tableName>
        <jdbcType>VARCHAR</jdbcType>
        <precision>20</precision>
      </column>
      <column>
        <label>MODIFY_SYS_DT</label>
        <tableName>XRETAILERJPN</tableName>
        <jdbcType>TIMESTAMP</jdbcType>
      </column>
      <column>
        <label>ND_CODE</label>
        <tableName>XRETAILERJPN</tableName>
        <jdbcType>VARCHAR</jdbcType>
        <precision>20</precision>
      </column>
      <column>
        <label>MARKET_NAME</label>
        <tableName>XRETAILERJPN</tableName>
        <jdbcType>VARCHAR</jdbcType>
        <precision>50</precision>
      </column>
      <column>
        <label>DEALER_ACTIVE_FLAG</label>
        <tableName>XRETAILERJPN</tableName>
        <jdbcType>VARCHAR</jdbcType>
        <precision>5</precision>
      </column>
      <column>
        <label>DEALER_GROUP</label>
        <tableName>XRETAILERJPN</tableName>
        <jdbcType>VARCHAR</jdbcType>
        <precision>255</precision>
      </column>
      <column>
        <label>DEALER_ROLLOUT_FLAG</label>
        <tableName>XRETAILERJPN</tableName>
        <jdbcType>VARCHAR</jdbcType>
        <precision>5</precision>
      </column>
      <column>
        <label>BATCH_IND</label>
        <tableName>XRETAILERJPN</tableName>
        <jdbcType>VARCHAR</jdbcType>
        <precision>5</precision>
      </column>
      <column>
        <label>CREATE_DT</label>
        <tableName>XRETAILERJPN</tableName>
        <jdbcType>TIMESTAMP</jdbcType>
      </column>
      <column>
        <label>CHANGED_DT</label>
        <tableName>XRETAILERJPN</tableName>
        <jdbcType>TIMESTAMP</jdbcType>
      </column>
      <column>
        <label>LAST_UPDATE_DT</label>
        <tableName>XRETAILERJPN</tableName>
        <jdbcType>TIMESTAMP</jdbcType>
      </column>
      <column>
        <label>LAST_UPDATE_USER</label>
        <tableName>XRETAILERJPN</tableName>
        <jdbcType>VARCHAR</jdbcType>
        <precision>20</precision>
      </column>
      <column>
        <label>LAST_UPDATE_TX_ID</label>
        <tableName>XRETAILERJPN</tableName>
        <jdbcType>BIGINT</jdbcType>
        <precision>19</precision>
      </column>
    </columns>
  </statement>
  <statement method='com.ibm.daimler.dsea.entityObject.XRetailerJPNInquiryData#getXRetailerJPNByRetailerCode(Object[])'>
    <parameters>
      <parameter>
        <parameterMode>parameterModeIn</parameterMode>
        <jdbcType>VARCHAR</jdbcType>
        <precision>20</precision>
      </parameter>
    </parameters>
    <columns>
      <column>
        <label>XRETAILERJPNPK_ID</label>
        <tableName>XRETAILERJPN</tableName>
        <jdbcType>BIGINT</jdbcType>
        <precision>19</precision>
      </column>
      <column>
        <label>RETAILER_CODE</label>
        <tableName>XRETAILERJPN</tableName>
        <jdbcType>VARCHAR</jdbcType>
        <precision>20</precision>
      </column>
      <column>
        <label>RETAILER_NAME</label>
        <tableName>XRETAILERJPN</tableName>
        <jdbcType>VARCHAR</jdbcType>
        <precision>255</precision>
      </column>
      <column>
        <label>BRANCH_NAME</label>
        <tableName>XRETAILERJPN</tableName>
        <jdbcType>VARCHAR</jdbcType>
        <precision>255</precision>
      </column>
      <column>
        <label>SOURCE_IDENT_TP_CD</label>
        <tableName>XRETAILERJPN</tableName>
        <jdbcType>BIGINT</jdbcType>
        <precision>19</precision>
      </column>
      <column>
        <label>GS_CODE</label>
        <tableName>XRETAILERJPN</tableName>
        <jdbcType>VARCHAR</jdbcType>
        <precision>20</precision>
      </column>
      <column>
        <label>GC_CODE</label>
        <tableName>XRETAILERJPN</tableName>
        <jdbcType>VARCHAR</jdbcType>
        <precision>20</precision>
      </column>
      <column>
        <label>MODIFY_SYS_DT</label>
        <tableName>XRETAILERJPN</tableName>
        <jdbcType>TIMESTAMP</jdbcType>
      </column>
      <column>
        <label>ND_CODE</label>
        <tableName>XRETAILERJPN</tableName>
        <jdbcType>VARCHAR</jdbcType>
        <precision>20</precision>
      </column>
      <column>
        <label>MARKET_NAME</label>
        <tableName>XRETAILERJPN</tableName>
        <jdbcType>VARCHAR</jdbcType>
        <precision>50</precision>
      </column>
      <column>
        <label>DEALER_ACTIVE_FLAG</label>
        <tableName>XRETAILERJPN</tableName>
        <jdbcType>VARCHAR</jdbcType>
        <precision>5</precision>
      </column>
      <column>
        <label>DEALER_GROUP</label>
        <tableName>XRETAILERJPN</tableName>
        <jdbcType>VARCHAR</jdbcType>
        <precision>255</precision>
      </column>
      <column>
        <label>DEALER_ROLLOUT_FLAG</label>
        <tableName>XRETAILERJPN</tableName>
        <jdbcType>VARCHAR</jdbcType>
        <precision>5</precision>
      </column>
      <column>
        <label>BATCH_IND</label>
        <tableName>XRETAILERJPN</tableName>
        <jdbcType>VARCHAR</jdbcType>
        <precision>5</precision>
      </column>
      <column>
        <label>CREATE_DT</label>
        <tableName>XRETAILERJPN</tableName>
        <jdbcType>TIMESTAMP</jdbcType>
      </column>
      <column>
        <label>CHANGED_DT</label>
        <tableName>XRETAILERJPN</tableName>
        <jdbcType>TIMESTAMP</jdbcType>
      </column>
      <column>
        <label>LAST_UPDATE_DT</label>
        <tableName>XRETAILERJPN</tableName>
        <jdbcType>TIMESTAMP</jdbcType>
      </column>
      <column>
        <label>LAST_UPDATE_USER</label>
        <tableName>XRETAILERJPN</tableName>
        <jdbcType>VARCHAR</jdbcType>
        <precision>20</precision>
      </column>
      <column>
        <label>LAST_UPDATE_TX_ID</label>
        <tableName>XRETAILERJPN</tableName>
        <jdbcType>BIGINT</jdbcType>
        <precision>19</precision>
      </column>
    </columns>
  </statement>
  <statement method='com.ibm.daimler.dsea.entityObject.XRetailerJPNInquiryData#getXRetailerJPNByRetailerCodeHistory(Object[])'>
    <parameters>
      <parameter>
        <parameterMode>parameterModeIn</parameterMode>
        <jdbcType>VARCHAR</jdbcType>
        <precision>20</precision>
      </parameter>
      <parameter>
        <parameterMode>parameterModeIn</parameterMode>
        <jdbcType>TIMESTAMP</jdbcType>
      </parameter>
      <parameter>
        <parameterMode>parameterModeIn</parameterMode>
        <jdbcType>TIMESTAMP</jdbcType>
      </parameter>
    </parameters>
    <columns>
      <column>
        <label>historyIdPK</label>
        <tableName>XRETAILERJPN</tableName>
        <jdbcType>BIGINT</jdbcType>
        <precision>19</precision>
      </column>
      <column>
        <label>H_ACTION_CODE</label>
        <tableName>XRETAILERJPN</tableName>
        <jdbcType>CHAR</jdbcType>
        <precision>1</precision>
      </column>
      <column>
        <label>H_CREATED_BY</label>
        <tableName>XRETAILERJPN</tableName>
        <jdbcType>VARCHAR</jdbcType>
        <precision>20</precision>
      </column>
      <column>
        <label>H_CREATE_DT</label>
        <tableName>XRETAILERJPN</tableName>
        <jdbcType>TIMESTAMP</jdbcType>
      </column>
      <column>
        <label>H_END_DT</label>
        <tableName>XRETAILERJPN</tableName>
        <jdbcType>TIMESTAMP</jdbcType>
      </column>
      <column>
        <label>XRETAILERJPNPK_ID</label>
        <tableName>XRETAILERJPN</tableName>
        <jdbcType>BIGINT</jdbcType>
        <precision>19</precision>
      </column>
      <column>
        <label>RETAILER_CODE</label>
        <tableName>XRETAILERJPN</tableName>
        <jdbcType>VARCHAR</jdbcType>
        <precision>20</precision>
      </column>
      <column>
        <label>RETAILER_NAME</label>
        <tableName>XRETAILERJPN</tableName>
        <jdbcType>VARCHAR</jdbcType>
        <precision>255</precision>
      </column>
      <column>
        <label>BRANCH_NAME</label>
        <tableName>XRETAILERJPN</tableName>
        <jdbcType>VARCHAR</jdbcType>
        <precision>255</precision>
      </column>
      <column>
        <label>SOURCE_IDENT_TP_CD</label>
        <tableName>XRETAILERJPN</tableName>
        <jdbcType>BIGINT</jdbcType>
        <precision>19</precision>
      </column>
      <column>
        <label>GS_CODE</label>
        <tableName>XRETAILERJPN</tableName>
        <jdbcType>VARCHAR</jdbcType>
        <precision>20</precision>
      </column>
      <column>
        <label>GC_CODE</label>
        <tableName>XRETAILERJPN</tableName>
        <jdbcType>VARCHAR</jdbcType>
        <precision>20</precision>
      </column>
      <column>
        <label>MODIFY_SYS_DT</label>
        <tableName>XRETAILERJPN</tableName>
        <jdbcType>TIMESTAMP</jdbcType>
      </column>
      <column>
        <label>ND_CODE</label>
        <tableName>XRETAILERJPN</tableName>
        <jdbcType>VARCHAR</jdbcType>
        <precision>20</precision>
      </column>
      <column>
        <label>MARKET_NAME</label>
        <tableName>XRETAILERJPN</tableName>
        <jdbcType>VARCHAR</jdbcType>
        <precision>50</precision>
      </column>
      <column>
        <label>DEALER_ACTIVE_FLAG</label>
        <tableName>XRETAILERJPN</tableName>
        <jdbcType>VARCHAR</jdbcType>
        <precision>5</precision>
      </column>
      <column>
        <label>DEALER_GROUP</label>
        <tableName>XRETAILERJPN</tableName>
        <jdbcType>VARCHAR</jdbcType>
        <precision>255</precision>
      </column>
      <column>
        <label>DEALER_ROLLOUT_FLAG</label>
        <tableName>XRETAILERJPN</tableName>
        <jdbcType>VARCHAR</jdbcType>
        <precision>5</precision>
      </column>
      <column>
        <label>BATCH_IND</label>
        <tableName>XRETAILERJPN</tableName>
        <jdbcType>VARCHAR</jdbcType>
        <precision>5</precision>
      </column>
      <column>
        <label>CREATE_DT</label>
        <tableName>XRETAILERJPN</tableName>
        <jdbcType>TIMESTAMP</jdbcType>
      </column>
      <column>
        <label>CHANGED_DT</label>
        <tableName>XRETAILERJPN</tableName>
        <jdbcType>TIMESTAMP</jdbcType>
      </column>
      <column>
        <label>LAST_UPDATE_DT</label>
        <tableName>XRETAILERJPN</tableName>
        <jdbcType>TIMESTAMP</jdbcType>
      </column>
      <column>
        <label>LAST_UPDATE_USER</label>
        <tableName>XRETAILERJPN</tableName>
        <jdbcType>VARCHAR</jdbcType>
        <precision>20</precision>
      </column>
      <column>
        <label>LAST_UPDATE_TX_ID</label>
        <tableName>XRETAILERJPN</tableName>
        <jdbcType>BIGINT</jdbcType>
        <precision>19</precision>
      </column>
    </columns>
  </statement>
  <statement method='com.ibm.daimler.dsea.entityObject.XRetailerJPNInquiryData#getXRetailerJPNByNDCode(Object[])'>
    <parameters>
      <parameter>
        <parameterMode>parameterModeIn</parameterMode>
        <jdbcType>VARCHAR</jdbcType>
        <precision>20</precision>
      </parameter>
    </parameters>
    <columns>
      <column>
        <label>XRETAILERJPNPK_ID</label>
        <tableName>XRETAILERJPN</tableName>
        <jdbcType>BIGINT</jdbcType>
        <precision>19</precision>
      </column>
      <column>
        <label>RETAILER_CODE</label>
        <tableName>XRETAILERJPN</tableName>
        <jdbcType>VARCHAR</jdbcType>
        <precision>20</precision>
      </column>
      <column>
        <label>RETAILER_NAME</label>
        <tableName>XRETAILERJPN</tableName>
        <jdbcType>VARCHAR</jdbcType>
        <precision>255</precision>
      </column>
      <column>
        <label>BRANCH_NAME</label>
        <tableName>XRETAILERJPN</tableName>
        <jdbcType>VARCHAR</jdbcType>
        <precision>255</precision>
      </column>
      <column>
        <label>SOURCE_IDENT_TP_CD</label>
        <tableName>XRETAILERJPN</tableName>
        <jdbcType>BIGINT</jdbcType>
        <precision>19</precision>
      </column>
      <column>
        <label>GS_CODE</label>
        <tableName>XRETAILERJPN</tableName>
        <jdbcType>VARCHAR</jdbcType>
        <precision>20</precision>
      </column>
      <column>
        <label>GC_CODE</label>
        <tableName>XRETAILERJPN</tableName>
        <jdbcType>VARCHAR</jdbcType>
        <precision>20</precision>
      </column>
      <column>
        <label>MODIFY_SYS_DT</label>
        <tableName>XRETAILERJPN</tableName>
        <jdbcType>TIMESTAMP</jdbcType>
      </column>
      <column>
        <label>ND_CODE</label>
        <tableName>XRETAILERJPN</tableName>
        <jdbcType>VARCHAR</jdbcType>
        <precision>20</precision>
      </column>
      <column>
        <label>MARKET_NAME</label>
        <tableName>XRETAILERJPN</tableName>
        <jdbcType>VARCHAR</jdbcType>
        <precision>50</precision>
      </column>
      <column>
        <label>DEALER_ACTIVE_FLAG</label>
        <tableName>XRETAILERJPN</tableName>
        <jdbcType>VARCHAR</jdbcType>
        <precision>5</precision>
      </column>
      <column>
        <label>DEALER_GROUP</label>
        <tableName>XRETAILERJPN</tableName>
        <jdbcType>VARCHAR</jdbcType>
        <precision>255</precision>
      </column>
      <column>
        <label>DEALER_ROLLOUT_FLAG</label>
        <tableName>XRETAILERJPN</tableName>
        <jdbcType>VARCHAR</jdbcType>
        <precision>5</precision>
      </column>
      <column>
        <label>BATCH_IND</label>
        <tableName>XRETAILERJPN</tableName>
        <jdbcType>VARCHAR</jdbcType>
        <precision>5</precision>
      </column>
      <column>
        <label>CREATE_DT</label>
        <tableName>XRETAILERJPN</tableName>
        <jdbcType>TIMESTAMP</jdbcType>
      </column>
      <column>
        <label>CHANGED_DT</label>
        <tableName>XRETAILERJPN</tableName>
        <jdbcType>TIMESTAMP</jdbcType>
      </column>
      <column>
        <label>LAST_UPDATE_DT</label>
        <tableName>XRETAILERJPN</tableName>
        <jdbcType>TIMESTAMP</jdbcType>
      </column>
      <column>
        <label>LAST_UPDATE_USER</label>
        <tableName>XRETAILERJPN</tableName>
        <jdbcType>VARCHAR</jdbcType>
        <precision>20</precision>
      </column>
      <column>
        <label>LAST_UPDATE_TX_ID</label>
        <tableName>XRETAILERJPN</tableName>
        <jdbcType>BIGINT</jdbcType>
        <precision>19</precision>
      </column>
    </columns>
  </statement>
  <statement method='com.ibm.daimler.dsea.entityObject.XRetailerJPNInquiryData#getXRetailerJPNByNDCodeHistory(Object[])'>
    <parameters>
      <parameter>
        <parameterMode>parameterModeIn</parameterMode>
        <jdbcType>VARCHAR</jdbcType>
        <precision>20</precision>
      </parameter>
      <parameter>
        <parameterMode>parameterModeIn</parameterMode>
        <jdbcType>TIMESTAMP</jdbcType>
      </parameter>
      <parameter>
        <parameterMode>parameterModeIn</parameterMode>
        <jdbcType>TIMESTAMP</jdbcType>
      </parameter>
    </parameters>
    <columns>
      <column>
        <label>historyIdPK</label>
        <tableName>XRETAILERJPN</tableName>
        <jdbcType>BIGINT</jdbcType>
        <precision>19</precision>
      </column>
      <column>
        <label>H_ACTION_CODE</label>
        <tableName>XRETAILERJPN</tableName>
        <jdbcType>CHAR</jdbcType>
        <precision>1</precision>
      </column>
      <column>
        <label>H_CREATED_BY</label>
        <tableName>XRETAILERJPN</tableName>
        <jdbcType>VARCHAR</jdbcType>
        <precision>20</precision>
      </column>
      <column>
        <label>H_CREATE_DT</label>
        <tableName>XRETAILERJPN</tableName>
        <jdbcType>TIMESTAMP</jdbcType>
      </column>
      <column>
        <label>H_END_DT</label>
        <tableName>XRETAILERJPN</tableName>
        <jdbcType>TIMESTAMP</jdbcType>
      </column>
      <column>
        <label>XRETAILERJPNPK_ID</label>
        <tableName>XRETAILERJPN</tableName>
        <jdbcType>BIGINT</jdbcType>
        <precision>19</precision>
      </column>
      <column>
        <label>RETAILER_CODE</label>
        <tableName>XRETAILERJPN</tableName>
        <jdbcType>VARCHAR</jdbcType>
        <precision>20</precision>
      </column>
      <column>
        <label>RETAILER_NAME</label>
        <tableName>XRETAILERJPN</tableName>
        <jdbcType>VARCHAR</jdbcType>
        <precision>255</precision>
      </column>
      <column>
        <label>BRANCH_NAME</label>
        <tableName>XRETAILERJPN</tableName>
        <jdbcType>VARCHAR</jdbcType>
        <precision>255</precision>
      </column>
      <column>
        <label>SOURCE_IDENT_TP_CD</label>
        <tableName>XRETAILERJPN</tableName>
        <jdbcType>BIGINT</jdbcType>
        <precision>19</precision>
      </column>
      <column>
        <label>GS_CODE</label>
        <tableName>XRETAILERJPN</tableName>
        <jdbcType>VARCHAR</jdbcType>
        <precision>20</precision>
      </column>
      <column>
        <label>GC_CODE</label>
        <tableName>XRETAILERJPN</tableName>
        <jdbcType>VARCHAR</jdbcType>
        <precision>20</precision>
      </column>
      <column>
        <label>MODIFY_SYS_DT</label>
        <tableName>XRETAILERJPN</tableName>
        <jdbcType>TIMESTAMP</jdbcType>
      </column>
      <column>
        <label>ND_CODE</label>
        <tableName>XRETAILERJPN</tableName>
        <jdbcType>VARCHAR</jdbcType>
        <precision>20</precision>
      </column>
      <column>
        <label>MARKET_NAME</label>
        <tableName>XRETAILERJPN</tableName>
        <jdbcType>VARCHAR</jdbcType>
        <precision>50</precision>
      </column>
      <column>
        <label>DEALER_ACTIVE_FLAG</label>
        <tableName>XRETAILERJPN</tableName>
        <jdbcType>VARCHAR</jdbcType>
        <precision>5</precision>
      </column>
      <column>
        <label>DEALER_GROUP</label>
        <tableName>XRETAILERJPN</tableName>
        <jdbcType>VARCHAR</jdbcType>
        <precision>255</precision>
      </column>
      <column>
        <label>DEALER_ROLLOUT_FLAG</label>
        <tableName>XRETAILERJPN</tableName>
        <jdbcType>VARCHAR</jdbcType>
        <precision>5</precision>
      </column>
      <column>
        <label>BATCH_IND</label>
        <tableName>XRETAILERJPN</tableName>
        <jdbcType>VARCHAR</jdbcType>
        <precision>5</precision>
      </column>
      <column>
        <label>CREATE_DT</label>
        <tableName>XRETAILERJPN</tableName>
        <jdbcType>TIMESTAMP</jdbcType>
      </column>
      <column>
        <label>CHANGED_DT</label>
        <tableName>XRETAILERJPN</tableName>
        <jdbcType>TIMESTAMP</jdbcType>
      </column>
      <column>
        <label>LAST_UPDATE_DT</label>
        <tableName>XRETAILERJPN</tableName>
        <jdbcType>TIMESTAMP</jdbcType>
      </column>
      <column>
        <label>LAST_UPDATE_USER</label>
        <tableName>XRETAILERJPN</tableName>
        <jdbcType>VARCHAR</jdbcType>
        <precision>20</precision>
      </column>
      <column>
        <label>LAST_UPDATE_TX_ID</label>
        <tableName>XRETAILERJPN</tableName>
        <jdbcType>BIGINT</jdbcType>
        <precision>19</precision>
      </column>
    </columns>
  </statement>
</metadata>
