<?xml version='1.0' encoding='utf-8'?>
<!DOCTYPE metadata>
<metadata>
  <statement method='com.ibm.daimler.dsea.entityObject.XVehicleAusInquiryData#getXVehicleAus(Object[])'>
    <parameters>
      <parameter>
        <parameterMode>parameterModeIn</parameterMode>
        <jdbcType>BIGINT</jdbcType>
        <precision>19</precision>
      </parameter>
    </parameters>
    <columns>
      <column>
        <label>XVEHICLE_AUSPK_ID</label>
        <tableName>XVEHICLEAUS</tableName>
        <jdbcType>BIGINT</jdbcType>
        <precision>19</precision>
      </column>
      <column>
        <label>GLOBAL_VIN</label>
        <tableName>XVEHICLEAUS</tableName>
        <jdbcType>VARCHAR</jdbcType>
        <precision>50</precision>
      </column>
      <column>
        <label>AMG_VEH</label>
        <tableName>XVEHICLEAUS</tableName>
        <jdbcType>VARCHAR</jdbcType>
        <precision>5</precision>
      </column>
      <column>
        <label>VEHICLE_TYPE</label>
        <tableName>XVEHICLEAUS</tableName>
        <jdbcType>VARCHAR</jdbcType>
        <precision>50</precision>
      </column>
      <column>
        <label>CLASS_SUMMARY</label>
        <tableName>XVEHICLEAUS</tableName>
        <jdbcType>VARCHAR</jdbcType>
        <precision>250</precision>
      </column>
      <column>
        <label>ODOMETER</label>
        <tableName>XVEHICLEAUS</tableName>
        <jdbcType>VARCHAR</jdbcType>
        <precision>250</precision>
      </column>
      <column>
        <label>ENGINE_NUM</label>
        <tableName>XVEHICLEAUS</tableName>
        <jdbcType>VARCHAR</jdbcType>
        <precision>50</precision>
      </column>
      <column>
        <label>VEHICLE_YEAR</label>
        <tableName>XVEHICLEAUS</tableName>
        <jdbcType>TIMESTAMP</jdbcType>
      </column>
      <column>
        <label>MODEL</label>
        <tableName>XVEHICLEAUS</tableName>
        <jdbcType>VARCHAR</jdbcType>
        <precision>250</precision>
      </column>
      <column>
        <label>REG_NO</label>
        <tableName>XVEHICLEAUS</tableName>
        <jdbcType>VARCHAR</jdbcType>
        <precision>50</precision>
      </column>
      <column>
        <label>VEHICLE_CLASS</label>
        <tableName>XVEHICLEAUS</tableName>
        <jdbcType>VARCHAR</jdbcType>
        <precision>100</precision>
      </column>
      <column>
        <label>COMM_NO</label>
        <tableName>XVEHICLEAUS</tableName>
        <jdbcType>VARCHAR</jdbcType>
        <precision>100</precision>
      </column>
      <column>
        <label>MARKET_NAME</label>
        <tableName>XVEHICLEAUS</tableName>
        <jdbcType>VARCHAR</jdbcType>
        <precision>10</precision>
      </column>
      <column>
        <label>CIRCLE_OF_EXCELLENCE</label>
        <tableName>XVEHICLEAUS</tableName>
        <jdbcType>VARCHAR</jdbcType>
        <precision>250</precision>
      </column>
      <column>
        <label>SOURCE_IDENT_TP_CD</label>
        <tableName>XVEHICLEAUS</tableName>
        <jdbcType>BIGINT</jdbcType>
        <precision>19</precision>
      </column>
      <column>
        <label>MODIFY_SYS_DT</label>
        <tableName>XVEHICLEAUS</tableName>
        <jdbcType>TIMESTAMP</jdbcType>
      </column>
      <column>
        <label>LAST_UPDATE_DT</label>
        <tableName>XVEHICLEAUS</tableName>
        <jdbcType>TIMESTAMP</jdbcType>
      </column>
      <column>
        <label>LAST_UPDATE_USER</label>
        <tableName>XVEHICLEAUS</tableName>
        <jdbcType>VARCHAR</jdbcType>
        <precision>20</precision>
      </column>
      <column>
        <label>LAST_UPDATE_TX_ID</label>
        <tableName>XVEHICLEAUS</tableName>
        <jdbcType>BIGINT</jdbcType>
        <precision>19</precision>
      </column>
    </columns>
  </statement>
  <statement method='com.ibm.daimler.dsea.entityObject.XVehicleAusInquiryData#getXVehicleAusHistory(Object[])'>
    <parameters>
      <parameter>
        <parameterMode>parameterModeIn</parameterMode>
        <jdbcType>BIGINT</jdbcType>
        <precision>19</precision>
      </parameter>
      <parameter>
        <parameterMode>parameterModeIn</parameterMode>
        <jdbcType>TIMESTAMP</jdbcType>
      </parameter>
      <parameter>
        <parameterMode>parameterModeIn</parameterMode>
        <jdbcType>TIMESTAMP</jdbcType>
      </parameter>
    </parameters>
    <columns>
      <column>
        <label>historyIdPK</label>
        <tableName>XVEHICLEAUS</tableName>
        <jdbcType>BIGINT</jdbcType>
        <precision>19</precision>
      </column>
      <column>
        <label>H_ACTION_CODE</label>
        <tableName>XVEHICLEAUS</tableName>
        <jdbcType>CHAR</jdbcType>
        <precision>1</precision>
      </column>
      <column>
        <label>H_CREATED_BY</label>
        <tableName>XVEHICLEAUS</tableName>
        <jdbcType>VARCHAR</jdbcType>
        <precision>20</precision>
      </column>
      <column>
        <label>H_CREATE_DT</label>
        <tableName>XVEHICLEAUS</tableName>
        <jdbcType>TIMESTAMP</jdbcType>
      </column>
      <column>
        <label>H_END_DT</label>
        <tableName>XVEHICLEAUS</tableName>
        <jdbcType>TIMESTAMP</jdbcType>
      </column>
      <column>
        <label>XVEHICLE_AUSPK_ID</label>
        <tableName>XVEHICLEAUS</tableName>
        <jdbcType>BIGINT</jdbcType>
        <precision>19</precision>
      </column>
      <column>
        <label>GLOBAL_VIN</label>
        <tableName>XVEHICLEAUS</tableName>
        <jdbcType>VARCHAR</jdbcType>
        <precision>50</precision>
      </column>
      <column>
        <label>AMG_VEH</label>
        <tableName>XVEHICLEAUS</tableName>
        <jdbcType>VARCHAR</jdbcType>
        <precision>5</precision>
      </column>
      <column>
        <label>VEHICLE_TYPE</label>
        <tableName>XVEHICLEAUS</tableName>
        <jdbcType>VARCHAR</jdbcType>
        <precision>50</precision>
      </column>
      <column>
        <label>CLASS_SUMMARY</label>
        <tableName>XVEHICLEAUS</tableName>
        <jdbcType>VARCHAR</jdbcType>
        <precision>250</precision>
      </column>
      <column>
        <label>ODOMETER</label>
        <tableName>XVEHICLEAUS</tableName>
        <jdbcType>VARCHAR</jdbcType>
        <precision>250</precision>
      </column>
      <column>
        <label>ENGINE_NUM</label>
        <tableName>XVEHICLEAUS</tableName>
        <jdbcType>VARCHAR</jdbcType>
        <precision>50</precision>
      </column>
      <column>
        <label>VEHICLE_YEAR</label>
        <tableName>XVEHICLEAUS</tableName>
        <jdbcType>TIMESTAMP</jdbcType>
      </column>
      <column>
        <label>MODEL</label>
        <tableName>XVEHICLEAUS</tableName>
        <jdbcType>VARCHAR</jdbcType>
        <precision>250</precision>
      </column>
      <column>
        <label>REG_NO</label>
        <tableName>XVEHICLEAUS</tableName>
        <jdbcType>VARCHAR</jdbcType>
        <precision>50</precision>
      </column>
      <column>
        <label>VEHICLE_CLASS</label>
        <tableName>XVEHICLEAUS</tableName>
        <jdbcType>VARCHAR</jdbcType>
        <precision>100</precision>
      </column>
      <column>
        <label>COMM_NO</label>
        <tableName>XVEHICLEAUS</tableName>
        <jdbcType>VARCHAR</jdbcType>
        <precision>100</precision>
      </column>
      <column>
        <label>MARKET_NAME</label>
        <tableName>XVEHICLEAUS</tableName>
        <jdbcType>VARCHAR</jdbcType>
        <precision>10</precision>
      </column>
      <column>
        <label>CIRCLE_OF_EXCELLENCE</label>
        <tableName>XVEHICLEAUS</tableName>
        <jdbcType>VARCHAR</jdbcType>
        <precision>250</precision>
      </column>
      <column>
        <label>SOURCE_IDENT_TP_CD</label>
        <tableName>XVEHICLEAUS</tableName>
        <jdbcType>BIGINT</jdbcType>
        <precision>19</precision>
      </column>
      <column>
        <label>MODIFY_SYS_DT</label>
        <tableName>XVEHICLEAUS</tableName>
        <jdbcType>TIMESTAMP</jdbcType>
      </column>
      <column>
        <label>LAST_UPDATE_DT</label>
        <tableName>XVEHICLEAUS</tableName>
        <jdbcType>TIMESTAMP</jdbcType>
      </column>
      <column>
        <label>LAST_UPDATE_USER</label>
        <tableName>XVEHICLEAUS</tableName>
        <jdbcType>VARCHAR</jdbcType>
        <precision>20</precision>
      </column>
      <column>
        <label>LAST_UPDATE_TX_ID</label>
        <tableName>XVEHICLEAUS</tableName>
        <jdbcType>BIGINT</jdbcType>
        <precision>19</precision>
      </column>
    </columns>
  </statement>
  <statement method='com.ibm.daimler.dsea.entityObject.XVehicleAusInquiryData#getXvehicleAusByGlobalVINAndMarketName(Object[])'>
    <parameters>
      <parameter>
        <parameterMode>parameterModeIn</parameterMode>
        <jdbcType>VARCHAR</jdbcType>
        <precision>50</precision>
      </parameter>
      <parameter>
        <parameterMode>parameterModeIn</parameterMode>
        <jdbcType>VARCHAR</jdbcType>
        <precision>10</precision>
      </parameter>
    </parameters>
    <columns>
      <column>
        <label>XVEHICLE_AUSPK_ID</label>
        <tableName>XVEHICLEAUS</tableName>
        <jdbcType>BIGINT</jdbcType>
        <precision>19</precision>
      </column>
      <column>
        <label>GLOBAL_VIN</label>
        <tableName>XVEHICLEAUS</tableName>
        <jdbcType>VARCHAR</jdbcType>
        <precision>50</precision>
      </column>
      <column>
        <label>AMG_VEH</label>
        <tableName>XVEHICLEAUS</tableName>
        <jdbcType>VARCHAR</jdbcType>
        <precision>5</precision>
      </column>
      <column>
        <label>VEHICLE_TYPE</label>
        <tableName>XVEHICLEAUS</tableName>
        <jdbcType>VARCHAR</jdbcType>
        <precision>50</precision>
      </column>
      <column>
        <label>CLASS_SUMMARY</label>
        <tableName>XVEHICLEAUS</tableName>
        <jdbcType>VARCHAR</jdbcType>
        <precision>250</precision>
      </column>
      <column>
        <label>ODOMETER</label>
        <tableName>XVEHICLEAUS</tableName>
        <jdbcType>VARCHAR</jdbcType>
        <precision>250</precision>
      </column>
      <column>
        <label>ENGINE_NUM</label>
        <tableName>XVEHICLEAUS</tableName>
        <jdbcType>VARCHAR</jdbcType>
        <precision>50</precision>
      </column>
      <column>
        <label>VEHICLE_YEAR</label>
        <tableName>XVEHICLEAUS</tableName>
        <jdbcType>TIMESTAMP</jdbcType>
      </column>
      <column>
        <label>MODEL</label>
        <tableName>XVEHICLEAUS</tableName>
        <jdbcType>VARCHAR</jdbcType>
        <precision>250</precision>
      </column>
      <column>
        <label>REG_NO</label>
        <tableName>XVEHICLEAUS</tableName>
        <jdbcType>VARCHAR</jdbcType>
        <precision>50</precision>
      </column>
      <column>
        <label>VEHICLE_CLASS</label>
        <tableName>XVEHICLEAUS</tableName>
        <jdbcType>VARCHAR</jdbcType>
        <precision>100</precision>
      </column>
      <column>
        <label>COMM_NO</label>
        <tableName>XVEHICLEAUS</tableName>
        <jdbcType>VARCHAR</jdbcType>
        <precision>100</precision>
      </column>
      <column>
        <label>MARKET_NAME</label>
        <tableName>XVEHICLEAUS</tableName>
        <jdbcType>VARCHAR</jdbcType>
        <precision>10</precision>
      </column>
      <column>
        <label>CIRCLE_OF_EXCELLENCE</label>
        <tableName>XVEHICLEAUS</tableName>
        <jdbcType>VARCHAR</jdbcType>
        <precision>250</precision>
      </column>
      <column>
        <label>SOURCE_IDENT_TP_CD</label>
        <tableName>XVEHICLEAUS</tableName>
        <jdbcType>BIGINT</jdbcType>
        <precision>19</precision>
      </column>
      <column>
        <label>MODIFY_SYS_DT</label>
        <tableName>XVEHICLEAUS</tableName>
        <jdbcType>TIMESTAMP</jdbcType>
      </column>
      <column>
        <label>LAST_UPDATE_DT</label>
        <tableName>XVEHICLEAUS</tableName>
        <jdbcType>TIMESTAMP</jdbcType>
      </column>
      <column>
        <label>LAST_UPDATE_USER</label>
        <tableName>XVEHICLEAUS</tableName>
        <jdbcType>VARCHAR</jdbcType>
        <precision>20</precision>
      </column>
      <column>
        <label>LAST_UPDATE_TX_ID</label>
        <tableName>XVEHICLEAUS</tableName>
        <jdbcType>BIGINT</jdbcType>
        <precision>19</precision>
      </column>
    </columns>
  </statement>
  <statement method='com.ibm.daimler.dsea.entityObject.XVehicleAusInquiryData#getXvehicleAusByGlobalVINAndMarketNameHistory(Object[])'>
    <parameters>
      <parameter>
        <parameterMode>parameterModeIn</parameterMode>
        <jdbcType>VARCHAR</jdbcType>
        <precision>50</precision>
      </parameter>
      <parameter>
        <parameterMode>parameterModeIn</parameterMode>
        <jdbcType>VARCHAR</jdbcType>
        <precision>10</precision>
      </parameter>
      <parameter>
        <parameterMode>parameterModeIn</parameterMode>
        <jdbcType>TIMESTAMP</jdbcType>
      </parameter>
      <parameter>
        <parameterMode>parameterModeIn</parameterMode>
        <jdbcType>TIMESTAMP</jdbcType>
      </parameter>
    </parameters>
    <columns>
      <column>
        <label>historyIdPK</label>
        <tableName>XVEHICLEAUS</tableName>
        <jdbcType>BIGINT</jdbcType>
        <precision>19</precision>
      </column>
      <column>
        <label>H_ACTION_CODE</label>
        <tableName>XVEHICLEAUS</tableName>
        <jdbcType>CHAR</jdbcType>
        <precision>1</precision>
      </column>
      <column>
        <label>H_CREATED_BY</label>
        <tableName>XVEHICLEAUS</tableName>
        <jdbcType>VARCHAR</jdbcType>
        <precision>20</precision>
      </column>
      <column>
        <label>H_CREATE_DT</label>
        <tableName>XVEHICLEAUS</tableName>
        <jdbcType>TIMESTAMP</jdbcType>
      </column>
      <column>
        <label>H_END_DT</label>
        <tableName>XVEHICLEAUS</tableName>
        <jdbcType>TIMESTAMP</jdbcType>
      </column>
      <column>
        <label>XVEHICLE_AUSPK_ID</label>
        <tableName>XVEHICLEAUS</tableName>
        <jdbcType>BIGINT</jdbcType>
        <precision>19</precision>
      </column>
      <column>
        <label>GLOBAL_VIN</label>
        <tableName>XVEHICLEAUS</tableName>
        <jdbcType>VARCHAR</jdbcType>
        <precision>50</precision>
      </column>
      <column>
        <label>AMG_VEH</label>
        <tableName>XVEHICLEAUS</tableName>
        <jdbcType>VARCHAR</jdbcType>
        <precision>5</precision>
      </column>
      <column>
        <label>VEHICLE_TYPE</label>
        <tableName>XVEHICLEAUS</tableName>
        <jdbcType>VARCHAR</jdbcType>
        <precision>50</precision>
      </column>
      <column>
        <label>CLASS_SUMMARY</label>
        <tableName>XVEHICLEAUS</tableName>
        <jdbcType>VARCHAR</jdbcType>
        <precision>250</precision>
      </column>
      <column>
        <label>ODOMETER</label>
        <tableName>XVEHICLEAUS</tableName>
        <jdbcType>VARCHAR</jdbcType>
        <precision>250</precision>
      </column>
      <column>
        <label>ENGINE_NUM</label>
        <tableName>XVEHICLEAUS</tableName>
        <jdbcType>VARCHAR</jdbcType>
        <precision>50</precision>
      </column>
      <column>
        <label>VEHICLE_YEAR</label>
        <tableName>XVEHICLEAUS</tableName>
        <jdbcType>TIMESTAMP</jdbcType>
      </column>
      <column>
        <label>MODEL</label>
        <tableName>XVEHICLEAUS</tableName>
        <jdbcType>VARCHAR</jdbcType>
        <precision>250</precision>
      </column>
      <column>
        <label>REG_NO</label>
        <tableName>XVEHICLEAUS</tableName>
        <jdbcType>VARCHAR</jdbcType>
        <precision>50</precision>
      </column>
      <column>
        <label>VEHICLE_CLASS</label>
        <tableName>XVEHICLEAUS</tableName>
        <jdbcType>VARCHAR</jdbcType>
        <precision>100</precision>
      </column>
      <column>
        <label>COMM_NO</label>
        <tableName>XVEHICLEAUS</tableName>
        <jdbcType>VARCHAR</jdbcType>
        <precision>100</precision>
      </column>
      <column>
        <label>MARKET_NAME</label>
        <tableName>XVEHICLEAUS</tableName>
        <jdbcType>VARCHAR</jdbcType>
        <precision>10</precision>
      </column>
      <column>
        <label>CIRCLE_OF_EXCELLENCE</label>
        <tableName>XVEHICLEAUS</tableName>
        <jdbcType>VARCHAR</jdbcType>
        <precision>250</precision>
      </column>
      <column>
        <label>SOURCE_IDENT_TP_CD</label>
        <tableName>XVEHICLEAUS</tableName>
        <jdbcType>BIGINT</jdbcType>
        <precision>19</precision>
      </column>
      <column>
        <label>MODIFY_SYS_DT</label>
        <tableName>XVEHICLEAUS</tableName>
        <jdbcType>TIMESTAMP</jdbcType>
      </column>
      <column>
        <label>LAST_UPDATE_DT</label>
        <tableName>XVEHICLEAUS</tableName>
        <jdbcType>TIMESTAMP</jdbcType>
      </column>
      <column>
        <label>LAST_UPDATE_USER</label>
        <tableName>XVEHICLEAUS</tableName>
        <jdbcType>VARCHAR</jdbcType>
        <precision>20</precision>
      </column>
      <column>
        <label>LAST_UPDATE_TX_ID</label>
        <tableName>XVEHICLEAUS</tableName>
        <jdbcType>BIGINT</jdbcType>
        <precision>19</precision>
      </column>
    </columns>
  </statement>
</metadata>
