<?xml version='1.0' encoding='utf-8'?>
<!DOCTYPE metadata>
<metadata>
  <statement method='com.ibm.daimler.dsea.entityObject.XVehicleAddressInquiryData#getXVehicleAddress(Object[])'>
    <parameters>
      <parameter>
        <parameterMode>parameterModeIn</parameterMode>
        <jdbcType>BIGINT</jdbcType>
        <precision>19</precision>
      </parameter>
    </parameters>
    <columns>
      <column>
        <label>VEHICLE_ADDRESSPK_ID</label>
        <tableName>XVEHICLEADDRESS</tableName>
        <jdbcType>BIGINT</jdbcType>
        <precision>19</precision>
      </column>
      <column>
        <label>ADDRESS_USAGE_TYPE</label>
        <tableName>XVEHICLEADDRESS</tableName>
        <jdbcType>VARCHAR</jdbcType>
        <precision>100</precision>
      </column>
      <column>
        <label>PREFERRED_IND</label>
        <tableName>XVEHICLEADDRESS</tableName>
        <jdbcType>VARCHAR</jdbcType>
        <precision>10</precision>
      </column>
      <column>
        <label>ADDRESS_LINE_ONE</label>
        <tableName>XVEHICLEADDRESS</tableName>
        <jdbcType>VARCHAR</jdbcType>
        <precision>500</precision>
      </column>
      <column>
        <label>ADDRESS_LINE_TWO</label>
        <tableName>XVEHICLEADDRESS</tableName>
        <jdbcType>VARCHAR</jdbcType>
        <precision>250</precision>
      </column>
      <column>
        <label>ADDRESS_LINE_THREE</label>
        <tableName>XVEHICLEADDRESS</tableName>
        <jdbcType>VARCHAR</jdbcType>
        <precision>150</precision>
      </column>
      <column>
        <label>CITY_NAME</label>
        <tableName>XVEHICLEADDRESS</tableName>
        <jdbcType>VARCHAR</jdbcType>
        <precision>1000</precision>
      </column>
      <column>
        <label>POSTAL_CODE</label>
        <tableName>XVEHICLEADDRESS</tableName>
        <jdbcType>VARCHAR</jdbcType>
        <precision>100</precision>
      </column>
      <column>
        <label>RESIDENCE_NUM</label>
        <tableName>XVEHICLEADDRESS</tableName>
        <jdbcType>VARCHAR</jdbcType>
        <precision>1000</precision>
      </column>
      <column>
        <label>COUNTRY</label>
        <tableName>XVEHICLEADDRESS</tableName>
        <jdbcType>VARCHAR</jdbcType>
        <precision>150</precision>
      </column>
      <column>
        <label>PROVINCE_STATE</label>
        <tableName>XVEHICLEADDRESS</tableName>
        <jdbcType>VARCHAR</jdbcType>
        <precision>250</precision>
      </column>
      <column>
        <label>VEHICLE_ID</label>
        <tableName>XVEHICLEADDRESS</tableName>
        <jdbcType>BIGINT</jdbcType>
        <precision>19</precision>
      </column>
      <column>
        <label>CONT_ID</label>
        <tableName>XVEHICLEADDRESS</tableName>
        <jdbcType>BIGINT</jdbcType>
        <precision>19</precision>
      </column>
      <column>
        <label>SOURCE_IDENT_TP_CD</label>
        <tableName>XVEHICLEADDRESS</tableName>
        <jdbcType>BIGINT</jdbcType>
        <precision>19</precision>
      </column>
      <column>
        <label>START_DT</label>
        <tableName>XVEHICLEADDRESS</tableName>
        <jdbcType>TIMESTAMP</jdbcType>
      </column>
      <column>
        <label>MODIFY_SYS_DT</label>
        <tableName>XVEHICLEADDRESS</tableName>
        <jdbcType>TIMESTAMP</jdbcType>
      </column>
      <column>
        <label>LAST_UPDATE_DT</label>
        <tableName>XVEHICLEADDRESS</tableName>
        <jdbcType>TIMESTAMP</jdbcType>
      </column>
      <column>
        <label>LAST_UPDATE_USER</label>
        <tableName>XVEHICLEADDRESS</tableName>
        <jdbcType>VARCHAR</jdbcType>
        <precision>20</precision>
      </column>
      <column>
        <label>LAST_UPDATE_TX_ID</label>
        <tableName>XVEHICLEADDRESS</tableName>
        <jdbcType>BIGINT</jdbcType>
        <precision>19</precision>
      </column>
    </columns>
  </statement>
  <statement method='com.ibm.daimler.dsea.entityObject.XVehicleAddressInquiryData#getXVehicleAddressHistory(Object[])'>
    <parameters>
      <parameter>
        <parameterMode>parameterModeIn</parameterMode>
        <jdbcType>BIGINT</jdbcType>
        <precision>19</precision>
      </parameter>
      <parameter>
        <parameterMode>parameterModeIn</parameterMode>
        <jdbcType>TIMESTAMP</jdbcType>
      </parameter>
      <parameter>
        <parameterMode>parameterModeIn</parameterMode>
        <jdbcType>TIMESTAMP</jdbcType>
      </parameter>
    </parameters>
    <columns>
      <column>
        <label>historyIdPK</label>
        <tableName>XVEHICLEADDRESS</tableName>
        <jdbcType>BIGINT</jdbcType>
        <precision>19</precision>
      </column>
      <column>
        <label>H_ACTION_CODE</label>
        <tableName>XVEHICLEADDRESS</tableName>
        <jdbcType>CHAR</jdbcType>
        <precision>1</precision>
      </column>
      <column>
        <label>H_CREATED_BY</label>
        <tableName>XVEHICLEADDRESS</tableName>
        <jdbcType>VARCHAR</jdbcType>
        <precision>20</precision>
      </column>
      <column>
        <label>H_CREATE_DT</label>
        <tableName>XVEHICLEADDRESS</tableName>
        <jdbcType>TIMESTAMP</jdbcType>
      </column>
      <column>
        <label>H_END_DT</label>
        <tableName>XVEHICLEADDRESS</tableName>
        <jdbcType>TIMESTAMP</jdbcType>
      </column>
      <column>
        <label>VEHICLE_ADDRESSPK_ID</label>
        <tableName>XVEHICLEADDRESS</tableName>
        <jdbcType>BIGINT</jdbcType>
        <precision>19</precision>
      </column>
      <column>
        <label>ADDRESS_USAGE_TYPE</label>
        <tableName>XVEHICLEADDRESS</tableName>
        <jdbcType>VARCHAR</jdbcType>
        <precision>100</precision>
      </column>
      <column>
        <label>PREFERRED_IND</label>
        <tableName>XVEHICLEADDRESS</tableName>
        <jdbcType>VARCHAR</jdbcType>
        <precision>10</precision>
      </column>
      <column>
        <label>ADDRESS_LINE_ONE</label>
        <tableName>XVEHICLEADDRESS</tableName>
        <jdbcType>VARCHAR</jdbcType>
        <precision>500</precision>
      </column>
      <column>
        <label>ADDRESS_LINE_TWO</label>
        <tableName>XVEHICLEADDRESS</tableName>
        <jdbcType>VARCHAR</jdbcType>
        <precision>250</precision>
      </column>
      <column>
        <label>ADDRESS_LINE_THREE</label>
        <tableName>XVEHICLEADDRESS</tableName>
        <jdbcType>VARCHAR</jdbcType>
        <precision>150</precision>
      </column>
      <column>
        <label>CITY_NAME</label>
        <tableName>XVEHICLEADDRESS</tableName>
        <jdbcType>VARCHAR</jdbcType>
        <precision>1000</precision>
      </column>
      <column>
        <label>POSTAL_CODE</label>
        <tableName>XVEHICLEADDRESS</tableName>
        <jdbcType>VARCHAR</jdbcType>
        <precision>100</precision>
      </column>
      <column>
        <label>RESIDENCE_NUM</label>
        <tableName>XVEHICLEADDRESS</tableName>
        <jdbcType>VARCHAR</jdbcType>
        <precision>1000</precision>
      </column>
      <column>
        <label>COUNTRY</label>
        <tableName>XVEHICLEADDRESS</tableName>
        <jdbcType>VARCHAR</jdbcType>
        <precision>150</precision>
      </column>
      <column>
        <label>PROVINCE_STATE</label>
        <tableName>XVEHICLEADDRESS</tableName>
        <jdbcType>VARCHAR</jdbcType>
        <precision>250</precision>
      </column>
      <column>
        <label>VEHICLE_ID</label>
        <tableName>XVEHICLEADDRESS</tableName>
        <jdbcType>BIGINT</jdbcType>
        <precision>19</precision>
      </column>
      <column>
        <label>CONT_ID</label>
        <tableName>XVEHICLEADDRESS</tableName>
        <jdbcType>BIGINT</jdbcType>
        <precision>19</precision>
      </column>
      <column>
        <label>SOURCE_IDENT_TP_CD</label>
        <tableName>XVEHICLEADDRESS</tableName>
        <jdbcType>BIGINT</jdbcType>
        <precision>19</precision>
      </column>
      <column>
        <label>START_DT</label>
        <tableName>XVEHICLEADDRESS</tableName>
        <jdbcType>TIMESTAMP</jdbcType>
      </column>
      <column>
        <label>MODIFY_SYS_DT</label>
        <tableName>XVEHICLEADDRESS</tableName>
        <jdbcType>TIMESTAMP</jdbcType>
      </column>
      <column>
        <label>LAST_UPDATE_DT</label>
        <tableName>XVEHICLEADDRESS</tableName>
        <jdbcType>TIMESTAMP</jdbcType>
      </column>
      <column>
        <label>LAST_UPDATE_USER</label>
        <tableName>XVEHICLEADDRESS</tableName>
        <jdbcType>VARCHAR</jdbcType>
        <precision>20</precision>
      </column>
      <column>
        <label>LAST_UPDATE_TX_ID</label>
        <tableName>XVEHICLEADDRESS</tableName>
        <jdbcType>BIGINT</jdbcType>
        <precision>19</precision>
      </column>
    </columns>
  </statement>
  <statement method='com.ibm.daimler.dsea.entityObject.XVehicleAddressInquiryData#getVehicleAddressByVehicleId(Object[])'>
    <parameters>
      <parameter>
        <parameterMode>parameterModeIn</parameterMode>
        <jdbcType>BIGINT</jdbcType>
        <precision>19</precision>
      </parameter>
    </parameters>
    <columns>
      <column>
        <label>VEHICLE_ADDRESSPK_ID</label>
        <tableName>XVEHICLEADDRESS</tableName>
        <jdbcType>BIGINT</jdbcType>
        <precision>19</precision>
      </column>
      <column>
        <label>ADDRESS_USAGE_TYPE</label>
        <tableName>XVEHICLEADDRESS</tableName>
        <jdbcType>VARCHAR</jdbcType>
        <precision>100</precision>
      </column>
      <column>
        <label>PREFERRED_IND</label>
        <tableName>XVEHICLEADDRESS</tableName>
        <jdbcType>VARCHAR</jdbcType>
        <precision>10</precision>
      </column>
      <column>
        <label>ADDRESS_LINE_ONE</label>
        <tableName>XVEHICLEADDRESS</tableName>
        <jdbcType>VARCHAR</jdbcType>
        <precision>500</precision>
      </column>
      <column>
        <label>ADDRESS_LINE_TWO</label>
        <tableName>XVEHICLEADDRESS</tableName>
        <jdbcType>VARCHAR</jdbcType>
        <precision>250</precision>
      </column>
      <column>
        <label>ADDRESS_LINE_THREE</label>
        <tableName>XVEHICLEADDRESS</tableName>
        <jdbcType>VARCHAR</jdbcType>
        <precision>150</precision>
      </column>
      <column>
        <label>CITY_NAME</label>
        <tableName>XVEHICLEADDRESS</tableName>
        <jdbcType>VARCHAR</jdbcType>
        <precision>1000</precision>
      </column>
      <column>
        <label>POSTAL_CODE</label>
        <tableName>XVEHICLEADDRESS</tableName>
        <jdbcType>VARCHAR</jdbcType>
        <precision>100</precision>
      </column>
      <column>
        <label>RESIDENCE_NUM</label>
        <tableName>XVEHICLEADDRESS</tableName>
        <jdbcType>VARCHAR</jdbcType>
        <precision>1000</precision>
      </column>
      <column>
        <label>COUNTRY</label>
        <tableName>XVEHICLEADDRESS</tableName>
        <jdbcType>VARCHAR</jdbcType>
        <precision>150</precision>
      </column>
      <column>
        <label>PROVINCE_STATE</label>
        <tableName>XVEHICLEADDRESS</tableName>
        <jdbcType>VARCHAR</jdbcType>
        <precision>250</precision>
      </column>
      <column>
        <label>VEHICLE_ID</label>
        <tableName>XVEHICLEADDRESS</tableName>
        <jdbcType>BIGINT</jdbcType>
        <precision>19</precision>
      </column>
      <column>
        <label>CONT_ID</label>
        <tableName>XVEHICLEADDRESS</tableName>
        <jdbcType>BIGINT</jdbcType>
        <precision>19</precision>
      </column>
      <column>
        <label>SOURCE_IDENT_TP_CD</label>
        <tableName>XVEHICLEADDRESS</tableName>
        <jdbcType>BIGINT</jdbcType>
        <precision>19</precision>
      </column>
      <column>
        <label>START_DT</label>
        <tableName>XVEHICLEADDRESS</tableName>
        <jdbcType>TIMESTAMP</jdbcType>
      </column>
      <column>
        <label>MODIFY_SYS_DT</label>
        <tableName>XVEHICLEADDRESS</tableName>
        <jdbcType>TIMESTAMP</jdbcType>
      </column>
      <column>
        <label>LAST_UPDATE_DT</label>
        <tableName>XVEHICLEADDRESS</tableName>
        <jdbcType>TIMESTAMP</jdbcType>
      </column>
      <column>
        <label>LAST_UPDATE_USER</label>
        <tableName>XVEHICLEADDRESS</tableName>
        <jdbcType>VARCHAR</jdbcType>
        <precision>20</precision>
      </column>
      <column>
        <label>LAST_UPDATE_TX_ID</label>
        <tableName>XVEHICLEADDRESS</tableName>
        <jdbcType>BIGINT</jdbcType>
        <precision>19</precision>
      </column>
    </columns>
  </statement>
  <statement method='com.ibm.daimler.dsea.entityObject.XVehicleAddressInquiryData#getVehicleAddressByVehicleIdHistory(Object[])'>
    <parameters>
      <parameter>
        <parameterMode>parameterModeIn</parameterMode>
        <jdbcType>BIGINT</jdbcType>
        <precision>19</precision>
      </parameter>
      <parameter>
        <parameterMode>parameterModeIn</parameterMode>
        <jdbcType>TIMESTAMP</jdbcType>
      </parameter>
      <parameter>
        <parameterMode>parameterModeIn</parameterMode>
        <jdbcType>TIMESTAMP</jdbcType>
      </parameter>
    </parameters>
    <columns>
      <column>
        <label>historyIdPK</label>
        <tableName>XVEHICLEADDRESS</tableName>
        <jdbcType>BIGINT</jdbcType>
        <precision>19</precision>
      </column>
      <column>
        <label>H_ACTION_CODE</label>
        <tableName>XVEHICLEADDRESS</tableName>
        <jdbcType>CHAR</jdbcType>
        <precision>1</precision>
      </column>
      <column>
        <label>H_CREATED_BY</label>
        <tableName>XVEHICLEADDRESS</tableName>
        <jdbcType>VARCHAR</jdbcType>
        <precision>20</precision>
      </column>
      <column>
        <label>H_CREATE_DT</label>
        <tableName>XVEHICLEADDRESS</tableName>
        <jdbcType>TIMESTAMP</jdbcType>
      </column>
      <column>
        <label>H_END_DT</label>
        <tableName>XVEHICLEADDRESS</tableName>
        <jdbcType>TIMESTAMP</jdbcType>
      </column>
      <column>
        <label>VEHICLE_ADDRESSPK_ID</label>
        <tableName>XVEHICLEADDRESS</tableName>
        <jdbcType>BIGINT</jdbcType>
        <precision>19</precision>
      </column>
      <column>
        <label>ADDRESS_USAGE_TYPE</label>
        <tableName>XVEHICLEADDRESS</tableName>
        <jdbcType>VARCHAR</jdbcType>
        <precision>100</precision>
      </column>
      <column>
        <label>PREFERRED_IND</label>
        <tableName>XVEHICLEADDRESS</tableName>
        <jdbcType>VARCHAR</jdbcType>
        <precision>10</precision>
      </column>
      <column>
        <label>ADDRESS_LINE_ONE</label>
        <tableName>XVEHICLEADDRESS</tableName>
        <jdbcType>VARCHAR</jdbcType>
        <precision>500</precision>
      </column>
      <column>
        <label>ADDRESS_LINE_TWO</label>
        <tableName>XVEHICLEADDRESS</tableName>
        <jdbcType>VARCHAR</jdbcType>
        <precision>250</precision>
      </column>
      <column>
        <label>ADDRESS_LINE_THREE</label>
        <tableName>XVEHICLEADDRESS</tableName>
        <jdbcType>VARCHAR</jdbcType>
        <precision>150</precision>
      </column>
      <column>
        <label>CITY_NAME</label>
        <tableName>XVEHICLEADDRESS</tableName>
        <jdbcType>VARCHAR</jdbcType>
        <precision>1000</precision>
      </column>
      <column>
        <label>POSTAL_CODE</label>
        <tableName>XVEHICLEADDRESS</tableName>
        <jdbcType>VARCHAR</jdbcType>
        <precision>100</precision>
      </column>
      <column>
        <label>RESIDENCE_NUM</label>
        <tableName>XVEHICLEADDRESS</tableName>
        <jdbcType>VARCHAR</jdbcType>
        <precision>1000</precision>
      </column>
      <column>
        <label>COUNTRY</label>
        <tableName>XVEHICLEADDRESS</tableName>
        <jdbcType>VARCHAR</jdbcType>
        <precision>150</precision>
      </column>
      <column>
        <label>PROVINCE_STATE</label>
        <tableName>XVEHICLEADDRESS</tableName>
        <jdbcType>VARCHAR</jdbcType>
        <precision>250</precision>
      </column>
      <column>
        <label>VEHICLE_ID</label>
        <tableName>XVEHICLEADDRESS</tableName>
        <jdbcType>BIGINT</jdbcType>
        <precision>19</precision>
      </column>
      <column>
        <label>CONT_ID</label>
        <tableName>XVEHICLEADDRESS</tableName>
        <jdbcType>BIGINT</jdbcType>
        <precision>19</precision>
      </column>
      <column>
        <label>SOURCE_IDENT_TP_CD</label>
        <tableName>XVEHICLEADDRESS</tableName>
        <jdbcType>BIGINT</jdbcType>
        <precision>19</precision>
      </column>
      <column>
        <label>START_DT</label>
        <tableName>XVEHICLEADDRESS</tableName>
        <jdbcType>TIMESTAMP</jdbcType>
      </column>
      <column>
        <label>MODIFY_SYS_DT</label>
        <tableName>XVEHICLEADDRESS</tableName>
        <jdbcType>TIMESTAMP</jdbcType>
      </column>
      <column>
        <label>LAST_UPDATE_DT</label>
        <tableName>XVEHICLEADDRESS</tableName>
        <jdbcType>TIMESTAMP</jdbcType>
      </column>
      <column>
        <label>LAST_UPDATE_USER</label>
        <tableName>XVEHICLEADDRESS</tableName>
        <jdbcType>VARCHAR</jdbcType>
        <precision>20</precision>
      </column>
      <column>
        <label>LAST_UPDATE_TX_ID</label>
        <tableName>XVEHICLEADDRESS</tableName>
        <jdbcType>BIGINT</jdbcType>
        <precision>19</precision>
      </column>
    </columns>
  </statement>
</metadata>
